data-ff-page	1511	apps/web/app/_quarantine/ui-core-final-blockers-20260523024222/apps/web/app/static/css/campaign.public.css,apps/web/app/_quarantine/ui-core-safe-20260523021333/apps/web/app/static/css/campaign.bundle.css,apps/web/app/_quarantine/ui-core-safe-20260523021333/apps/web/app/static/css/login.bundle.css,apps/web/app/_quarantine/ui-core-safe-20260523021333/apps/web/app/static/css/onboarding.bundle.css,apps/web/app/_quarantine/ui-core-safe-20260523021333/apps/web/app/templates/_base/platform_base.html,apps/web/app/static/css/campaign.css,apps/web/app/static/css/ff.css,apps/web/app/static/css/onboarding.css,apps/web/app/templates/_base/campaign_base.html,apps/web/app/templates/_base/site_base.html
data-ff-surface	659	apps/web/app/_quarantine/ui-core-safe-20260523021333/apps/web/app/static/css/campaign.bundle.css,apps/web/app/_quarantine/ui-core-safe-20260523021333/apps/web/app/static/css/login.bundle.css,apps/web/app/_quarantine/ui-core-safe-20260523021333/apps/web/app/static/css/onboarding.bundle.css,apps/web/app/static/css/ff.css,apps/web/app/templates/_base/campaign_base.html,apps/web/app/templates/campaign/index.html,apps/web/app/templates/platform/dashboard.html,apps/web/app/templates/platform/dashboard_locked.html,apps/web/app/templates/platform/index.html,apps/web/app/templates/platform/login.html
data-ff-mode	352	apps/web/app/_quarantine/ui-core-safe-20260523021333/apps/web/app/static/css/campaign.bundle.css,apps/web/app/_quarantine/ui-core-safe-20260523021333/apps/web/app/static/css/login.bundle.css,apps/web/app/_quarantine/ui-core-safe-20260523021333/apps/web/app/static/css/onboarding.bundle.css,apps/web/app/templates/campaign/index.html
data-ff-checkout-state	324	apps/web/app/_quarantine/ui-core-safe-20260523021333/apps/web/app/static/css/campaign.bundle.css,apps/web/app/_quarantine/ui-core-safe-20260523021333/apps/web/app/static/css/login.bundle.css,apps/web/app/_quarantine/ui-core-safe-20260523021333/apps/web/app/static/css/onboarding.bundle.css,apps/web/app/static/css/campaign.css,apps/web/app/static/js/ff-campaign-enterprise-contract.js,apps/web/app/static/js/ff-checkout-direct.js,apps/web/app/templates/_base/campaign_base.html,apps/web/app/templates/campaign/index.html,scripts/campaign-payment-smoke-safe.mjs,scripts/release/_quarantine/ff_campaign_enterprise_closeout_gate.flaky-20260528002015.mjs
data-ff-open-checkout	208	apps/web/app/_quarantine/ui-core-safe-20260523021333/apps/web/app/static/css/campaign.bundle.css,apps/web/app/_quarantine/ui-core-safe-20260523021333/apps/web/app/static/css/login.bundle.css,apps/web/app/_quarantine/ui-core-safe-20260523021333/apps/web/app/static/css/onboarding.bundle.css,apps/web/app/_quarantine/ui-core-safe-20260523021333/apps/web/app/static/js/ff-analytics.js,apps/web/app/_quarantine/ui-core-safe-20260523021333/apps/web/app/static/js/ff-campaign-amount-guard.js,apps/web/app/_quarantine/ui-core-safe-20260523021333/apps/web/app/static/js/ff-campaign-flagship-enhance.js,apps/web/app/_quarantine/ui-core-safe-20260523021333/apps/web/app/static/js/ff-campaign-launch-guard-v2.js,apps/web/app/_quarantine/ui-core-safe-20260523021333/apps/web/app/static/js/ff-cinematic.js,apps/web/app/_quarantine/ui-core-safe-20260523021333/apps/web/app/templates/_partials/ff_mobile_donate_dock.html,apps/web/app/_quarantine/ui-core-safe-20260523021333/apps/web/app/templates/campaign/_campaign_hero.html
data-ff-progress-bucket	205	apps/web/app/_quarantine/ui-core-safe-20260523021333/apps/web/app/static/css/onboarding.bundle.css,apps/web/app/static/js/ff-launch-completion.js
data-ff-system-loop	195	apps/web/app/_quarantine/ui-core-safe-20260523021333/apps/web/app/static/css/campaign.bundle.css,apps/web/app/_quarantine/ui-core-safe-20260523021333/apps/web/app/static/css/login.bundle.css,apps/web/app/_quarantine/ui-core-safe-20260523021333/apps/web/app/static/css/onboarding.bundle.css,apps/web/app/static/css/ff.css,apps/web/app/templates/campaign/index.html,apps/web/app/templates/platform/dashboard.html,apps/web/app/templates/platform/dashboard_locked.html,scripts/audit/ff_premium_demo_readiness_audit.mjs
data-ff-dashboard-main-layout	142	apps/web/app/_quarantine/ui-core-safe-20260523021333/apps/web/app/static/css/campaign.bundle.css,apps/web/app/_quarantine/ui-core-safe-20260523021333/apps/web/app/static/css/login.bundle.css,apps/web/app/_quarantine/ui-core-safe-20260523021333/apps/web/app/static/css/onboarding.bundle.css,apps/web/app/templates/platform/dashboard.html
data-ff-open-sponsor	141	apps/web/app/_quarantine/ui-core-safe-20260523021333/apps/web/app/static/css/campaign.bundle.css,apps/web/app/_quarantine/ui-core-safe-20260523021333/apps/web/app/static/css/login.bundle.css,apps/web/app/_quarantine/ui-core-safe-20260523021333/apps/web/app/static/css/onboarding.bundle.css,apps/web/app/_quarantine/ui-core-safe-20260523021333/apps/web/app/static/js/ff-analytics.js,apps/web/app/_quarantine/ui-core-safe-20260523021333/apps/web/app/static/js/ff-campaign-amount-guard.js,apps/web/app/_quarantine/ui-core-safe-20260523021333/apps/web/app/static/js/ff-campaign-flagship-enhance.js,apps/web/app/_quarantine/ui-core-safe-20260523021333/apps/web/app/static/js/ff-campaign-launch-guard-v2.js,apps/web/app/_quarantine/ui-core-safe-20260523021333/apps/web/app/static/js/ff-cinematic.js,apps/web/app/_quarantine/ui-core-safe-20260523021333/apps/web/app/templates/_partials/ff_mobile_donate_dock.html,apps/web/app/_quarantine/ui-core-safe-20260523021333/apps/web/app/templates/campaign/_campaign_hero.html
data-ff-progress-bar	133	apps/web/app/_quarantine/ui-core-safe-20260523021333/apps/web/app/static/css/campaign.bundle.css,apps/web/app/_quarantine/ui-core-safe-20260523021333/apps/web/app/static/css/login.bundle.css,apps/web/app/_quarantine/ui-core-safe-20260523021333/apps/web/app/static/css/onboarding.bundle.css,apps/web/app/static/css/campaign.css,apps/web/app/static/css/ff.css,apps/web/app/templates/campaign/index.html,apps/web/app/templates/platform/dashboard.html
data-ff-dashboard-layout	130	apps/web/app/_quarantine/ui-core-safe-20260523021333/apps/web/app/static/css/campaign.bundle.css,apps/web/app/_quarantine/ui-core-safe-20260523021333/apps/web/app/static/css/login.bundle.css,apps/web/app/_quarantine/ui-core-safe-20260523021333/apps/web/app/static/css/onboarding.bundle.css,apps/web/app/templates/platform/dashboard.html
data-ff-page-root	122	apps/web/app/_quarantine/ui-core-safe-20260523021333/apps/web/app/static/css/campaign.bundle.css,apps/web/app/_quarantine/ui-core-safe-20260523021333/apps/web/app/static/css/login.bundle.css,apps/web/app/_quarantine/ui-core-safe-20260523021333/apps/web/app/static/css/onboarding.bundle.css,apps/web/app/_quarantine/ui-core-safe-20260523021333/apps/web/app/static/js/ff-campaign-enterprise.js,apps/web/app/_quarantine/ui-core-safe-20260523021333/apps/web/app/static/js/ff-campaign-flagship-enhance.js,apps/web/app/_quarantine/ui-core-safe-20260523021333/apps/web/app/static/js/ff-campaign-live-fomo.js,apps/web/app/static/css/campaign.css,apps/web/app/static/css/ff.css,apps/web/app/templates/campaign/index.html,apps/web/app/templates/platform/index.html
data-ff-progress-value	119	apps/web/app/static/css/campaign.css,apps/web/app/static/css/ff.css,apps/web/app/static/js/ff-launch-completion.js,apps/web/app/templates/campaign/index.html,apps/web/app/templates/platform/dashboard.html
data-ff-header	95	apps/web/app/_quarantine/ui-core-safe-20260523021333/apps/web/app/static/css/campaign.bundle.css,apps/web/app/_quarantine/ui-core-safe-20260523021333/apps/web/app/static/css/login.bundle.css,apps/web/app/_quarantine/ui-core-safe-20260523021333/apps/web/app/static/css/onboarding.bundle.css,apps/web/app/_quarantine/ui-core-safe-20260523021333/apps/web/app/templates/_partials/ff_site_header.html,apps/web/app/static/css/campaign.css,apps/web/app/static/css/ff.css,apps/web/app/templates/_partials/ff_shell_header.html,scripts/audit/demo-hardening.mjs,scripts/audit/ff_campaign_paint_rhythm_audit.mjs,scripts/audit/ff_header_clip_audit.mjs
data-ff-donate-trigger	91	apps/web/app/_quarantine/ui-core-safe-20260523021333/apps/web/app/static/css/campaign.bundle.css,apps/web/app/_quarantine/ui-core-safe-20260523021333/apps/web/app/static/css/login.bundle.css,apps/web/app/_quarantine/ui-core-safe-20260523021333/apps/web/app/static/css/onboarding.bundle.css,apps/web/app/_quarantine/ui-core-safe-20260523021333/apps/web/app/static/js/ff-analytics.js,apps/web/app/_quarantine/ui-core-safe-20260523021333/apps/web/app/static/js/ff-cinematic.js,apps/web/app/_quarantine/ui-core-safe-20260523021333/apps/web/app/templates/_partials/ff_mobile_donate_dock.html,apps/web/app/static/css/campaign.css,apps/web/app/static/js/ff-campaign-enterprise-contract.js,apps/web/app/static/js/ff-campaign.js,apps/web/app/templates/_base/campaign_base.html
data-ff-amount	91	apps/web/app/_quarantine/ui-core-final-blockers-20260523024222/apps/web/app/static/css/campaign.public.css,apps/web/app/_quarantine/ui-core-safe-20260523021333/apps/web/app/static/css/campaign.bundle.css,apps/web/app/_quarantine/ui-core-safe-20260523021333/apps/web/app/static/js/ff-campaign-actions-v1.js,apps/web/app/_quarantine/ui-core-safe-20260523021333/apps/web/app/static/js/ff-campaign-amount-guard.js,apps/web/app/_quarantine/ui-core-safe-20260523021333/apps/web/app/static/js/ff-campaign-flagship-enhance.js,apps/web/app/_quarantine/ui-core-safe-20260523021333/apps/web/app/static/js/ff-campaign-launch-guard-v2.js,apps/web/app/_quarantine/ui-core-safe-20260523021333/apps/web/app/static/js/ff-donation-modal-v2.js,apps/web/app/_quarantine/ui-core-safe-20260523021333/apps/web/app/static/js/islands/donate.js,apps/web/app/_quarantine/ui-core-safe-20260523021333/apps/web/app/templates/campaign/_campaign_hero.html,apps/web/app/_quarantine/ui-core-safe-20260523021333/apps/web/app/templates/campaign/_campaign_story.html
data-ff-home-root	80	apps/web/app/_quarantine/ui-core-safe-20260523021333/apps/web/app/static/css/campaign.bundle.css,apps/web/app/_quarantine/ui-core-safe-20260523021333/apps/web/app/static/css/login.bundle.css,apps/web/app/_quarantine/ui-core-safe-20260523021333/apps/web/app/static/css/onboarding.bundle.css,apps/web/app/_quarantine/ui-core-safe-20260523021333/apps/web/app/static/js/ff-analytics.js,apps/web/app/static/css/ff.css,apps/web/app/templates/platform/index.html,scripts/audit/demo-hardening.mjs,scripts/audit/ff_homepage_contract_audit.mjs,scripts/capture-homepage-screenshot.mjs,scripts/capture_product_screenshots.mjs
data-ff-share-trigger	78	apps/web/app/_quarantine/ui-core-safe-20260523021333/apps/web/app/static/css/campaign.bundle.css,apps/web/app/_quarantine/ui-core-safe-20260523021333/apps/web/app/static/css/login.bundle.css,apps/web/app/_quarantine/ui-core-safe-20260523021333/apps/web/app/static/css/onboarding.bundle.css,apps/web/app/_quarantine/ui-core-safe-20260523021333/apps/web/app/static/js/ff-analytics.js,apps/web/app/_quarantine/ui-core-safe-20260523021333/apps/web/app/static/js/ff-cinematic.js,apps/web/app/_quarantine/ui-core-safe-20260523021333/apps/web/app/templates/_partials/ff_mobile_donate_dock.html,apps/web/app/static/css/campaign.css,apps/web/app/static/js/ff-campaign-enterprise-contract.js,apps/web/app/static/js/ff-campaign.js,apps/web/app/templates/_base/campaign_base.html
data-ff-payment-trigger	72	apps/web/app/_quarantine/ui-core-safe-20260523021333/apps/web/app/static/css/campaign.bundle.css,apps/web/app/_quarantine/ui-core-safe-20260523021333/apps/web/app/static/css/login.bundle.css,apps/web/app/_quarantine/ui-core-safe-20260523021333/apps/web/app/static/css/onboarding.bundle.css,apps/web/app/_quarantine/ui-core-safe-20260523021333/apps/web/app/static/js/ff-analytics.js,apps/web/app/_quarantine/ui-core-safe-20260523021333/apps/web/app/static/js/ff-cinematic.js,apps/web/app/static/css/campaign.css,apps/web/app/static/js/ff-campaign-enterprise-contract.js,apps/web/app/static/js/ff-campaign.js,apps/web/app/templates/_base/campaign_base.html,apps/web/app/templates/campaign/index.html
data-ff-onboard-root	71	apps/web/app/_quarantine/ui-core-final-blockers-20260523024222/apps/web/app/static/css/campaign.public.css,apps/web/app/_quarantine/ui-core-safe-20260523021333/apps/web/app/static/css/campaign.bundle.css,apps/web/app/_quarantine/ui-core-safe-20260523021333/apps/web/app/static/css/login.bundle.css,apps/web/app/_quarantine/ui-core-safe-20260523021333/apps/web/app/static/css/onboarding.bundle.css,apps/web/app/_quarantine/ui-core-safe-20260523021333/apps/web/app/static/js/islands/onboarding.js,apps/web/app/static/css/ff.css,apps/web/app/static/js/ff-launch-completion.js,apps/web/app/static/js/ff-onboarding.js,scripts/audit/ff_premium_demo_readiness_audit.mjs,scripts/audit/ff_surface_smoke_fast.mjs
data-ff-sponsor-trigger	67	apps/web/app/_quarantine/ui-core-safe-20260523021333/apps/web/app/static/css/campaign.bundle.css,apps/web/app/_quarantine/ui-core-safe-20260523021333/apps/web/app/static/css/login.bundle.css,apps/web/app/_quarantine/ui-core-safe-20260523021333/apps/web/app/static/css/onboarding.bundle.css,apps/web/app/_quarantine/ui-core-safe-20260523021333/apps/web/app/static/js/ff-analytics.js,apps/web/app/_quarantine/ui-core-safe-20260523021333/apps/web/app/static/js/ff-cinematic.js,apps/web/app/_quarantine/ui-core-safe-20260523021333/apps/web/app/templates/_partials/ff_mobile_donate_dock.html,apps/web/app/static/css/campaign.css,apps/web/app/static/js/ff-campaign-enterprise-contract.js,apps/web/app/static/js/ff-campaign.js,apps/web/app/templates/_base/campaign_base.html
data-ff-qr-trigger	64	apps/web/app/_quarantine/ui-core-safe-20260523021333/apps/web/app/static/css/campaign.bundle.css,apps/web/app/_quarantine/ui-core-safe-20260523021333/apps/web/app/static/css/login.bundle.css,apps/web/app/_quarantine/ui-core-safe-20260523021333/apps/web/app/static/css/onboarding.bundle.css,apps/web/app/_quarantine/ui-core-safe-20260523021333/apps/web/app/static/js/ff-analytics.js,apps/web/app/_quarantine/ui-core-safe-20260523021333/apps/web/app/static/js/ff-qr-modal.js,apps/web/app/_quarantine/ui-core-safe-20260523021333/apps/web/app/templates/_partials/ff_mobile_donate_dock.html,apps/web/app/static/css/campaign.css,apps/web/app/static/js/ff-campaign-enterprise-contract.js,apps/web/app/templates/_base/campaign_base.html,apps/web/app/templates/campaign/index.html
data-ff-dashboard-root	63	apps/web/app/_quarantine/ui-core-safe-20260523021333/apps/web/app/static/css/campaign.bundle.css,apps/web/app/_quarantine/ui-core-safe-20260523021333/apps/web/app/static/css/login.bundle.css,apps/web/app/_quarantine/ui-core-safe-20260523021333/apps/web/app/static/css/onboarding.bundle.css,apps/web/app/_quarantine/ui-core-safe-20260523021333/apps/web/app/static/js/ff-cinematic.js,apps/web/app/static/css/ff.css,apps/web/app/static/js/ff-operator-dashboard.js,apps/web/app/templates/platform/dashboard.html,scripts/release/ff_enterprise_launch_gate.mjs
data-ff-operator-root	61	apps/web/app/_quarantine/ui-core-safe-20260523021333/apps/web/app/static/js/ff-cinematic.js,apps/web/app/static/css/ff.css,apps/web/app/static/js/ff-operator-dashboard.js,apps/web/app/templates/platform/dashboard.html,scripts/audit/ff_premium_demo_readiness_audit.mjs,scripts/audit/platform-ops-hardening.mjs,scripts/capture_product_screenshots.mjs,scripts/qa_operator_dashboard_smoke.mjs,scripts/release/ff_enterprise_launch_gate.mjs,scripts/release/visual_ratchet_gate.mjs
data-ff-state	58	apps/web/app/static/css/campaign.css,apps/web/app/static/js/ff-campaign-enterprise-contract.js,apps/web/app/static/js/ff-campaign.js,apps/web/app/templates/_base/campaign_base.html,apps/web/app/templates/campaign/index.html,scripts/campaign-payment-smoke.mjs,scripts/release/_quarantine/ff_campaign_enterprise_closeout_gate.flaky-20260528002015.mjs,scripts/release/ff_visual_launch_gate.mjs
data-ff-campaign-compress	56	apps/web/app/_quarantine/ui-core-final-blockers-20260523024222/apps/web/app/static/css/campaign.public.css,apps/web/app/_quarantine/ui-core-safe-20260523021333/apps/web/app/static/css/campaign.bundle.css
data-ff-sponsor-modal	50	apps/web/app/_quarantine/ui-core-safe-20260523021333/apps/web/app/static/js/ff-campaign-amount-guard.js,apps/web/app/_quarantine/ui-core-safe-20260523021333/apps/web/app/static/js/ff-campaign-flagship-enhance.js,apps/web/app/_quarantine/ui-core-safe-20260523021333/apps/web/app/static/js/ff-campaign-launch-guard-v2.js,apps/web/app/static/js/ff-app.js,apps/web/app/static/js/ff-campaign-enterprise-contract.js,apps/web/app/static/js/ff-campaign.js,apps/web/app/static/js/ff-sponsor-modal-contract.js,apps/web/app/templates/_base/campaign_base.html,apps/web/app/templates/campaign/_modals.html,apps/web/app/templates/campaign/index.html
data-ff-sponsor-tier	46	apps/web/app/_quarantine/ui-core-safe-20260523021333/apps/web/app/static/css/campaign.bundle.css,apps/web/app/_quarantine/ui-core-safe-20260523021333/apps/web/app/static/css/login.bundle.css,apps/web/app/_quarantine/ui-core-safe-20260523021333/apps/web/app/static/css/onboarding.bundle.css,apps/web/app/_quarantine/ui-core-safe-20260523021333/apps/web/app/static/js/ff-campaign-amount-guard.js,apps/web/app/_quarantine/ui-core-safe-20260523021333/apps/web/app/static/js/ff-campaign-flagship-enhance.js,apps/web/app/_quarantine/ui-core-safe-20260523021333/apps/web/app/static/js/ff-campaign-launch-guard-v2.js,apps/web/app/_quarantine/ui-core-safe-20260523021333/apps/web/app/static/js/ff.sponsor-packages.js,apps/web/app/_quarantine/ui-core-safe-20260523021333/apps/web/app/static/js/islands/sponsor.js,apps/web/app/_quarantine/ui-core-safe-20260523021333/apps/web/app/templates/campaign/_campaign_sponsor.html,apps/web/app/_quarantine/ui-core-safe-20260523021333/apps/web/app/templates/campaign/deprecated/_sponsor_lane.html
data-ff-share	43	apps/web/app/_quarantine/ui-core-safe-20260523021333/apps/web/app/static/js/ff-campaign-launch-guard-v2.js,apps/web/app/_quarantine/ui-core-safe-20260523021333/apps/web/app/templates/campaign/_campaign_hero.html,apps/web/app/_quarantine/ui-core-safe-20260523021333/apps/web/app/templates/campaign/_campaign_trust_footer.html,apps/web/app/_quarantine/ui-core-safe-20260523021333/apps/web/app/templates/campaign/_checkout_sheet.html,apps/web/app/_quarantine/ui-core-safe-20260523021333/apps/web/app/templates/campaign/_hero.html,apps/web/app/_quarantine/ui-core-safe-20260523021333/apps/web/app/templates/campaign/deprecated/_chrome.html,apps/web/app/_quarantine/ui-core-safe-20260523021333/apps/web/app/templates/campaign/deprecated/_close_band.html,apps/web/app/_quarantine/ui-core-safe-20260523021333/apps/web/app/templates/campaign/deprecated/_distribution.html,apps/web/app/_quarantine/ui-core-safe-20260523021333/apps/web/app/templates/campaign/deprecated/_footer.html,apps/web/app/_quarantine/ui-core-safe-20260523021333/apps/web/app/templates/campaign/deprecated/_hero.html
data-ff-close-embedded-checkout	43	apps/web/app/_quarantine/ui-core-safe-20260523021333/apps/web/app/static/css/campaign.bundle.css,apps/web/app/_quarantine/ui-core-safe-20260523021333/apps/web/app/static/css/login.bundle.css,apps/web/app/_quarantine/ui-core-safe-20260523021333/apps/web/app/static/css/onboarding.bundle.css,apps/web/app/static/js/ff-campaign-enterprise-contract.js,apps/web/app/templates/_base/campaign_base.html,apps/web/app/templates/campaign/index.html,scripts/campaign-payment-smoke.mjs
data-ff-checkout-sheet	39	apps/web/app/_quarantine/ui-core-safe-20260523021333/apps/web/app/static/js/ff-campaign-amount-guard.js,apps/web/app/_quarantine/ui-core-safe-20260523021333/apps/web/app/static/js/ff-campaign-flagship-enhance.js,apps/web/app/_quarantine/ui-core-safe-20260523021333/apps/web/app/static/js/ff-campaign-launch-guard-v2.js,apps/web/app/_quarantine/ui-core-safe-20260523021333/apps/web/app/templates/campaign/_checkout_sheet.html,apps/web/app/static/css/campaign.css,apps/web/app/static/js/ff-app.js,apps/web/app/static/js/ff-campaign-enterprise-contract.js,apps/web/app/static/js/ff-sponsor-modal-contract.js,apps/web/app/templates/_base/campaign_base.html,apps/web/app/templates/campaign/index.html
data-ff-dashboard-locked	39	apps/web/app/_quarantine/ui-core-safe-20260523021333/apps/web/app/static/css/campaign.bundle.css,apps/web/app/_quarantine/ui-core-safe-20260523021333/apps/web/app/static/css/login.bundle.css,apps/web/app/_quarantine/ui-core-safe-20260523021333/apps/web/app/static/css/onboarding.bundle.css,apps/web/app/static/css/ff.css,scripts/release/ff_enterprise_launch_gate.mjs
data-ff-platform-hero	39	apps/web/app/_quarantine/ui-core-safe-20260523021333/apps/web/app/static/css/campaign.bundle.css,apps/web/app/_quarantine/ui-core-safe-20260523021333/apps/web/app/static/css/login.bundle.css,apps/web/app/_quarantine/ui-core-safe-20260523021333/apps/web/app/static/css/onboarding.bundle.css
data-ff-login-root	38	apps/web/app/static/css/ff.css,apps/web/app/static/js/ff-login.js,apps/web/app/static/js/login.js,apps/web/app/templates/platform/login.html,scripts/audit/ff_login_runtime_contract.mjs,scripts/audit/ff_visual_surface_board.mjs,scripts/capture_product_screenshots.mjs,scripts/hoi/hoi_9i_login_proof.mjs,scripts/test_product_functionality.mjs
data-ff-sponsor-package	35	apps/web/app/_quarantine/ui-core-safe-20260523021333/apps/web/app/static/css/campaign.bundle.css,apps/web/app/_quarantine/ui-core-safe-20260523021333/apps/web/app/static/css/login.bundle.css,apps/web/app/_quarantine/ui-core-safe-20260523021333/apps/web/app/static/css/onboarding.bundle.css,apps/web/app/_quarantine/ui-core-safe-20260523021333/apps/web/app/static/js/ff-analytics.js,apps/web/app/_quarantine/ui-core-safe-20260523021333/apps/web/app/static/js/ff-campaign-amount-guard.js,apps/web/app/_quarantine/ui-core-safe-20260523021333/apps/web/app/static/js/ff-campaign-flagship-enhance.js,apps/web/app/_quarantine/ui-core-safe-20260523021333/apps/web/app/static/js/ff.sponsor-packages.js,apps/web/app/static/css/campaign.css,apps/web/app/static/js/ff-campaign-enterprise-contract.js,apps/web/app/templates/campaign/index.html
data-ff-onboard-missing	34	apps/web/app/_quarantine/ui-core-safe-20260523021333/apps/web/app/static/css/campaign.bundle.css,apps/web/app/_quarantine/ui-core-safe-20260523021333/apps/web/app/static/css/login.bundle.css,apps/web/app/_quarantine/ui-core-safe-20260523021333/apps/web/app/static/css/onboarding.bundle.css,apps/web/app/_quarantine/ui-core-safe-20260523021333/apps/web/app/static/js/islands/onboarding.js
data-ff-campaign-hero	33	apps/web/app/_quarantine/ui-core-final-blockers-20260523024222/apps/web/app/static/css/campaign.public.css,apps/web/app/_quarantine/ui-core-safe-20260523021333/apps/web/app/static/css/campaign.bundle.css,apps/web/app/_quarantine/ui-core-safe-20260523021333/apps/web/app/static/css/login.bundle.css,apps/web/app/_quarantine/ui-core-safe-20260523021333/apps/web/app/static/css/onboarding.bundle.css,apps/web/app/templates/campaign/index.html,scripts/audit/ff_campaign_paint_rhythm_audit.mjs,scripts/release/_quarantine/ff_campaign_enterprise_closeout_gate.flaky-20260528002015.mjs
data-ff-embedded-checkout-shell	31	apps/web/app/_quarantine/ui-core-safe-20260523021333/apps/web/app/static/css/campaign.bundle.css,apps/web/app/_quarantine/ui-core-safe-20260523021333/apps/web/app/static/css/login.bundle.css,apps/web/app/_quarantine/ui-core-safe-20260523021333/apps/web/app/static/css/onboarding.bundle.css,apps/web/app/static/css/campaign.css,apps/web/app/static/js/ff-campaign-enterprise-contract.js,apps/web/app/static/js/ff-checkout-direct.js,apps/web/app/templates/_base/campaign_base.html,apps/web/app/templates/campaign/index.html,scripts/audit/demo-hardening.mjs,scripts/audit/ff_campaign_checkout_csp_trace.mjs
data-ff-login-card	29	apps/web/app/_quarantine/ui-core-safe-20260523021333/apps/web/app/static/css/campaign.bundle.css,apps/web/app/_quarantine/ui-core-safe-20260523021333/apps/web/app/static/css/login.bundle.css,apps/web/app/_quarantine/ui-core-safe-20260523021333/apps/web/app/static/css/onboarding.bundle.css,apps/web/app/templates/platform/login.html,scripts/audit/ff_login_runtime_contract.mjs
data-ff-qr-modal	29	apps/web/app/_quarantine/ui-core-safe-20260523021333/apps/web/app/static/js/ff-qr-modal.js,apps/web/app/static/css/campaign.css,apps/web/app/static/js/ff-campaign-enterprise-contract.js,apps/web/app/static/js/ff-campaign.js,apps/web/app/templates/_base/campaign_base.html,apps/web/app/templates/campaign/index.html,scripts/audit/ff_post_action_trust_audit.mjs,scripts/audit/ff_share_qr_dom_probe.mjs,scripts/campaign-payment-smoke-safe.mjs,scripts/campaign-payment-smoke.mjs
data-ff-checkout-modal	28	apps/web/app/_quarantine/ui-core-final-blockers-20260523024222/apps/web/app/static/css/campaign.public.css,apps/web/app/_quarantine/ui-core-safe-20260523021333/apps/web/app/static/css/campaign.bundle.css,apps/web/app/_quarantine/ui-core-safe-20260523021333/apps/web/app/static/js/ff-campaign-amount-guard.js,apps/web/app/static/css/campaign.css,apps/web/app/static/js/ff-campaign-enterprise-contract.js,apps/web/app/static/js/ff-campaign.js,apps/web/app/static/js/ff-sponsor-modal-contract.js,apps/web/app/templates/_base/campaign_base.html,apps/web/app/templates/campaign/index.html,scripts/campaign-payment-smoke-safe.mjs
data-ff-brand-preset	28	apps/web/app/static/css/campaign.css,apps/web/app/static/css/ff.css,apps/web/app/static/js/ff-onboarding.js,scripts/hoi/hoi_6i_brand_kit_contract_proof.mjs
data-ff-donate	27	apps/web/app/_quarantine/ui-core-safe-20260523021333/apps/web/app/static/js/ff-campaign-amount-guard.js,apps/web/app/_quarantine/ui-core-safe-20260523021333/apps/web/app/static/js/ff-campaign-launch-guard-v2.js,apps/web/app/_quarantine/ui-core-safe-20260523021333/apps/web/app/templates/campaign/_campaign_hero.html,apps/web/app/_quarantine/ui-core-safe-20260523021333/apps/web/app/templates/campaign/_campaign_story.html,apps/web/app/_quarantine/ui-core-safe-20260523021333/apps/web/app/templates/campaign/_campaign_trust_footer.html,apps/web/app/_quarantine/ui-core-safe-20260523021333/apps/web/app/templates/campaign/_hero.html,apps/web/app/_quarantine/ui-core-safe-20260523021333/apps/web/app/templates/campaign/deprecated/_chrome.html,apps/web/app/_quarantine/ui-core-safe-20260523021333/apps/web/app/templates/campaign/deprecated/_close_band.html,apps/web/app/_quarantine/ui-core-safe-20260523021333/apps/web/app/templates/campaign/deprecated/_donate_panel.html,apps/web/app/_quarantine/ui-core-safe-20260523021333/apps/web/app/templates/campaign/deprecated/_footer.html
data-ff-card	27	apps/web/app/_quarantine/ui-core-safe-20260523021333/apps/web/app/static/css/campaign.bundle.css,apps/web/app/_quarantine/ui-core-safe-20260523021333/apps/web/app/static/css/login.bundle.css,apps/web/app/_quarantine/ui-core-safe-20260523021333/apps/web/app/static/css/onboarding.bundle.css,apps/web/app/_quarantine/ui-core-safe-20260523021333/apps/web/app/static/js/ff-cinematic.js,apps/web/app/static/css/ff.css
data-ff-copy-share-url	26	apps/web/app/_quarantine/ui-core-safe-20260523021333/apps/web/app/static/js/ff-analytics.js,apps/web/app/_quarantine/ui-core-safe-20260523021333/apps/web/app/static/js/ff-campaign-flagship-enhance.js,apps/web/app/_quarantine/ui-core-safe-20260523021333/apps/web/app/static/js/ff-campaign-launch-guard-v2.js,apps/web/app/_quarantine/ui-core-safe-20260523021333/apps/web/app/templates/campaign/_campaign_trust_footer.html,apps/web/app/_quarantine/ui-core-safe-20260523021333/apps/web/app/templates/campaign/_hero.html,apps/web/app/_quarantine/ui-core-safe-20260523021333/apps/web/app/templates/campaign/deprecated/_distribution.html,apps/web/app/_quarantine/ui-core-safe-20260523021333/apps/web/app/templates/campaign/deprecated/_hero.html,apps/web/app/templates/_base/campaign_base.html,apps/web/app/templates/campaign/index.html,scripts/audit/ff_campaign_conversion_contract_audit.mjs
data-ff-start-embedded-checkout	26	apps/web/app/_quarantine/ui-core-safe-20260523021333/apps/web/app/static/css/campaign.bundle.css,apps/web/app/_quarantine/ui-core-safe-20260523021333/apps/web/app/static/css/login.bundle.css,apps/web/app/_quarantine/ui-core-safe-20260523021333/apps/web/app/static/css/onboarding.bundle.css,apps/web/app/static/js/ff-campaign-enterprise-contract.js,apps/web/app/static/js/ff-checkout-direct.js,apps/web/app/templates/_base/campaign_base.html,apps/web/app/templates/campaign/index.html,scripts/audit/ff_checkout_continue_ux_audit.mjs,scripts/campaign-payment-smoke-safe.mjs,scripts/verify-campaign-payments.mjs
data-ff-share-drawer	25	apps/web/app/static/css/campaign.css,apps/web/app/static/js/ff-campaign-enterprise-contract.js,apps/web/app/static/js/ff-campaign.js,apps/web/app/templates/_base/campaign_base.html,apps/web/app/templates/campaign/index.html,scripts/audit/ff_post_action_trust_audit.mjs,scripts/audit/ff_share_qr_dom_probe.mjs,scripts/campaign-payment-smoke.mjs,scripts/release/ff_enterprise_launch_gate.mjs,scripts/release/ff_visual_launch_gate.mjs
data-ff-embedded-checkout-status	25	apps/web/app/_quarantine/ui-core-safe-20260523021333/apps/web/app/static/css/campaign.bundle.css,apps/web/app/_quarantine/ui-core-safe-20260523021333/apps/web/app/static/css/login.bundle.css,apps/web/app/_quarantine/ui-core-safe-20260523021333/apps/web/app/static/css/onboarding.bundle.css,apps/web/app/templates/campaign/index.html
data-ff-cta-role	24	apps/web/app/_quarantine/ui-core-safe-20260523021333/apps/web/app/static/css/campaign.bundle.css,apps/web/app/_quarantine/ui-core-safe-20260523021333/apps/web/app/static/css/login.bundle.css,apps/web/app/_quarantine/ui-core-safe-20260523021333/apps/web/app/static/css/onboarding.bundle.css
data-ff-onboard-missing-list	24	apps/web/app/_quarantine/ui-core-safe-20260523021333/apps/web/app/static/css/campaign.bundle.css,apps/web/app/_quarantine/ui-core-safe-20260523021333/apps/web/app/static/css/login.bundle.css,apps/web/app/_quarantine/ui-core-safe-20260523021333/apps/web/app/static/css/onboarding.bundle.css
data-ff-donation-amount	23	apps/web/app/_quarantine/ui-core-final-blockers-20260523024222/apps/web/app/static/css/campaign.public.css,apps/web/app/_quarantine/ui-core-safe-20260523021333/apps/web/app/static/css/campaign.bundle.css,apps/web/app/_quarantine/ui-core-safe-20260523021333/apps/web/app/static/js/ff-analytics.js,apps/web/app/static/css/campaign.css,apps/web/app/static/js/ff-campaign-enterprise-contract.js,apps/web/app/static/js/ff-checkout-direct.js,apps/web/app/templates/campaign/index.html,scripts/campaign-payment-smoke-safe.mjs,scripts/campaign-payment-smoke.mjs,scripts/release/verify-conversion-behavior.mjs
data-ff-home-header	23	apps/web/app/_quarantine/ui-core-safe-20260523021333/apps/web/app/static/css/campaign.bundle.css,apps/web/app/_quarantine/ui-core-safe-20260523021333/apps/web/app/static/css/login.bundle.css,apps/web/app/_quarantine/ui-core-safe-20260523021333/apps/web/app/static/css/onboarding.bundle.css,scripts/launch/ff_full_suite_preflight.mjs,scripts/verify-homepage-launch.mjs,scripts/verify-homepage-surface.mjs
data-ff-surface-root	21	apps/web/app/_quarantine/ui-core-safe-20260523021333/apps/web/app/static/css/campaign.bundle.css,apps/web/app/_quarantine/ui-core-safe-20260523021333/apps/web/app/static/css/login.bundle.css,apps/web/app/_quarantine/ui-core-safe-20260523021333/apps/web/app/static/css/onboarding.bundle.css,apps/web/app/templates/campaign/index.html,apps/web/app/templates/platform/dashboard.html,scripts/audit/ff_onboarding_runtime_contract.mjs
data-ff-donate-submit	21	apps/web/app/_quarantine/ui-core-safe-20260523021333/apps/web/app/static/css/campaign.bundle.css,apps/web/app/_quarantine/ui-core-safe-20260523021333/apps/web/app/static/css/login.bundle.css,apps/web/app/_quarantine/ui-core-safe-20260523021333/apps/web/app/static/css/onboarding.bundle.css,apps/web/app/static/css/campaign.css,apps/web/app/static/js/ff-campaign-enterprise-contract.js,apps/web/app/templates/_base/campaign_base.html,apps/web/app/templates/campaign/index.html,scripts/audit/ff_functional_button_contracts.mjs,scripts/campaign-payment-smoke.mjs
data-ff-section	21	apps/web/app/_quarantine/ui-core-safe-20260523021333/apps/web/app/static/css/campaign.bundle.css,apps/web/app/_quarantine/ui-core-safe-20260523021333/apps/web/app/static/css/login.bundle.css,apps/web/app/_quarantine/ui-core-safe-20260523021333/apps/web/app/static/css/onboarding.bundle.css,apps/web/app/_quarantine/ui-core-safe-20260523021333/apps/web/app/templates/campaign/_campaign_hero.html,apps/web/app/_quarantine/ui-core-safe-20260523021333/apps/web/app/templates/campaign/_hero.html,apps/web/app/_quarantine/ui-core-safe-20260523021333/apps/web/app/templates/campaign/deprecated/_hero.html,apps/web/app/_quarantine/ui-core-safe-20260523021333/apps/web/app/templates/campaign/deprecated/_teams.html,scripts/capture-campaign-screenshot.mjs,scripts/qa_campaign_flagship_smoke.mjs
data-ff-donation-modal	20	apps/web/app/_quarantine/ui-core-safe-20260523021333/apps/web/app/static/js/ff-campaign-amount-guard.js,apps/web/app/static/css/campaign.css,apps/web/app/static/js/ff-campaign-enterprise-contract.js,apps/web/app/templates/campaign/index.html,scripts/audit/ff_campaign_conversion_contract_audit.mjs,scripts/campaign-payment-smoke.mjs,scripts/capture-campaign-modals.mjs,scripts/verify-campaign-modals.mjs,scripts/verify-campaign-payments.mjs
data-ff-reveal	18	apps/web/app/_quarantine/ui-core-safe-20260523021333/apps/web/app/static/css/campaign.bundle.css,apps/web/app/_quarantine/ui-core-safe-20260523021333/apps/web/app/static/css/login.bundle.css,apps/web/app/_quarantine/ui-core-safe-20260523021333/apps/web/app/static/css/onboarding.bundle.css,apps/web/app/_quarantine/ui-core-safe-20260523021333/apps/web/app/static/js/ff-homepage-executive.js,apps/web/app/static/js/ff-campaign.js,apps/web/app/templates/campaign/index.html,apps/web/app/templates/platform/index.html,scripts/audit/_quarantine/ff_capture_ui_boards.mjs,scripts/audit/ff_idle_surface_audit.mjs
data-ff-sponsor-close	18	apps/web/app/_quarantine/ui-core-safe-20260523021333/apps/web/app/static/js/ff-campaign-flagship-enhance.js,apps/web/app/static/css/ff.css,apps/web/app/static/js/ff-campaign-enterprise-contract.js,apps/web/app/templates/_base/campaign_base.html,apps/web/app/templates/campaign/index.html,scripts/campaign-payment-smoke.mjs
data-ff-operator-locked	18	apps/web/app/static/css/ff.css
data-ff-protected-root	18	apps/web/app/static/css/ff.css
data-ff-panel	18	apps/web/app/_quarantine/ui-core-safe-20260523021333/apps/web/app/static/css/campaign.bundle.css,apps/web/app/_quarantine/ui-core-safe-20260523021333/apps/web/app/static/css/login.bundle.css,apps/web/app/_quarantine/ui-core-safe-20260523021333/apps/web/app/static/css/onboarding.bundle.css,apps/web/app/_quarantine/ui-core-safe-20260523021333/apps/web/app/static/js/islands/faq.js,apps/web/app/static/js/ff-app.js
data-ff-checkout-amount	17	apps/web/app/static/css/campaign.css,apps/web/app/static/js/ff-campaign-enterprise-contract.js,apps/web/app/static/js/ff-checkout-direct.js,apps/web/app/templates/campaign/index.html,scripts/campaign-payment-smoke.mjs,scripts/release/_quarantine/ff_campaign_enterprise_closeout_gate.flaky-20260528002015.mjs,scripts/verify-campaign-payments.mjs
data-ff-header-actions	17	apps/web/app/_quarantine/ui-core-safe-20260523021333/apps/web/app/static/css/campaign.bundle.css,apps/web/app/_quarantine/ui-core-safe-20260523021333/apps/web/app/static/css/login.bundle.css,apps/web/app/_quarantine/ui-core-safe-20260523021333/apps/web/app/static/css/onboarding.bundle.css,apps/web/app/_quarantine/ui-core-safe-20260523021333/apps/web/app/templates/_partials/ff_site_header.html,apps/web/app/templates/_partials/ff_shell_header.html
data-ff-close-checkout	16	apps/web/app/_quarantine/ui-core-safe-20260523021333/apps/web/app/static/js/ff-campaign-amount-guard.js,apps/web/app/_quarantine/ui-core-safe-20260523021333/apps/web/app/static/js/ff-campaign-flagship-enhance.js,apps/web/app/_quarantine/ui-core-safe-20260523021333/apps/web/app/static/js/ff-campaign-launch-guard-v2.js,apps/web/app/_quarantine/ui-core-safe-20260523021333/apps/web/app/templates/campaign/_checkout_sheet.html,apps/web/app/static/js/ff-app.js,apps/web/app/static/js/ff-campaign-enterprise-contract.js,apps/web/app/templates/_base/campaign_base.html,apps/web/app/templates/campaign/index.html,qa_campaign_playwright.mjs,scripts/campaign-payment-smoke.mjs
data-ff-amount-input	16	apps/web/app/_quarantine/ui-core-safe-20260523021333/apps/web/app/static/js/ff-campaign-actions-v1.js,apps/web/app/_quarantine/ui-core-safe-20260523021333/apps/web/app/static/js/ff-campaign-amount-guard.js,apps/web/app/_quarantine/ui-core-safe-20260523021333/apps/web/app/static/js/ff-campaign-flagship-enhance.js,apps/web/app/_quarantine/ui-core-safe-20260523021333/apps/web/app/static/js/ff-campaign-launch-guard-v2.js,apps/web/app/_quarantine/ui-core-safe-20260523021333/apps/web/app/static/js/ff-donation-modal-v2.js,apps/web/app/_quarantine/ui-core-safe-20260523021333/apps/web/app/templates/campaign/_checkout_sheet.html,apps/web/app/static/js/ff-app.js,apps/web/app/templates/_base/campaign_base.html,qa_campaign_playwright.mjs,scripts/qa_campaign_flagship_smoke.mjs
data-ff-header-brand	16	apps/web/app/_quarantine/ui-core-safe-20260523021333/apps/web/app/templates/_partials/ff_site_header.html,apps/web/app/static/css/ff.css,apps/web/app/templates/_partials/ff_shell_header.html
data-ff-tab	16	apps/web/app/_quarantine/ui-core-safe-20260523021333/apps/web/app/static/js/islands/faq.js,apps/web/app/static/js/ff-app.js
data-ff-sponsor-cta	15	apps/web/app/_quarantine/ui-core-safe-20260523021333/apps/web/app/static/js/ff-analytics.js,apps/web/app/static/js/ff-campaign-enterprise-contract.js,apps/web/app/templates/_base/campaign_base.html,apps/web/app/templates/campaign/index.html,scripts/campaign-payment-smoke.mjs,scripts/launch/ff_full_suite_preflight.mjs,scripts/release/verify-analytics-events.mjs,scripts/release/verify-conversion-behavior.mjs,scripts/release/visual_ratchet_gate.mjs,scripts/verify-campaign-launch.mjs
data-ff-section-intro	15	apps/web/app/_quarantine/ui-core-safe-20260523021333/apps/web/app/static/css/campaign.bundle.css,apps/web/app/_quarantine/ui-core-safe-20260523021333/apps/web/app/static/css/login.bundle.css,apps/web/app/_quarantine/ui-core-safe-20260523021333/apps/web/app/static/css/onboarding.bundle.css
data-ff-close-sponsor	14	apps/web/app/_quarantine/ui-core-safe-20260523021333/apps/web/app/static/js/ff-campaign-amount-guard.js,apps/web/app/_quarantine/ui-core-safe-20260523021333/apps/web/app/static/js/ff-campaign-flagship-enhance.js,apps/web/app/_quarantine/ui-core-safe-20260523021333/apps/web/app/static/js/ff-campaign-launch-guard-v2.js,apps/web/app/static/js/ff-app.js,apps/web/app/static/js/ff-campaign-enterprise-contract.js,apps/web/app/static/js/ff-campaign.js,apps/web/app/templates/_base/campaign_base.html,apps/web/app/templates/campaign/_modals.html,apps/web/app/templates/campaign/index.html,qa_campaign_playwright.mjs
data-ff-sponsor-form	14	apps/web/app/_quarantine/ui-core-safe-20260523021333/apps/web/app/static/css/campaign.bundle.css,apps/web/app/_quarantine/ui-core-safe-20260523021333/apps/web/app/static/css/login.bundle.css,apps/web/app/_quarantine/ui-core-safe-20260523021333/apps/web/app/static/css/onboarding.bundle.css,apps/web/app/_quarantine/ui-core-safe-20260523021333/apps/web/app/static/js/ff-campaign-flagship-enhance.js,apps/web/app/templates/campaign/index.html,scripts/verify/ff_campaign_v1_authority_money_loop.mjs
data-ff-modal-open	14	apps/web/app/_quarantine/ui-core-safe-20260523021333/apps/web/app/static/js/ff-qr-modal.js,apps/web/app/static/js/ff-campaign-enterprise-contract.js,apps/web/app/templates/_base/campaign_base.html,apps/web/app/templates/campaign/index.html
data-ff-home-section	14	scripts/launch/ff_full_suite_preflight.mjs,scripts/verify-campaign-modals.mjs,scripts/verify-homepage-launch.mjs,scripts/verify-homepage-surface.mjs
data-ff-action	13	apps/web/app/_quarantine/ui-core-safe-20260523021333/apps/web/app/static/js/ff-campaign-amount-guard.js,apps/web/app/_quarantine/ui-core-safe-20260523021333/apps/web/app/static/js/ff-campaign-flagship-enhance.js,apps/web/app/_quarantine/ui-core-safe-20260523021333/apps/web/app/static/js/ff-qr-modal.js,apps/web/app/static/js/ff-launch-completion.js,apps/web/app/static/js/ff-operator-dashboard.js,apps/web/app/templates/campaign/index.html,scripts/campaign-payment-smoke.mjs,scripts/capture-campaign-modals.mjs,scripts/verify-campaign-modals.mjs,scripts/verify-campaign-payments.mjs
data-ff-sponsor-sheet	13	apps/web/app/_quarantine/ui-core-safe-20260523021333/apps/web/app/static/js/ff-campaign-amount-guard.js,apps/web/app/_quarantine/ui-core-safe-20260523021333/apps/web/app/static/js/ff-campaign-flagship-enhance.js,apps/web/app/static/css/campaign.css,apps/web/app/static/js/ff-campaign-enterprise-contract.js,apps/web/app/static/js/ff-sponsor-modal-contract.js,apps/web/app/templates/campaign/index.html,scripts/audit/ff_campaign_conversion_contract_audit.mjs,scripts/campaign-payment-smoke.mjs
data-ff-embedded-checkout-mount	13	apps/web/app/_quarantine/ui-core-safe-20260523021333/apps/web/app/static/css/campaign.bundle.css,apps/web/app/_quarantine/ui-core-safe-20260523021333/apps/web/app/static/css/login.bundle.css,apps/web/app/_quarantine/ui-core-safe-20260523021333/apps/web/app/static/css/onboarding.bundle.css,apps/web/app/templates/campaign/index.html
data-ff-header-nav	13	apps/web/app/static/css/ff.css,apps/web/app/templates/_partials/ff_shell_header.html
data-ff-momentum-rail	13	apps/web/app/_quarantine/ui-core-safe-20260523021333/apps/web/app/static/css/campaign.bundle.css,apps/web/app/_quarantine/ui-core-safe-20260523021333/apps/web/app/static/css/login.bundle.css,apps/web/app/_quarantine/ui-core-safe-20260523021333/apps/web/app/static/css/onboarding.bundle.css,apps/web/app/_quarantine/ui-core-safe-20260523021333/apps/web/app/templates/campaign/_campaign_momentum_bar.html
data-ff-setup-status-label	13	apps/web/app/_quarantine/ui-core-safe-20260523021333/apps/web/app/static/css/campaign.bundle.css,apps/web/app/_quarantine/ui-core-safe-20260523021333/apps/web/app/static/css/login.bundle.css,apps/web/app/_quarantine/ui-core-safe-20260523021333/apps/web/app/static/css/onboarding.bundle.css,apps/web/app/static/js/ff-operator-dashboard.js
data-ff-custom-amount	12	apps/web/app/_quarantine/ui-core-safe-20260523021333/apps/web/app/static/js/ff-analytics.js,apps/web/app/static/js/ff-campaign-enterprise-contract.js,apps/web/app/static/js/ff-checkout-direct.js,apps/web/app/templates/campaign/index.html,scripts/audit/ff_campaign_conversion_contract_audit.mjs,scripts/audit/ff_functional_button_contracts.mjs,scripts/audit/ff_premium_demo_readiness_audit.mjs,scripts/release/verify-conversion-behavior.mjs,scripts/verify-campaign-payments.mjs
data-ff-mobile-rail	12	apps/web/app/_quarantine/ui-core-safe-20260523021333/apps/web/app/static/js/ff-analytics.js,apps/web/app/static/css/campaign.css,apps/web/app/templates/campaign/index.html,scripts/audit/ff_campaign_visual_fast.mjs,scripts/audit/ff_visual_surface_board.mjs,scripts/capture-campaign-modals.mjs,scripts/launch/ff_full_suite_preflight.mjs,scripts/release/verify-conversion-behavior.mjs,scripts/verify-campaign-launch.mjs,scripts/verify-campaign-modals.mjs
data-ff-offline-donation-form	12	apps/web/app/static/css/ff.css,apps/web/app/static/js/ff-operator-dashboard.js,scripts/audit/platform-ops-hardening.mjs,scripts/qa_operator_dashboard_smoke.mjs,scripts/test_product_functionality.mjs
data-ff-featured	12	apps/web/app/_quarantine/ui-core-safe-20260523021333/apps/web/app/static/css/campaign.bundle.css,apps/web/app/_quarantine/ui-core-safe-20260523021333/apps/web/app/static/css/login.bundle.css,apps/web/app/_quarantine/ui-core-safe-20260523021333/apps/web/app/static/css/onboarding.bundle.css
data-ff-hero	12	apps/web/app/_quarantine/ui-core-safe-20260523021333/apps/web/app/static/css/campaign.bundle.css,apps/web/app/_quarantine/ui-core-safe-20260523021333/apps/web/app/static/css/login.bundle.css,apps/web/app/_quarantine/ui-core-safe-20260523021333/apps/web/app/static/css/onboarding.bundle.css
data-ff-pay-submit	12	apps/web/app/_quarantine/ui-core-final-blockers-20260523024222/apps/web/app/static/css/campaign.public.css,apps/web/app/_quarantine/ui-core-safe-20260523021333/apps/web/app/static/css/campaign.bundle.css
data-ff-enterprise-compact	12	apps/web/app/_quarantine/ui-core-final-blockers-20260523024222/apps/web/app/static/css/campaign.public.css,apps/web/app/_quarantine/ui-core-safe-20260523021333/apps/web/app/static/css/campaign.bundle.css
data-ff-home-demo-cta	12	apps/web/app/_quarantine/ui-core-safe-20260523021333/apps/web/app/static/js/ff-analytics.js,scripts/audit/demo-hardening.mjs,scripts/audit/ff_homepage_contract_audit.mjs,scripts/launch/ff_full_suite_preflight.mjs,scripts/qa_homepage_smoke.mjs,scripts/release/verify-analytics-events.mjs,scripts/release/verify-conversion-behavior.mjs,scripts/verify-homepage-launch.mjs,scripts/verify-homepage-surface.mjs
data-ff-sponsor-package-card	11	apps/web/app/_quarantine/ui-core-safe-20260523021333/apps/web/app/static/css/campaign.bundle.css,apps/web/app/_quarantine/ui-core-safe-20260523021333/apps/web/app/static/css/login.bundle.css,apps/web/app/_quarantine/ui-core-safe-20260523021333/apps/web/app/static/css/onboarding.bundle.css,apps/web/app/_quarantine/ui-core-safe-20260523021333/apps/web/app/static/js/ff.sponsor-packages.js,apps/web/app/templates/platform/_sponsor_package_preview.html
data-ff-theme	11	apps/web/app/_quarantine/ui-core-safe-20260523021333/apps/web/app/static/css/campaign.bundle.css,apps/web/app/_quarantine/ui-core-safe-20260523021333/apps/web/app/static/css/login.bundle.css,apps/web/app/_quarantine/ui-core-safe-20260523021333/apps/web/app/static/css/onboarding.bundle.css,apps/web/app/templates/_base/site_base.html,apps/web/app/templates/campaign/index.html,apps/web/app/templates/platform/index.html,scripts/audit-css-duplication.mjs
data-ff-mobile-conversion-rail	11	apps/web/app/static/css/campaign.css,apps/web/app/templates/campaign/index.html,scripts/audit/demo-hardening.mjs,scripts/audit/ff_campaign_visual_fast.mjs,scripts/audit/ff_visual_surface_board.mjs,scripts/capture-campaign-modals.mjs,scripts/launch/ff_full_suite_preflight.mjs,scripts/release/verify-conversion-behavior.mjs,scripts/verify-campaign-launch.mjs,scripts/verify-campaign-modals.mjs
data-ff-share-url	11	apps/web/app/_quarantine/ui-core-safe-20260523021333/apps/web/app/static/js/ff-campaign-flagship-enhance.js,apps/web/app/_quarantine/ui-core-safe-20260523021333/apps/web/app/static/js/ff-campaign-launch-guard-v2.js,apps/web/app/_quarantine/ui-core-safe-20260523021333/apps/web/app/static/js/islands/share.js,apps/web/app/_quarantine/ui-core-safe-20260523021333/apps/web/app/templates/_base/platform_base.html,apps/web/app/static/js/ff-app.js,apps/web/app/templates/_base/campaign_base.html,apps/web/app/templates/campaign/index.html,scripts/verify-campaign-launch.mjs
data-ff-modal-state	11	apps/web/app/static/js/ff-campaign-enterprise-contract.js,apps/web/app/templates/_base/campaign_base.html,apps/web/app/templates/campaign/index.html
data-ff-close-drawer	11	apps/web/app/_quarantine/ui-core-safe-20260523021333/apps/web/app/static/js/ff-campaign-flagship-enhance.js,apps/web/app/_quarantine/ui-core-safe-20260523021333/apps/web/app/templates/campaign/deprecated/_chrome.html,apps/web/app/static/js/ff-app.js,apps/web/app/templates/_base/campaign_base.html,qa_campaign_playwright.mjs
data-ff-drawer	11	apps/web/app/_quarantine/ui-core-safe-20260523021333/apps/web/app/static/js/ff-campaign-flagship-enhance.js,apps/web/app/_quarantine/ui-core-safe-20260523021333/apps/web/app/templates/campaign/deprecated/_chrome.html,apps/web/app/static/js/ff-app.js,apps/web/app/templates/_base/campaign_base.html,qa_campaign_playwright.mjs
data-ff-home-launch-cta	11	apps/web/app/_quarantine/ui-core-safe-20260523021333/apps/web/app/static/js/ff-analytics.js,scripts/audit/ff_premium_demo_readiness_audit.mjs,scripts/launch/ff_full_suite_preflight.mjs,scripts/qa_homepage_smoke.mjs,scripts/release/verify-analytics-events.mjs,scripts/verify-homepage-launch.mjs,scripts/verify-homepage-surface.mjs
data-ff-home-primary-cta	11	apps/web/app/_quarantine/ui-core-safe-20260523021333/apps/web/app/static/js/ff-analytics.js,scripts/audit/demo-hardening.mjs,scripts/audit/ff_premium_demo_readiness_audit.mjs,scripts/launch/ff_full_suite_preflight.mjs,scripts/release/verify-analytics-events.mjs,scripts/verify-header-convergence.mjs,scripts/verify-homepage-launch.mjs,scripts/verify-homepage-surface.mjs
data-ff-sponsor-tier-selected	10	apps/web/app/_quarantine/ui-core-safe-20260523021333/apps/web/app/static/js/ff-campaign-amount-guard.js,apps/web/app/_quarantine/ui-core-safe-20260523021333/apps/web/app/static/js/ff-campaign-flagship-enhance.js,apps/web/app/_quarantine/ui-core-safe-20260523021333/apps/web/app/static/js/ff-campaign-launch-guard-v2.js,apps/web/app/static/js/ff-app.js,apps/web/app/templates/_base/campaign_base.html,apps/web/app/templates/campaign/_modals.html
data-ff-embedded-checkout-fallback	10	apps/web/app/_quarantine/ui-core-safe-20260523021333/apps/web/app/static/css/campaign.bundle.css,apps/web/app/_quarantine/ui-core-safe-20260523021333/apps/web/app/static/css/login.bundle.css,apps/web/app/_quarantine/ui-core-safe-20260523021333/apps/web/app/static/css/onboarding.bundle.css,apps/web/app/templates/campaign/index.html
data-ff-summary-amount	10	apps/web/app/_quarantine/ui-core-safe-20260523021333/apps/web/app/static/js/ff-campaign-amount-guard.js,apps/web/app/_quarantine/ui-core-safe-20260523021333/apps/web/app/static/js/ff-campaign-flagship-enhance.js,apps/web/app/_quarantine/ui-core-safe-20260523021333/apps/web/app/static/js/ff-campaign-launch-guard-v2.js,apps/web/app/_quarantine/ui-core-safe-20260523021333/apps/web/app/static/js/ff-donation-modal-v2.js,apps/web/app/_quarantine/ui-core-safe-20260523021333/apps/web/app/templates/campaign/_checkout_sheet.html,apps/web/app/_quarantine/ui-core-safe-20260523021333/apps/web/app/templates/campaign/_hero.html,apps/web/app/_quarantine/ui-core-safe-20260523021333/apps/web/app/templates/campaign/deprecated/_hero.html,apps/web/app/static/js/ff-app.js,apps/web/app/templates/_base/campaign_base.html
data-ff-animate	10	apps/web/app/_quarantine/ui-core-safe-20260523021333/apps/web/app/static/css/campaign.bundle.css,apps/web/app/_quarantine/ui-core-safe-20260523021333/apps/web/app/static/css/login.bundle.css,apps/web/app/_quarantine/ui-core-safe-20260523021333/apps/web/app/static/css/onboarding.bundle.css,apps/web/app/_quarantine/ui-core-safe-20260523021333/apps/web/app/templates/campaign/_hero.html,apps/web/app/_quarantine/ui-core-safe-20260523021333/apps/web/app/templates/campaign/deprecated/_hero.html,apps/web/app/static/js/ff-campaign.js,scripts/audit/_quarantine/ff_capture_ui_boards.mjs,scripts/audit/ff_idle_surface_audit.mjs
data-ff-brand	10	apps/web/app/_quarantine/ui-core-safe-20260523021333/apps/web/app/static/css/campaign.bundle.css,apps/web/app/_quarantine/ui-core-safe-20260523021333/apps/web/app/static/css/login.bundle.css,apps/web/app/_quarantine/ui-core-safe-20260523021333/apps/web/app/static/css/onboarding.bundle.css,apps/web/app/_quarantine/ui-core-safe-20260523021333/apps/web/app/templates/_partials/ff_site_header.html
data-ff-amount-button	9	apps/web/app/static/css/campaign.css,apps/web/app/templates/campaign/index.html,scripts/audit/ff_functional_button_contracts.mjs,scripts/audit/ff_premium_demo_readiness_audit.mjs,scripts/campaign-payment-smoke.mjs,scripts/verify-campaign-payments.mjs
data-ff-single-owner	9	apps/web/app/static/css/campaign.css,scripts/campaign-payment-smoke.mjs
data-ff-donations-table	9	apps/web/app/static/css/ff.css,apps/web/app/static/js/ff-operator-dashboard.js,scripts/audit/platform-ops-hardening.mjs,scripts/qa_operator_dashboard_smoke.mjs,scripts/test_product_functionality.mjs
data-ff-nav	9	apps/web/app/_quarantine/ui-core-safe-20260523021333/apps/web/app/static/css/campaign.bundle.css,apps/web/app/_quarantine/ui-core-safe-20260523021333/apps/web/app/static/css/login.bundle.css,apps/web/app/_quarantine/ui-core-safe-20260523021333/apps/web/app/static/css/onboarding.bundle.css
data-ff-stat-grid	9	apps/web/app/_quarantine/ui-core-safe-20260523021333/apps/web/app/static/css/campaign.bundle.css,apps/web/app/_quarantine/ui-core-safe-20260523021333/apps/web/app/static/css/login.bundle.css,apps/web/app/_quarantine/ui-core-safe-20260523021333/apps/web/app/static/css/onboarding.bundle.css
data-ff-theme-preset	8	apps/web/app/static/js/ff-onboarding.js,apps/web/app/templates/platform/onboarding.html,scripts/hoi/hoi_6i_brand_kit_contract_proof.mjs
data-ff-login-password	8	apps/web/app/static/js/ff-login.js,apps/web/app/static/js/login.js,apps/web/app/templates/platform/login.html,scripts/audit/ff_login_runtime_contract.mjs,scripts/hoi/hoi_9i_login_proof.mjs,scripts/qa_operator_dashboard_smoke.mjs,scripts/test_product_functionality.mjs
data-ff-login-submit	8	apps/web/app/static/js/ff-login.js,apps/web/app/static/js/login.js,apps/web/app/templates/platform/login.html,scripts/audit/ff_login_runtime_contract.mjs,scripts/audit/ff_visual_surface_board.mjs,scripts/hoi/hoi_9i_login_proof.mjs,scripts/qa_operator_dashboard_smoke.mjs,scripts/test_product_functionality.mjs
data-ff-template	8	apps/web/app/_quarantine/ui-core-safe-20260523021333/apps/web/app/static/css/campaign.bundle.css,apps/web/app/_quarantine/ui-core-safe-20260523021333/apps/web/app/static/css/login.bundle.css,apps/web/app/_quarantine/ui-core-safe-20260523021333/apps/web/app/static/css/onboarding.bundle.css,apps/web/app/_quarantine/ui-core-safe-20260523021333/apps/web/app/templates/_base/platform_base.html,apps/web/app/templates/_base/campaign_base.html,apps/web/app/templates/campaign/index.html,apps/web/app/templates/platform/index.html
data-ff-sponsor-submit	8	apps/web/app/_quarantine/ui-core-safe-20260523021333/apps/web/app/static/js/ff-campaign-flagship-enhance.js,apps/web/app/static/js/ff-app.js,apps/web/app/static/js/ff-campaign-enterprise-contract.js,apps/web/app/templates/_base/campaign_base.html,apps/web/app/templates/campaign/_modals.html,apps/web/app/templates/campaign/index.html
data-ff-team-id	8	apps/web/app/_quarantine/ui-core-safe-20260523021333/apps/web/app/static/js/islands/donate.js,apps/web/app/_quarantine/ui-core-safe-20260523021333/apps/web/app/templates/campaign/_checkout_sheet.html,apps/web/app/_quarantine/ui-core-safe-20260523021333/apps/web/app/templates/campaign/_hero.html,apps/web/app/_quarantine/ui-core-safe-20260523021333/apps/web/app/templates/campaign/deprecated/_hero.html,apps/web/app/_quarantine/ui-core-safe-20260523021333/apps/web/app/templates/campaign/deprecated/_teams.html,apps/web/app/static/js/ff-app.js,apps/web/app/templates/_base/campaign_base.html
data-ff-header-shell	8	apps/web/app/static/css/ff.css,apps/web/app/templates/_partials/ff_shell_header.html
data-ff-dashboard-launch-assistant	8	apps/web/app/static/css/ff.css,apps/web/app/static/js/_quarantine/dashboard-js-authority-20260522224957/ff-dashboard-protected-exec.js,apps/web/app/static/js/ff-launch-completion.js,apps/web/app/static/js/ff-operator-dashboard.js,apps/web/app/templates/_partials/ff_dashboard_launch_assistant.html,scripts/audit/ff_dashboard_first_paint_trace.mjs,scripts/audit/ff_dashboard_protected_exec_audit.mjs,scripts/audit/ff_text_to_donate_launch_audit.mjs
data-ff-sponsors-list	8	apps/web/app/static/css/ff.css,apps/web/app/static/js/ff-operator-dashboard.js,scripts/audit/platform-ops-hardening.mjs,scripts/qa_operator_dashboard_smoke.mjs,scripts/test_product_functionality.mjs
data-ff-enterprise-hidden	8	apps/web/app/_quarantine/ui-core-final-blockers-20260523024222/apps/web/app/static/css/campaign.public.css,apps/web/app/_quarantine/ui-core-safe-20260523021333/apps/web/app/static/css/campaign.bundle.css,apps/web/app/_quarantine/ui-core-safe-20260523021333/apps/web/app/static/js/ff-campaign-enterprise.js,scripts/audit/ff_campaign_enterprise_sms_audit.mjs
data-ff-checkout-trigger	8	apps/web/app/_quarantine/ui-core-safe-20260523021333/apps/web/app/static/js/ff-analytics.js,scripts/launch/ff_full_suite_preflight.mjs,scripts/release/verify-analytics-events.mjs,scripts/release/verify-conversion-behavior.mjs,scripts/verify-campaign-launch.mjs,scripts/verify-campaign-modals.mjs,scripts/verify-campaign-payments.mjs
data-ff-login-email	7	apps/web/app/static/js/ff-login.js,apps/web/app/templates/platform/login.html,scripts/audit/ff_login_runtime_contract.mjs,scripts/hoi/hoi_9i_login_proof.mjs,scripts/qa_operator_dashboard_smoke.mjs,scripts/test_product_functionality.mjs
data-ff-sponsor-tier-copy	7	apps/web/app/_quarantine/ui-core-safe-20260523021333/apps/web/app/static/js/ff-campaign-amount-guard.js,apps/web/app/_quarantine/ui-core-safe-20260523021333/apps/web/app/static/js/ff-campaign-flagship-enhance.js,apps/web/app/_quarantine/ui-core-safe-20260523021333/apps/web/app/static/js/ff-campaign-launch-guard-v2.js,apps/web/app/static/js/ff-app.js,apps/web/app/templates/campaign/_modals.html
data-ff-donate-cta	7	apps/web/app/_quarantine/ui-core-safe-20260523021333/apps/web/app/static/js/ff-analytics.js,apps/web/app/templates/campaign/index.html,scripts/audit/demo-hardening.mjs,scripts/launch/ff_full_suite_preflight.mjs,scripts/release/verify-conversion-behavior.mjs,scripts/verify-campaign-launch.mjs
data-ff-share-close	7	apps/web/app/static/css/ff.css,apps/web/app/static/js/ff-campaign-enterprise-contract.js,apps/web/app/templates/_base/campaign_base.html,apps/web/app/templates/campaign/index.html,scripts/campaign-payment-smoke.mjs
data-ff-close-qr-modal	7	apps/web/app/_quarantine/ui-core-safe-20260523021333/apps/web/app/static/js/ff-qr-modal.js,apps/web/app/static/js/ff-campaign-enterprise-contract.js,apps/web/app/templates/_base/campaign_base.html,apps/web/app/templates/campaign/index.html,scripts/campaign-payment-smoke.mjs
data-ff-copy-trigger	7	apps/web/app/templates/campaign/index.html,scripts/audit/ff_share_qr_dom_probe.mjs,scripts/release/ff_enterprise_launch_gate.mjs,scripts/release/verify-conversion-behavior.mjs,scripts/verify-campaign-launch.mjs,scripts/verify-campaign-modals.mjs
data-ff-copy-target	7	apps/web/app/_quarantine/ui-core-safe-20260523021333/apps/web/app/static/js/ff-campaign-flagship-enhance.js,apps/web/app/static/js/_quarantine/dashboard-js-authority-20260522224957/ff-dashboard-protected-exec.js,apps/web/app/static/js/ff-operator-dashboard.js,apps/web/app/templates/campaign/index.html,scripts/verify-campaign-launch.mjs
data-ff-copy-link	7	apps/web/app/_quarantine/ui-core-safe-20260523021333/apps/web/app/static/js/ff-analytics.js,apps/web/app/templates/campaign/index.html,scripts/audit/ff_campaign_conversion_contract_audit.mjs,scripts/audit/ff_share_qr_dom_probe.mjs,scripts/release/ff_enterprise_launch_gate.mjs,scripts/release/verify-conversion-behavior.mjs
data-ff-paypal-mount	7	apps/web/app/_quarantine/ui-core-final-blockers-20260523024222/apps/web/app/static/css/campaign.public.css,apps/web/app/_quarantine/ui-core-safe-20260523021333/apps/web/app/static/css/campaign.bundle.css,apps/web/app/_quarantine/ui-core-safe-20260523021333/apps/web/app/static/js/ff-campaign-flagship-enhance.js,apps/web/app/_quarantine/ui-core-safe-20260523021333/apps/web/app/templates/campaign/_checkout_sheet.html,apps/web/app/static/js/ff-app.js,apps/web/app/templates/_base/campaign_base.html,scripts/verify-campaign-payments.mjs
data-ff-donation-panel	7	apps/web/app/static/css/campaign.css
data-ff-sponsor-tier-input	7	apps/web/app/_quarantine/ui-core-safe-20260523021333/apps/web/app/static/js/ff-campaign-flagship-enhance.js
data-ff-login-form	6	apps/web/app/static/js/ff-login.js,apps/web/app/static/js/login.js,apps/web/app/templates/platform/login.html,scripts/audit/ff_login_runtime_contract.mjs,scripts/hoi/hoi_9i_login_proof.mjs,scripts/test_product_functionality.mjs
data-ff-login-password-toggle	6	apps/web/app/static/js/ff-login.js,apps/web/app/static/js/login.js,apps/web/app/templates/platform/login.html,scripts/audit/ff_login_runtime_contract.mjs,scripts/hoi/hoi_9i_login_proof.mjs
data-ff-checkout-custom-input	6	apps/web/app/static/js/ff-campaign-enterprise-contract.js,apps/web/app/static/js/ff-checkout-direct.js,apps/web/app/templates/campaign/index.html,scripts/campaign-payment-smoke-safe.mjs,scripts/verify-campaign-payments.mjs
data-ff-checkout-shell	6	apps/web/app/_quarantine/ui-core-safe-20260523021333/apps/web/app/templates/campaign/_checkout_sheet.html,apps/web/app/static/js/ff-app.js,apps/web/app/templates/_base/campaign_base.html,qa_campaign_playwright.mjs,scripts/audit/ff_campaign_conversion_contract_audit.mjs
data-ff-open-drawer	6	apps/web/app/_quarantine/ui-core-safe-20260523021333/apps/web/app/static/js/ff-campaign-flagship-enhance.js,apps/web/app/_quarantine/ui-core-safe-20260523021333/apps/web/app/templates/campaign/deprecated/_chrome.html,apps/web/app/static/js/ff-app.js,apps/web/app/templates/_base/campaign_base.html,qa_campaign_playwright.mjs
data-ff-header-mode	6	apps/web/app/static/css/ff.css,apps/web/app/templates/_partials/ff_shell_header.html,scripts/hoi/hoi_6j_header_convergence_proof.mjs
data-ff-onboarding-text-to-donate	6	apps/web/app/_quarantine/ui-core-safe-20260523021333/apps/web/app/static/css/onboarding.bundle.css,apps/web/app/static/js/ff-launch-completion.js,apps/web/app/templates/_partials/ff_onboarding_text_to_donate.html,scripts/audit/ff_text_to_donate_launch_audit.mjs
data-ff-copy-source	6	apps/web/app/static/js/ff-launch-completion.js,apps/web/app/templates/_partials/ff_dashboard_launch_assistant.html
data-ff-copy-value	6	apps/web/app/_quarantine/ui-core-safe-20260523021333/apps/web/app/static/js/ff-campaign-launch-guard-v2.js,apps/web/app/_quarantine/ui-core-safe-20260523021333/apps/web/app/templates/campaign/deprecated/_distribution.html,apps/web/app/static/js/ff-launch-completion.js
data-ff-distribution-mode	6	apps/web/app/_quarantine/ui-core-safe-20260523021333/apps/web/app/static/js/ff-distribution-v2.js,apps/web/app/_quarantine/ui-core-safe-20260523021333/apps/web/app/templates/campaign/deprecated/_distribution.html
data-ff-legacy-checkout	6	apps/web/app/static/css/campaign.css
data-ff-retired	6	apps/web/app/_quarantine/ui-core-safe-20260523021333/apps/web/app/static/css/campaign.bundle.css,apps/web/app/_quarantine/ui-core-safe-20260523021333/apps/web/app/static/css/login.bundle.css,apps/web/app/_quarantine/ui-core-safe-20260523021333/apps/web/app/static/css/onboarding.bundle.css
data-ff-grid	6	apps/web/app/_quarantine/ui-core-safe-20260523021333/apps/web/app/static/css/campaign.bundle.css,apps/web/app/_quarantine/ui-core-safe-20260523021333/apps/web/app/static/css/login.bundle.css,apps/web/app/_quarantine/ui-core-safe-20260523021333/apps/web/app/static/css/onboarding.bundle.css
data-ff-actions	6	apps/web/app/_quarantine/ui-core-safe-20260523021333/apps/web/app/static/css/campaign.bundle.css,apps/web/app/_quarantine/ui-core-safe-20260523021333/apps/web/app/static/css/login.bundle.css,apps/web/app/_quarantine/ui-core-safe-20260523021333/apps/web/app/static/css/onboarding.bundle.css
data-ff-cta-group	6	apps/web/app/_quarantine/ui-core-safe-20260523021333/apps/web/app/static/css/campaign.bundle.css,apps/web/app/_quarantine/ui-core-safe-20260523021333/apps/web/app/static/css/login.bundle.css,apps/web/app/_quarantine/ui-core-safe-20260523021333/apps/web/app/static/css/onboarding.bundle.css
data-ff-eyebrow	6	apps/web/app/_quarantine/ui-core-safe-20260523021333/apps/web/app/static/css/campaign.bundle.css,apps/web/app/_quarantine/ui-core-safe-20260523021333/apps/web/app/static/css/login.bundle.css,apps/web/app/_quarantine/ui-core-safe-20260523021333/apps/web/app/static/css/onboarding.bundle.css
data-ff-stat	6	apps/web/app/_quarantine/ui-core-safe-20260523021333/apps/web/app/static/css/campaign.bundle.css,apps/web/app/_quarantine/ui-core-safe-20260523021333/apps/web/app/static/css/login.bundle.css,apps/web/app/_quarantine/ui-core-safe-20260523021333/apps/web/app/static/css/onboarding.bundle.css
data-ff-review-queue	6	apps/web/app/_quarantine/ui-core-safe-20260523021333/apps/web/app/static/css/campaign.bundle.css,apps/web/app/_quarantine/ui-core-safe-20260523021333/apps/web/app/static/css/login.bundle.css,apps/web/app/_quarantine/ui-core-safe-20260523021333/apps/web/app/static/css/onboarding.bundle.css
data-ff-checkout-skeleton	6	apps/web/app/_quarantine/ui-core-final-blockers-20260523024222/apps/web/app/static/css/campaign.public.css,apps/web/app/_quarantine/ui-core-safe-20260523021333/apps/web/app/static/css/campaign.bundle.css
data-ff-home-campaign-preview-cta	6	apps/web/app/_quarantine/ui-core-safe-20260523021333/apps/web/app/static/js/ff-analytics.js,scripts/release/verify-analytics-events.mjs,scripts/release/verify-conversion-behavior.mjs,scripts/verify-homepage-launch.mjs
data-ff-export-url	5	apps/web/app/static/css/ff.css,apps/web/app/static/js/ff-operator-dashboard.js,apps/web/app/templates/platform/dashboard.html,scripts/test_product_functionality.mjs
data-ff-dashboard-exec-assistant-slot	5	apps/web/app/static/js/_quarantine/dashboard-js-authority-20260522224957/ff-dashboard-protected-exec.js,apps/web/app/static/js/ff-operator-dashboard.js,apps/web/app/templates/platform/dashboard.html,scripts/audit/ff_dashboard_protected_exec_audit.mjs
data-ff-dashboard-exec-assistant-template	5	apps/web/app/static/js/_quarantine/dashboard-js-authority-20260522224957/ff-dashboard-protected-exec.js,apps/web/app/static/js/ff-operator-dashboard.js,apps/web/app/templates/platform/dashboard.html,scripts/audit/ff_dashboard_protected_exec_audit.mjs
data-ff-save-onboarding	5	apps/web/app/static/js/ff-onboarding.js,apps/web/app/templates/platform/onboarding.html,scripts/hoi/hoi_6i_brand_kit_contract_proof.mjs
data-ff-video-modal	5	apps/web/app/static/js/ff-app.js,apps/web/app/templates/_base/campaign_base.html,apps/web/app/templates/campaign/_modals.html,qa_campaign_playwright.mjs
data-ff-close-video	5	apps/web/app/static/js/ff-app.js,apps/web/app/templates/_base/campaign_base.html,apps/web/app/templates/campaign/_modals.html,qa_campaign_playwright.mjs
data-ff-terms-modal	5	apps/web/app/static/js/ff-app.js,apps/web/app/templates/_base/campaign_base.html,apps/web/app/templates/campaign/_modals.html,qa_campaign_playwright.mjs
data-ff-close-terms	5	apps/web/app/static/js/ff-app.js,apps/web/app/templates/_base/campaign_base.html,apps/web/app/templates/campaign/_modals.html,qa_campaign_playwright.mjs
data-ff-privacy-modal	5	apps/web/app/static/js/ff-app.js,apps/web/app/templates/_base/campaign_base.html,apps/web/app/templates/campaign/_modals.html,qa_campaign_playwright.mjs
data-ff-close-privacy	5	apps/web/app/static/js/ff-app.js,apps/web/app/templates/_base/campaign_base.html,apps/web/app/templates/campaign/_modals.html,qa_campaign_playwright.mjs
data-ff-page-css	5	apps/web/app/templates/campaign/index.html,scripts/audit/ff_login_runtime_contract.mjs,scripts/audit/ff_onboarding_runtime_contract.mjs
data-ff-campaign-main	5	apps/web/app/_quarantine/ui-core-safe-20260523021333/apps/web/app/static/css/campaign.bundle.css,apps/web/app/_quarantine/ui-core-safe-20260523021333/apps/web/app/static/css/login.bundle.css,apps/web/app/_quarantine/ui-core-safe-20260523021333/apps/web/app/static/css/onboarding.bundle.css,apps/web/app/_quarantine/ui-core-safe-20260523021333/apps/web/app/static/js/ff-campaign-final-compression.js,apps/web/app/templates/campaign/index.html
data-ff-donation-card	5	apps/web/app/templates/campaign/index.html,scripts/release/_quarantine/ff_campaign_enterprise_closeout_gate.flaky-20260528002015.mjs,scripts/verify-campaign-modals.mjs,scripts/verify-campaign-payments.mjs
data-ff-amount-cents	5	apps/web/app/static/js/ff-checkout-direct.js,apps/web/app/templates/campaign/index.html
data-ff-checkout-donor-email	5	apps/web/app/static/js/ff-checkout-direct.js,apps/web/app/templates/campaign/index.html,scripts/audit/ff_checkout_continue_ux_audit.mjs,scripts/campaign-payment-smoke-safe.mjs
data-ff-checkout-open	5	apps/web/app/_quarantine/ui-core-safe-20260523021333/apps/web/app/static/js/ff-campaign-flagship-enhance.js,apps/web/app/templates/campaign/index.html
data-ff-sponsor-state	5	apps/web/app/static/js/ff-campaign-enterprise-contract.js,apps/web/app/templates/_base/campaign_base.html,apps/web/app/templates/campaign/index.html,scripts/campaign-payment-smoke-safe.mjs
data-ff-checkout-success	5	apps/web/app/_quarantine/ui-core-final-blockers-20260523024222/apps/web/app/static/css/campaign.public.css,apps/web/app/_quarantine/ui-core-safe-20260523021333/apps/web/app/static/css/campaign.bundle.css,apps/web/app/_quarantine/ui-core-safe-20260523021333/apps/web/app/templates/campaign/_checkout_sheet.html,apps/web/app/static/js/ff-app.js,apps/web/app/templates/_base/campaign_base.html
data-ff-checkout-error	5	apps/web/app/_quarantine/ui-core-final-blockers-20260523024222/apps/web/app/static/css/campaign.public.css,apps/web/app/_quarantine/ui-core-safe-20260523021333/apps/web/app/static/css/campaign.bundle.css,apps/web/app/_quarantine/ui-core-safe-20260523021333/apps/web/app/templates/campaign/_checkout_sheet.html,apps/web/app/static/js/ff-app.js,apps/web/app/templates/_base/campaign_base.html
data-ff-donor-name	5	apps/web/app/_quarantine/ui-core-safe-20260523021333/apps/web/app/static/js/ff-campaign-amount-guard.js,apps/web/app/_quarantine/ui-core-safe-20260523021333/apps/web/app/templates/campaign/_checkout_sheet.html,apps/web/app/static/js/ff-app.js,apps/web/app/static/js/ff-checkout-direct.js,apps/web/app/templates/_base/campaign_base.html
data-ff-stripe-mount	5	apps/web/app/_quarantine/ui-core-final-blockers-20260523024222/apps/web/app/static/css/campaign.public.css,apps/web/app/_quarantine/ui-core-safe-20260523021333/apps/web/app/static/css/campaign.bundle.css,apps/web/app/_quarantine/ui-core-safe-20260523021333/apps/web/app/templates/campaign/_checkout_sheet.html,apps/web/app/static/js/ff-app.js,apps/web/app/templates/_base/campaign_base.html
data-ff-toasts	5	apps/web/app/_quarantine/ui-core-safe-20260523021333/apps/web/app/static/js/ff-campaign-launch-guard-v2.js,apps/web/app/_quarantine/ui-core-safe-20260523021333/apps/web/app/static/js/ff-distribution-v2.js,apps/web/app/static/js/ff-app.js,apps/web/app/templates/_base/campaign_base.html
data-ff-story	5	apps/web/app/_quarantine/ui-core-safe-20260523021333/apps/web/app/templates/campaign/_campaign_story.html,apps/web/app/_quarantine/ui-core-safe-20260523021333/apps/web/app/templates/campaign/deprecated/_story.html,apps/web/app/static/js/ff-app.js,apps/web/app/templates/_base/campaign_base.html
data-ff-qr-image	5	apps/web/app/_quarantine/ui-core-safe-20260523021333/apps/web/app/static/js/ff-distribution-v2.js,apps/web/app/_quarantine/ui-core-safe-20260523021333/apps/web/app/templates/campaign/deprecated/_distribution.html,apps/web/app/templates/_base/campaign_base.html,scripts/capture-campaign-modals.mjs
data-ff-qr-value	5	apps/web/app/_quarantine/ui-core-safe-20260523021333/apps/web/app/static/js/ff-distribution-v2.js,apps/web/app/_quarantine/ui-core-safe-20260523021333/apps/web/app/templates/campaign/deprecated/_distribution.html,apps/web/app/templates/_base/campaign_base.html
data-ff-copy-text-donate	5	apps/web/app/_quarantine/ui-core-safe-20260523021333/apps/web/app/templates/campaign/deprecated/_distribution.html,apps/web/app/static/js/ff-launch-completion.js,apps/web/app/templates/_base/campaign_base.html,apps/web/app/templates/_partials/ff_onboarding_text_to_donate.html
data-ff-text-donate-setup	5	apps/web/app/_quarantine/ui-core-safe-20260523021333/apps/web/app/static/css/onboarding.bundle.css,apps/web/app/static/js/ff-launch-completion.js,apps/web/app/templates/_partials/ff_onboarding_text_to_donate.html
data-ff-copy-button	5	apps/web/app/static/js/ff-launch-completion.js,apps/web/app/templates/_partials/ff_dashboard_launch_assistant.html,apps/web/app/templates/_partials/ff_onboarding_text_to_donate.html
data-ff-momentum-paused	5	apps/web/app/_quarantine/ui-core-safe-20260523021333/apps/web/app/static/css/campaign.bundle.css,apps/web/app/_quarantine/ui-core-safe-20260523021333/apps/web/app/static/css/login.bundle.css,apps/web/app/_quarantine/ui-core-safe-20260523021333/apps/web/app/static/css/onboarding.bundle.css,apps/web/app/_quarantine/ui-core-safe-20260523021333/apps/web/app/static/js/ff.momentum.js,apps/web/app/_quarantine/ui-core-safe-20260523021333/apps/web/app/templates/campaign/_campaign_momentum_bar.html
data-ff-checkout	5	apps/web/app/_quarantine/ui-core-final-blockers-20260523024222/apps/web/app/static/css/campaign.public.css,apps/web/app/_quarantine/ui-core-safe-20260523021333/apps/web/app/static/css/campaign.bundle.css,scripts/audit/ff_campaign_paint_rhythm_audit.mjs
data-ff-campaign-root	5	apps/web/app/_quarantine/ui-core-final-blockers-20260523024222/apps/web/app/static/css/campaign.public.css,apps/web/app/_quarantine/ui-core-safe-20260523021333/apps/web/app/static/css/campaign.bundle.css,apps/web/app/_quarantine/ui-core-safe-20260523021333/apps/web/app/static/js/ff-campaign-enterprise.js,apps/web/app/_quarantine/ui-core-safe-20260523021333/apps/web/app/static/js/ff-campaign-final-compression.js,apps/web/app/_quarantine/ui-core-safe-20260523021333/apps/web/app/static/js/ff-campaign-flagship-enhance.js
data-ff-post-action-kind	5	apps/web/app/_quarantine/ui-core-final-blockers-20260523024222/apps/web/app/static/css/ff-checkout-csp.css,scripts/audit/ff_post_action_trust_audit.mjs
data-ff-mobile-drawer	5	apps/web/app/_quarantine/ui-core-safe-20260523021333/apps/web/app/static/js/ff-campaign-flagship-enhance.js
data-ff-selected-amount	5	apps/web/app/_quarantine/ui-core-safe-20260523021333/apps/web/app/static/js/ff-campaign-amount-guard.js,apps/web/app/_quarantine/ui-core-safe-20260523021333/apps/web/app/static/js/ff-campaign-flagship-enhance.js,apps/web/app/_quarantine/ui-core-safe-20260523021333/apps/web/app/static/js/ff-donation-modal-v2.js
data-ff-package-tier	5	apps/web/app/_quarantine/ui-core-safe-20260523021333/apps/web/app/static/js/ff-campaign-flagship-enhance.js
data-ff-sponsor-section	5	apps/web/app/_quarantine/ui-core-safe-20260523021333/apps/web/app/static/js/ff-campaign-flagship-enhance.js,scripts/audit/ff_campaign_conversion_contract_audit.mjs
data-ff-login-reveal	4	apps/web/app/static/js/ff-login.js,apps/web/app/templates/platform/login.html
data-ff-login-error	4	apps/web/app/_quarantine/ui-core-safe-20260523021333/apps/web/app/static/css/campaign.bundle.css,apps/web/app/_quarantine/ui-core-safe-20260523021333/apps/web/app/static/css/login.bundle.css,apps/web/app/_quarantine/ui-core-safe-20260523021333/apps/web/app/static/css/onboarding.bundle.css,apps/web/app/templates/platform/login.html
data-ff-onboard-modal	4	apps/web/app/static/js/ff-app.js,apps/web/app/templates/campaign/_modals.html,qa_campaign_playwright.mjs
data-ff-close-onboard	4	apps/web/app/static/js/ff-app.js,apps/web/app/templates/campaign/_modals.html,qa_campaign_playwright.mjs
data-ff-step-pill	4	apps/web/app/static/js/ff-app.js,apps/web/app/templates/campaign/_modals.html
data-ff-onboard-form	4	apps/web/app/_quarantine/ui-core-safe-20260523021333/apps/web/app/static/js/islands/onboarding.js,apps/web/app/static/js/ff-app.js,apps/web/app/templates/campaign/_modals.html,scripts/audit/platform-ops-hardening.mjs
data-ff-step	4	apps/web/app/static/js/ff-app.js,apps/web/app/templates/campaign/_modals.html
data-ff-checkout-css-contract	4	apps/web/app/templates/campaign/index.html,scripts/release/ff_enterprise_launch_gate.mjs,scripts/verify/ff_campaign_v1_authority_money_loop.mjs,scripts/verify/ff_css_v1_authority_check.mjs
data-ff-campaign-page	4	apps/web/app/_quarantine/ui-core-safe-20260523021333/apps/web/app/static/js/ff-analytics.js,apps/web/app/static/js/ff-checkout-direct.js,apps/web/app/templates/campaign/index.html,scripts/campaign-payment-smoke.mjs
data-ff-donation-form	4	apps/web/app/_quarantine/ui-core-safe-20260523021333/apps/web/app/static/js/ff-campaign-amount-guard.js,apps/web/app/_quarantine/ui-core-safe-20260523021333/apps/web/app/static/js/ff-campaign-flagship-enhance.js,apps/web/app/templates/campaign/index.html
data-ff-open-sponsor-checkout	4	apps/web/app/_quarantine/ui-core-safe-20260523021333/apps/web/app/static/css/campaign.bundle.css,apps/web/app/_quarantine/ui-core-safe-20260523021333/apps/web/app/static/css/login.bundle.css,apps/web/app/_quarantine/ui-core-safe-20260523021333/apps/web/app/static/css/onboarding.bundle.css,apps/web/app/templates/campaign/index.html
data-ff-qr-share-url	4	apps/web/app/templates/campaign/index.html,scripts/audit/ff_share_qr_dom_probe.mjs,scripts/release/ff_enterprise_launch_gate.mjs,scripts/verify-campaign-modals.mjs
data-ff-embedded-checkout-panel	4	apps/web/app/static/js/ff-campaign-enterprise-contract.js,apps/web/app/templates/campaign/index.html,scripts/verify-campaign-payments.mjs
data-ff-checkout-close	4	apps/web/app/static/js/ff-campaign-enterprise-contract.js,apps/web/app/templates/_base/campaign_base.html,apps/web/app/templates/campaign/index.html
data-ff-modal-close	4	apps/web/app/static/js/ff-campaign.js,apps/web/app/templates/campaign/index.html,scripts/campaign-payment-smoke.mjs
data-ff-close-modal	4	apps/web/app/_quarantine/ui-core-safe-20260523021333/apps/web/app/static/js/ff-campaign-amount-guard.js,apps/web/app/static/js/ff-campaign.js,apps/web/app/templates/campaign/index.html,scripts/test_product_functionality.mjs
data-ff-share-state	4	apps/web/app/static/js/ff-campaign-enterprise-contract.js,apps/web/app/templates/_base/campaign_base.html,apps/web/app/templates/campaign/index.html,scripts/campaign-payment-smoke-safe.mjs
data-ff-email	4	apps/web/app/_quarantine/ui-core-safe-20260523021333/apps/web/app/templates/campaign/_checkout_sheet.html,apps/web/app/static/js/ff-app.js,apps/web/app/templates/_base/campaign_base.html,qa_campaign_playwright.mjs
data-ff-live	4	apps/web/app/_quarantine/ui-core-safe-20260523021333/apps/web/app/static/js/ff-distribution-v2.js,apps/web/app/static/js/ff-app.js,apps/web/app/templates/_base/campaign_base.html
data-ff-sponsor-tier-grid	4	apps/web/app/_quarantine/ui-core-safe-20260523021333/apps/web/app/templates/campaign/_campaign_sponsor.html,apps/web/app/static/js/ff-app.js,apps/web/app/templates/_base/campaign_base.html
data-ff-open-terms	4	apps/web/app/_quarantine/ui-core-safe-20260523021333/apps/web/app/templates/campaign/_checkout_sheet.html,apps/web/app/_quarantine/ui-core-safe-20260523021333/apps/web/app/templates/campaign/deprecated/_footer.html,apps/web/app/static/js/ff-app.js,apps/web/app/templates/_base/campaign_base.html
data-ff-open-privacy	4	apps/web/app/_quarantine/ui-core-safe-20260523021333/apps/web/app/templates/campaign/deprecated/_footer.html,apps/web/app/static/js/ff-app.js,apps/web/app/templates/_base/campaign_base.html,qa_campaign_playwright.mjs
data-ff-floating-donate	4	apps/web/app/static/js/ff-app.js,apps/web/app/templates/_base/campaign_base.html,scripts/audit/ff_campaign_visual_fast.mjs,scripts/audit/ff_visual_surface_board.mjs
data-ff-distribution-toolkit	4	apps/web/app/_quarantine/ui-core-safe-20260523021333/apps/web/app/static/js/ff-distribution-v2.js,apps/web/app/_quarantine/ui-core-safe-20260523021333/apps/web/app/templates/campaign/deprecated/_distribution.html,apps/web/app/templates/_base/campaign_base.html
data-ff-print-qr	4	apps/web/app/_quarantine/ui-core-safe-20260523021333/apps/web/app/static/js/ff-distribution-v2.js,apps/web/app/_quarantine/ui-core-safe-20260523021333/apps/web/app/templates/campaign/deprecated/_distribution.html,apps/web/app/templates/_base/campaign_base.html
data-ff-sms-link	4	apps/web/app/_quarantine/ui-core-safe-20260523021333/apps/web/app/templates/campaign/_campaign_trust_footer.html,apps/web/app/_quarantine/ui-core-safe-20260523021333/apps/web/app/templates/campaign/deprecated/_distribution.html,apps/web/app/templates/_base/campaign_base.html
data-ff-campaign-slug	4	apps/web/app/_quarantine/ui-core-safe-20260523021333/apps/web/app/static/js/islands/sponsor.js,apps/web/app/static/js/ff-checkout-direct.js,apps/web/app/templates/_base/campaign_base.html
data-ff-sticky-donate	4	apps/web/app/static/css/campaign.css,scripts/audit/ff_campaign_visual_fast.mjs,scripts/audit/ff_visual_surface_board.mjs
data-ff-text-to-donate	4	apps/web/app/_quarantine/ui-core-safe-20260523021333/apps/web/app/static/css/onboarding.bundle.css,apps/web/app/static/css/onboarding.css
data-ff-refresh-ledger	4	apps/web/app/static/css/ff.css,apps/web/app/static/js/ff-operator-dashboard.js,scripts/audit/platform-ops-hardening.mjs
data-ff-email-input	4	apps/web/app/_quarantine/ui-core-safe-20260523021333/apps/web/app/static/js/ff-campaign-amount-guard.js,apps/web/app/_quarantine/ui-core-safe-20260523021333/apps/web/app/static/js/ff-campaign-flagship-enhance.js,scripts/qa_campaign_flagship_smoke.mjs
data-ff-provider-option	4	apps/web/app/_quarantine/ui-core-safe-20260523021333/apps/web/app/static/js/ff-donation-modal-v2.js,scripts/verify-campaign-payments.mjs
data-ff-form	4	apps/web/app/static/js/ff-launch-completion.js,scripts/release/ff_enterprise_launch_gate.mjs
data-ff-copy-state	4	apps/web/app/static/js/ff-operator-dashboard.js
data-ff-checkout-direct-busy	4	apps/web/app/static/js/ff-checkout-direct.js
data-ff-sponsor-amount-input	4	apps/web/app/_quarantine/ui-core-safe-20260523021333/apps/web/app/static/js/ff-campaign-amount-guard.js,apps/web/app/_quarantine/ui-core-safe-20260523021333/apps/web/app/static/js/ff-campaign-flagship-enhance.js,apps/web/app/_quarantine/ui-core-safe-20260523021333/apps/web/app/static/js/ff-campaign-launch-guard-v2.js
data-ff-payment-status	4	apps/web/app/_quarantine/ui-core-safe-20260523021333/apps/web/app/static/js/ff-campaign-amount-guard.js,apps/web/app/_quarantine/ui-core-safe-20260523021333/apps/web/app/static/js/ff-campaign-flagship-enhance.js,apps/web/app/_quarantine/ui-core-safe-20260523021333/apps/web/app/static/js/ff-donation-modal-v2.js
data-ff-sponsor-lane	4	apps/web/app/_quarantine/ui-core-safe-20260523021333/apps/web/app/static/js/ff-campaign-flagship-enhance.js
data-ff-sponsors	4	apps/web/app/_quarantine/ui-core-safe-20260523021333/apps/web/app/static/js/ff-campaign-flagship-enhance.js
data-ff-ledger-url	3	apps/web/app/templates/platform/dashboard.html,scripts/audit/platform-ops-hardening.mjs,scripts/test_product_functionality.mjs
data-ff-save-note	3	apps/web/app/static/js/ff-onboarding.js,apps/web/app/templates/platform/onboarding.html
data-ff-sponsor-status	3	apps/web/app/static/js/ff-app.js,apps/web/app/templates/_base/campaign_base.html,apps/web/app/templates/campaign/_modals.html
data-ff-sponsor-error	3	apps/web/app/static/js/ff-app.js,apps/web/app/templates/_base/campaign_base.html,apps/web/app/templates/campaign/_modals.html
data-ff-sponsor-success	3	apps/web/app/static/js/ff-app.js,apps/web/app/templates/_base/campaign_base.html,apps/web/app/templates/campaign/_modals.html
data-ff-video-panel	3	apps/web/app/static/js/ff-app.js,apps/web/app/templates/_base/campaign_base.html,apps/web/app/templates/campaign/_modals.html
data-ff-video-frame	3	apps/web/app/static/js/ff-app.js,apps/web/app/templates/_base/campaign_base.html,apps/web/app/templates/campaign/_modals.html
data-ff-video-mount	3	apps/web/app/static/js/ff-app.js,apps/web/app/templates/_base/campaign_base.html,apps/web/app/templates/campaign/_modals.html
data-ff-video-status	3	apps/web/app/static/js/ff-app.js,apps/web/app/templates/_base/campaign_base.html,apps/web/app/templates/campaign/_modals.html
data-ff-onboard-email	3	apps/web/app/_quarantine/ui-core-safe-20260523021333/apps/web/app/static/js/islands/onboarding.js,apps/web/app/static/js/ff-app.js,apps/web/app/templates/campaign/_modals.html
data-ff-onboard-summary	3	apps/web/app/_quarantine/ui-core-safe-20260523021333/apps/web/app/static/js/islands/onboarding.js,apps/web/app/static/js/ff-app.js,apps/web/app/templates/campaign/_modals.html
data-ff-onboard-status	3	apps/web/app/_quarantine/ui-core-safe-20260523021333/apps/web/app/static/js/islands/onboarding.js,apps/web/app/static/js/ff-app.js,apps/web/app/templates/campaign/_modals.html
data-ff-onboard-result	3	apps/web/app/_quarantine/ui-core-safe-20260523021333/apps/web/app/static/js/islands/onboarding.js,apps/web/app/static/js/ff-app.js,apps/web/app/templates/campaign/_modals.html
data-ff-onboard-finish	3	apps/web/app/_quarantine/ui-core-safe-20260523021333/apps/web/app/static/js/islands/onboarding.js,apps/web/app/static/js/ff-app.js,apps/web/app/templates/campaign/_modals.html
data-ff-checkout-viewport	3	apps/web/app/_quarantine/ui-core-safe-20260523021333/apps/web/app/templates/campaign/_checkout_sheet.html,apps/web/app/static/js/ff-app.js,apps/web/app/templates/_base/campaign_base.html
data-ff-checkout-content	3	apps/web/app/_quarantine/ui-core-safe-20260523021333/apps/web/app/templates/campaign/_checkout_sheet.html,apps/web/app/static/js/ff-app.js,apps/web/app/templates/_base/campaign_base.html
data-ff-checkout-scroll	3	apps/web/app/_quarantine/ui-core-safe-20260523021333/apps/web/app/templates/campaign/_checkout_sheet.html,apps/web/app/static/js/ff-app.js,apps/web/app/templates/_base/campaign_base.html
data-ff-checkout-status	3	apps/web/app/_quarantine/ui-core-safe-20260523021333/apps/web/app/templates/campaign/_checkout_sheet.html,apps/web/app/static/js/ff-app.js,apps/web/app/templates/_base/campaign_base.html
data-ff-message	3	apps/web/app/_quarantine/ui-core-safe-20260523021333/apps/web/app/templates/campaign/_checkout_sheet.html,apps/web/app/static/js/ff-app.js,apps/web/app/templates/_base/campaign_base.html
data-ff-payment-element	3	apps/web/app/_quarantine/ui-core-safe-20260523021333/apps/web/app/templates/campaign/_checkout_sheet.html,apps/web/app/static/js/ff-app.js,apps/web/app/templates/_base/campaign_base.html
data-ff-action-dock	3	apps/web/app/_quarantine/ui-core-safe-20260523021333/apps/web/app/templates/campaign/_hero.html,apps/web/app/_quarantine/ui-core-safe-20260523021333/apps/web/app/templates/campaign/deprecated/_hero.html,apps/web/app/templates/_base/campaign_base.html
data-ff-copy-qr	3	apps/web/app/_quarantine/ui-core-safe-20260523021333/apps/web/app/templates/campaign/deprecated/_distribution.html,apps/web/app/templates/_base/campaign_base.html
data-ff-brand-context	3	apps/web/app/templates/_partials/ff_shell_header.html,scripts/hoi/hoi_6j_header_convergence_proof.mjs
data-ff-header-surface	3	apps/web/app/_quarantine/ui-core-safe-20260523021333/apps/web/app/templates/_partials/ff_site_header.html,scripts/verify-header-convergence.mjs
data-ff-header-variant	3	apps/web/app/_quarantine/ui-core-safe-20260523021333/apps/web/app/templates/_partials/ff_site_header.html,scripts/verify-header-convergence.mjs
data-ff-check-done	3	apps/web/app/_quarantine/ui-core-safe-20260523021333/apps/web/app/static/css/campaign.bundle.css,apps/web/app/_quarantine/ui-core-safe-20260523021333/apps/web/app/static/css/login.bundle.css,apps/web/app/_quarantine/ui-core-safe-20260523021333/apps/web/app/static/css/onboarding.bundle.css
data-ff-onboard-progress-fill	3	apps/web/app/_quarantine/ui-core-safe-20260523021333/apps/web/app/static/css/campaign.bundle.css,apps/web/app/_quarantine/ui-core-safe-20260523021333/apps/web/app/static/css/login.bundle.css,apps/web/app/_quarantine/ui-core-safe-20260523021333/apps/web/app/static/css/onboarding.bundle.css
data-ff-dashboard-progress-fill	3	apps/web/app/_quarantine/ui-core-safe-20260523021333/apps/web/app/static/css/campaign.bundle.css,apps/web/app/_quarantine/ui-core-safe-20260523021333/apps/web/app/static/css/login.bundle.css,apps/web/app/_quarantine/ui-core-safe-20260523021333/apps/web/app/static/css/onboarding.bundle.css
data-ff-final-cta	3	apps/web/app/_quarantine/ui-core-safe-20260523021333/apps/web/app/static/css/campaign.bundle.css,apps/web/app/_quarantine/ui-core-safe-20260523021333/apps/web/app/static/css/login.bundle.css,apps/web/app/_quarantine/ui-core-safe-20260523021333/apps/web/app/static/css/onboarding.bundle.css
data-ff-payment-panel	3	apps/web/app/_quarantine/ui-core-safe-20260523021333/apps/web/app/static/css/campaign.bundle.css,apps/web/app/_quarantine/ui-core-safe-20260523021333/apps/web/app/static/css/login.bundle.css,apps/web/app/_quarantine/ui-core-safe-20260523021333/apps/web/app/static/css/onboarding.bundle.css
data-ff-dashboard-hero	3	apps/web/app/_quarantine/ui-core-safe-20260523021333/apps/web/app/static/css/campaign.bundle.css,apps/web/app/_quarantine/ui-core-safe-20260523021333/apps/web/app/static/css/login.bundle.css,apps/web/app/_quarantine/ui-core-safe-20260523021333/apps/web/app/static/css/onboarding.bundle.css
data-ff-access-panel	3	apps/web/app/_quarantine/ui-core-safe-20260523021333/apps/web/app/static/css/campaign.bundle.css,apps/web/app/_quarantine/ui-core-safe-20260523021333/apps/web/app/static/css/login.bundle.css,apps/web/app/_quarantine/ui-core-safe-20260523021333/apps/web/app/static/css/onboarding.bundle.css
data-ff-scroll-reveal	3	apps/web/app/_quarantine/ui-core-safe-20260523021333/apps/web/app/static/css/campaign.bundle.css,apps/web/app/_quarantine/ui-core-safe-20260523021333/apps/web/app/static/css/login.bundle.css,apps/web/app/_quarantine/ui-core-safe-20260523021333/apps/web/app/static/css/onboarding.bundle.css
data-ff-copied	3	apps/web/app/_quarantine/ui-core-final-blockers-20260523024222/apps/web/app/static/css/campaign.public.css,apps/web/app/_quarantine/ui-core-safe-20260523021333/apps/web/app/static/css/campaign.bundle.css,apps/web/app/_quarantine/ui-core-safe-20260523021333/apps/web/app/static/css/onboarding.bundle.css
data-ff-open	3	scripts/campaign-payment-smoke.mjs
data-ff-recent-ledger-proof	3	apps/web/app/_quarantine/ui-core-safe-20260523021333/apps/web/app/static/js/ff-campaign-flagship-enhance.js,scripts/qa_trust_proof_visual.mjs
data-ff-brand-contract-saved	3	apps/web/app/static/js/ff-onboarding.js,scripts/hoi/hoi_6i_brand_kit_contract_proof.mjs
data-ff-checkout-pending	3	apps/web/app/static/js/ff-checkout-direct.js
data-ff-media-error	3	apps/web/app/_quarantine/ui-core-safe-20260523021333/apps/web/app/static/js/ff-team-media-proof.js
data-ff-ledger-proof-copy	3	apps/web/app/_quarantine/ui-core-safe-20260523021333/apps/web/app/static/js/ff-campaign-flagship-enhance.js
data-ff-sponsor-amount-label	3	apps/web/app/_quarantine/ui-core-safe-20260523021333/apps/web/app/static/js/ff-campaign-amount-guard.js,apps/web/app/_quarantine/ui-core-safe-20260523021333/apps/web/app/static/js/ff-campaign-launch-guard-v2.js
data-ff-post-action-trust	3	scripts/audit/ff_post_action_trust_audit.mjs
data-ff-contract	3	scripts/audit/ff_onboarding_modern_audit.mjs,scripts/audit/ff_onboarding_runtime_contract.mjs
data-ff-page-body	2	apps/web/app/templates/platform/dashboard.html,apps/web/app/templates/platform/dashboard_locked.html
data-ff-brand-contract	2	apps/web/app/templates/platform/dashboard.html,apps/web/app/templates/platform/dashboard_locked.html
data-ff-events-url	2	apps/web/app/templates/platform/dashboard.html,scripts/test_product_functionality.mjs
data-ff-export-href	2	apps/web/app/static/css/ff.css,apps/web/app/templates/platform/dashboard.html
data-ff-sponsor-review-queue	2	apps/web/app/templates/platform/dashboard.html,scripts/audit/ff_dashboard_final_polish_audit.mjs
data-ff-color-primary	2	apps/web/app/static/js/ff-onboarding.js,apps/web/app/templates/platform/onboarding.html
data-ff-color-accent	2	apps/web/app/static/js/ff-onboarding.js,apps/web/app/templates/platform/onboarding.html
data-ff-color-soft	2	apps/web/app/static/js/ff-onboarding.js,apps/web/app/templates/platform/onboarding.html
data-ff-dashboard-locked-root	2	apps/web/app/templates/platform/dashboard_locked.html,scripts/audit/ff_premium_demo_readiness_audit.mjs
data-ff-sponsor-package-key	2	apps/web/app/templates/platform/_sponsor_package_preview.html,apps/web/app/templates/platform/_sponsor_queue_preview.html
data-ff-css-contract	2	apps/web/app/templates/campaign/index.html,apps/web/app/templates/platform/index.html
data-ff-shell	2	apps/web/app/templates/_base/campaign_base.html,apps/web/app/templates/platform/index.html
data-ff-onboard-copy	2	apps/web/app/static/js/ff-app.js,apps/web/app/templates/campaign/_modals.html
data-ff-onboard-prev	2	apps/web/app/static/js/ff-app.js,apps/web/app/templates/campaign/_modals.html
data-ff-onboard-next	2	apps/web/app/static/js/ff-app.js,apps/web/app/templates/campaign/_modals.html
data-ff-share-primary	2	apps/web/app/templates/campaign/index.html,scripts/campaign-payment-smoke.mjs
data-ff-sponsor-contract	2	apps/web/app/templates/campaign/index.html,scripts/audit/demo-hardening.mjs
data-ff-campaign-css-authority	2	apps/web/app/templates/campaign/index.html,scripts/verify/ff_css_v1_authority_check.mjs
data-ff-payment-return-status	2	apps/web/app/templates/campaign/index.html
data-ff-media-bound	2	apps/web/app/templates/campaign/index.html,scripts/launch/ff_full_suite_preflight.mjs
data-ff-sponsor-package-input	2	apps/web/app/_quarantine/ui-core-safe-20260523021333/apps/web/app/static/js/ff.sponsor-packages.js,apps/web/app/templates/campaign/index.html
data-ff-sponsor-package-key-input	2	apps/web/app/_quarantine/ui-core-safe-20260523021333/apps/web/app/static/js/ff.sponsor-packages.js,apps/web/app/templates/campaign/index.html
data-ff-sponsor-package-name-input	2	apps/web/app/_quarantine/ui-core-safe-20260523021333/apps/web/app/static/js/ff.sponsor-packages.js,apps/web/app/templates/campaign/index.html
data-ff-sponsor-package-amount-input	2	apps/web/app/_quarantine/ui-core-safe-20260523021333/apps/web/app/static/js/ff.sponsor-packages.js,apps/web/app/templates/campaign/index.html
data-ff-checkout-donor-name	2	apps/web/app/static/js/ff-checkout-direct.js,apps/web/app/templates/campaign/index.html
data-ff-checkout-payment-summary-amount	2	apps/web/app/static/js/ff-campaign-enterprise-contract.js,apps/web/app/templates/campaign/index.html
data-ff-theme-toggle	2	apps/web/app/static/js/ff-app.js,apps/web/app/templates/_base/campaign_base.html
data-ff-open-video	2	apps/web/app/static/js/ff-app.js,apps/web/app/templates/_base/campaign_base.html
data-ff-backtotop	2	apps/web/app/static/js/ff-app.js,apps/web/app/templates/_base/campaign_base.html
data-ff-tabs	2	apps/web/app/static/js/ff-app.js,apps/web/app/templates/_base/campaign_base.html
data-ff-impact-ledger	2	apps/web/app/_quarantine/ui-core-safe-20260523021333/apps/web/app/templates/campaign/deprecated/_story.html,apps/web/app/templates/_base/campaign_base.html
data-ff-qr-card	2	apps/web/app/_quarantine/ui-core-safe-20260523021333/apps/web/app/templates/campaign/deprecated/_distribution.html,apps/web/app/templates/_base/campaign_base.html
data-ff-qr-canvas	2	apps/web/app/_quarantine/ui-core-safe-20260523021333/apps/web/app/templates/campaign/deprecated/_distribution.html,apps/web/app/templates/_base/campaign_base.html
data-ff-body	2	apps/web/app/_quarantine/ui-core-safe-20260523021333/apps/web/app/templates/_base/platform_base.html,apps/web/app/templates/_base/campaign_base.html
data-ff-data-mode	2	apps/web/app/_quarantine/ui-core-safe-20260523021333/apps/web/app/templates/_base/platform_base.html,apps/web/app/templates/_base/campaign_base.html
data-ff-canonical	2	apps/web/app/_quarantine/ui-core-safe-20260523021333/apps/web/app/templates/_base/platform_base.html,apps/web/app/templates/_base/campaign_base.html
data-ff-text-keyword	2	apps/web/app/_quarantine/ui-core-safe-20260523021333/apps/web/app/templates/campaign/deprecated/_distribution.html,apps/web/app/templates/_base/campaign_base.html
data-ff-text-number	2	apps/web/app/_quarantine/ui-core-safe-20260523021333/apps/web/app/templates/campaign/deprecated/_distribution.html,apps/web/app/templates/_base/campaign_base.html
data-ff-checkout-direct-js	2	apps/web/app/templates/_base/campaign_base.html,scripts/audit/ff_checkout_continue_ux_audit.mjs
data-ff-nav-link	2	apps/web/app/_quarantine/ui-core-safe-20260523021333/apps/web/app/templates/_partials/ff_site_header.html,apps/web/app/templates/_partials/ff_shell_header.html
data-ff-text-donate-preview	2	apps/web/app/static/js/ff-launch-completion.js,apps/web/app/templates/_partials/ff_onboarding_text_to_donate.html
data-ff-live-message	2	apps/web/app/_quarantine/ui-core-safe-20260523021333/apps/web/app/static/js/ff-campaign-live-fomo.js,apps/web/app/_quarantine/ui-core-safe-20260523021333/apps/web/app/templates/campaign/_campaign_hero.html
data-ff-live-viewers	2	apps/web/app/_quarantine/ui-core-safe-20260523021333/apps/web/app/static/js/ff-campaign-live-fomo.js,apps/web/app/_quarantine/ui-core-safe-20260523021333/apps/web/app/templates/campaign/_campaign_hero.html
data-ff-soft-urgency	2	apps/web/app/_quarantine/ui-core-safe-20260523021333/apps/web/app/static/js/ff-campaign-live-fomo.js,apps/web/app/_quarantine/ui-core-safe-20260523021333/apps/web/app/templates/campaign/_campaign_hero.html
data-ff-hero-capsule	2	apps/web/app/_quarantine/ui-core-safe-20260523021333/apps/web/app/templates/campaign/_hero.html,apps/web/app/_quarantine/ui-core-safe-20260523021333/apps/web/app/templates/campaign/deprecated/_hero.html
data-ff-donation-preview-form	2	apps/web/app/_quarantine/ui-core-safe-20260523021333/apps/web/app/templates/campaign/_hero.html,apps/web/app/_quarantine/ui-core-safe-20260523021333/apps/web/app/templates/campaign/deprecated/_hero.html
data-ff-donation-preview-amount	2	apps/web/app/_quarantine/ui-core-safe-20260523021333/apps/web/app/templates/campaign/_hero.html,apps/web/app/_quarantine/ui-core-safe-20260523021333/apps/web/app/templates/campaign/deprecated/_hero.html
data-ff-momentum	2	apps/web/app/_quarantine/ui-core-safe-20260523021333/apps/web/app/static/js/ff.momentum.js,apps/web/app/_quarantine/ui-core-safe-20260523021333/apps/web/app/templates/campaign/_campaign_momentum_bar.html
data-ff-primary-nav	2	apps/web/app/_quarantine/ui-core-safe-20260523021333/apps/web/app/templates/_partials/ff_site_header.html,scripts/verify-header-convergence.mjs
data-ff-header-action	2	apps/web/app/_quarantine/ui-core-safe-20260523021333/apps/web/app/templates/_partials/ff_site_header.html
data-ff-mobile-header-action	2	apps/web/app/_quarantine/ui-core-safe-20260523021333/apps/web/app/templates/_partials/ff_site_header.html
data-ff-text-to-donate-card	2	apps/web/app/_quarantine/ui-core-safe-20260523021333/apps/web/app/static/js/ff-campaign-enterprise.js,apps/web/app/_quarantine/ui-core-safe-20260523021333/apps/web/app/templates/_partials/ff_text_to_donate_card.html
data-ff-text-donate-action	2	apps/web/app/_quarantine/ui-core-safe-20260523021333/apps/web/app/templates/_partials/ff_text_to_donate_card.html
data-ff-program-proof	2	apps/web/app/_quarantine/ui-core-safe-20260523021333/apps/web/app/static/js/ff-program-proof-v2.js,apps/web/app/_quarantine/ui-core-safe-20260523021333/apps/web/app/templates/campaign/deprecated/_teams.html
data-ff-program-proof-open	2	apps/web/app/_quarantine/ui-core-safe-20260523021333/apps/web/app/static/js/ff-program-proof-v2.js,apps/web/app/_quarantine/ui-core-safe-20260523021333/apps/web/app/templates/campaign/deprecated/_teams.html
data-ff-program-panel	2	apps/web/app/_quarantine/ui-core-safe-20260523021333/apps/web/app/static/js/ff-program-proof-v2.js,apps/web/app/_quarantine/ui-core-safe-20260523021333/apps/web/app/templates/campaign/deprecated/_teams.html
data-ff-program-image	2	apps/web/app/_quarantine/ui-core-safe-20260523021333/apps/web/app/static/js/ff-program-proof-v2.js,apps/web/app/_quarantine/ui-core-safe-20260523021333/apps/web/app/templates/campaign/deprecated/_teams.html
data-ff-program-tab	2	apps/web/app/_quarantine/ui-core-safe-20260523021333/apps/web/app/static/js/ff-program-proof-v2.js,apps/web/app/_quarantine/ui-core-safe-20260523021333/apps/web/app/templates/campaign/deprecated/_teams.html
data-ff-program-story	2	apps/web/app/_quarantine/ui-core-safe-20260523021333/apps/web/app/static/js/ff-program-proof-v2.js,apps/web/app/_quarantine/ui-core-safe-20260523021333/apps/web/app/templates/campaign/deprecated/_teams.html
data-ff-qr-fallback	2	apps/web/app/_quarantine/ui-core-safe-20260523021333/apps/web/app/static/js/ff-distribution-v2.js,apps/web/app/_quarantine/ui-core-safe-20260523021333/apps/web/app/templates/campaign/deprecated/_distribution.html
data-ff-distribution-preview	2	apps/web/app/_quarantine/ui-core-safe-20260523021333/apps/web/app/static/js/ff-distribution-v2.js,apps/web/app/_quarantine/ui-core-safe-20260523021333/apps/web/app/templates/campaign/deprecated/_distribution.html
data-ff-copy-parent-blurb	2	apps/web/app/_quarantine/ui-core-safe-20260523021333/apps/web/app/static/js/ff-distribution-v2.js,apps/web/app/_quarantine/ui-core-safe-20260523021333/apps/web/app/templates/campaign/deprecated/_distribution.html
data-ff-copy-sponsor-blurb	2	apps/web/app/_quarantine/ui-core-safe-20260523021333/apps/web/app/static/js/ff-distribution-v2.js,apps/web/app/_quarantine/ui-core-safe-20260523021333/apps/web/app/templates/campaign/deprecated/_distribution.html
data-ff-checkout-panel	2	apps/web/app/_quarantine/ui-core-safe-20260523021333/apps/web/app/static/js/ff-campaign-amount-guard.js,apps/web/app/static/css/campaign.css
data-ff-embedded-checkout	2	apps/web/app/_quarantine/ui-core-final-blockers-20260523024222/apps/web/app/static/css/campaign.public.css,apps/web/app/_quarantine/ui-core-safe-20260523021333/apps/web/app/static/css/campaign.bundle.css
data-ff-campaign-compression-hidden	2	apps/web/app/_quarantine/ui-core-final-blockers-20260523024222/apps/web/app/static/css/campaign.public.css,apps/web/app/_quarantine/ui-core-safe-20260523021333/apps/web/app/static/css/campaign.bundle.css
data-ff-selected	2	apps/web/app/static/js/ff-checkout-direct.js,scripts/campaign-payment-smoke.mjs
data-ff-home-console	2	scripts/qa_homepage_smoke.mjs,scripts/verify-homepage-launch.mjs
data-ff-ledger-trust	2	apps/web/app/_quarantine/ui-core-safe-20260523021333/apps/web/app/static/js/ff-campaign-flagship-enhance.js,scripts/qa_campaign_flagship_smoke.mjs
data-ff-qr	2	scripts/capture-campaign-modals.mjs,scripts/test_product_functionality.mjs
data-ff-qr-code	2	scripts/capture-campaign-modals.mjs,scripts/test_product_functionality.mjs
data-ff-sponsor-review-note	2	scripts/audit/ff_post_action_trust_audit.mjs,scripts/qa_trust_proof_visual.mjs
data-ff-checkout-continue	2	apps/web/app/static/js/ff-checkout-direct.js,scripts/verify-campaign-payments.mjs
data-ff-payment-submit	2	apps/web/app/_quarantine/ui-core-safe-20260523021333/apps/web/app/static/js/ff-campaign-amount-guard.js,scripts/verify-campaign-payments.mjs
data-ff-render-paypal	2	apps/web/app/_quarantine/ui-core-safe-20260523021333/apps/web/app/static/js/ff-campaign-flagship-enhance.js,scripts/verify-campaign-payments.mjs
data-ff-provider-status	2	apps/web/app/_quarantine/ui-core-safe-20260523021333/apps/web/app/static/js/ff-payment-provider-status.js,scripts/verify-campaign-payments.mjs
data-ff-payment-ready	2	apps/web/app/_quarantine/ui-core-safe-20260523021333/apps/web/app/static/js/ff-payment-provider-status.js,scripts/verify-campaign-payments.mjs
data-ff-op-raised	2	apps/web/app/static/js/ff-operator-dashboard.js,scripts/qa_operator_dashboard_smoke.mjs
data-ff-events-list	2	apps/web/app/static/js/ff-operator-dashboard.js,scripts/qa_operator_dashboard_smoke.mjs
data-ff-export-csv	2	apps/web/app/static/js/ff-operator-dashboard.js,scripts/qa_operator_dashboard_smoke.mjs
data-ff-team-media-image	2	apps/web/app/_quarantine/ui-core-safe-20260523021333/apps/web/app/static/js/ff-team-media-proof.js,scripts/capture-campaign-screenshot.mjs
data-ff-open-onboard	2	apps/web/app/_quarantine/ui-core-safe-20260523021333/apps/web/app/static/js/islands/onboarding.js,apps/web/app/static/js/ff-app.js
data-ff-sponsor-tier-value	2	apps/web/app/_quarantine/ui-core-safe-20260523021333/apps/web/app/static/js/islands/sponsor.js,apps/web/app/static/js/ff-app.js
data-ff-sponsor-panel	2	apps/web/app/static/js/ff-campaign-enterprise-contract.js
data-ff-checkout-direct-status	2	apps/web/app/static/js/ff-checkout-direct.js
data-ff-checkout-pending-until	2	apps/web/app/static/js/ff-checkout-direct.js
data-ff-intel-section	2	apps/web/app/_quarantine/ui-core-safe-20260523021333/apps/web/app/static/js/ff-campaign-intel.js
data-ff-cinematic-toast	2	apps/web/app/_quarantine/ui-core-safe-20260523021333/apps/web/app/static/js/ff-cinematic.js
data-ff-cinematic-dock	2	apps/web/app/_quarantine/ui-core-safe-20260523021333/apps/web/app/static/js/ff-cinematic.js
data-ff-media-loaded	2	apps/web/app/_quarantine/ui-core-safe-20260523021333/apps/web/app/static/js/ff-team-media-proof.js
data-ff-mobile-drawer-trigger	2	apps/web/app/_quarantine/ui-core-safe-20260523021333/apps/web/app/static/js/ff-campaign-flagship-enhance.js
data-ff-onboard-score	2	apps/web/app/_quarantine/ui-core-safe-20260523021333/apps/web/app/static/js/islands/onboarding.js,scripts/audit/platform-ops-hardening.mjs
data-ff-cinematic-asset	2	scripts/verify/ff_cinematic_money_loop.mjs
data-ff-login-contract	2	scripts/audit/ff_login_final_lock_audit.mjs,scripts/audit/ff_login_v4_audit.mjs
data-ff-share-open	2	scripts/audit/ff_share_qr_dom_probe.mjs
data-ff-operator-token	1	apps/web/app/templates/platform/dashboard.html
data-ff-dashboard-template	1	apps/web/app/templates/platform/dashboard.html
data-ff-dashboard-server-layout	1	apps/web/app/templates/platform/dashboard.html
data-ff-dashboard-momentum	1	apps/web/app/templates/platform/dashboard.html
data-ff-dashboard-operations	1	apps/web/app/templates/platform/dashboard.html
data-ff-operator-dashboard-js	1	apps/web/app/templates/platform/dashboard.html
data-ff-onboarding-template	1	apps/web/app/templates/platform/onboarding.html
data-ff-theme-picker	1	apps/web/app/templates/platform/onboarding.html
data-ff-theme-preview	1	apps/web/app/templates/platform/onboarding.html
data-ff-login-template	1	apps/web/app/templates/platform/login.html
data-ff-login-authority	1	apps/web/app/templates/platform/login.html
data-ff-login-premium-pass	1	apps/web/app/templates/platform/login.html
data-ff-login-js	1	apps/web/app/templates/platform/login.html
data-ff-ui-version	1	apps/web/app/templates/platform/dashboard_locked.html
data-ff-dashboard-core-css	1	apps/web/app/templates/platform/dashboard_locked.html
data-ff-sponsor-package-name	1	apps/web/app/templates/platform/_sponsor_package_preview.html
data-ff-sponsor-package-amount	1	apps/web/app/templates/platform/_sponsor_package_preview.html
data-ff-provider-readiness	1	apps/web/app/templates/platform/_provider_readiness_panel.html
data-ff-provider-readiness-v2	1	apps/web/app/templates/platform/_provider_readiness_panel.html
data-ff-sponsor-queue-package	1	apps/web/app/templates/platform/_sponsor_queue_preview.html
data-ff-platform-template	1	apps/web/app/templates/platform/index.html
data-ff-home-copy-contract	1	apps/web/app/templates/platform/index.html
data-ff-app-js	1	apps/web/app/templates/platform/index.html
data-ff-polish-version	1	apps/web/app/templates/campaign/index.html
data-ff-sponsor-contract-script	1	apps/web/app/templates/campaign/index.html
data-ff-page-css-preload	1	apps/web/app/templates/campaign/index.html
data-ff-payment-return	1	apps/web/app/templates/campaign/index.html
data-ff-session-id	1	apps/web/app/templates/campaign/index.html
data-ff-legacy-story-anchor	1	apps/web/app/templates/campaign/index.html
data-ff-progress	1	apps/web/app/templates/campaign/index.html
data-ff-checkout-form	1	apps/web/app/templates/campaign/index.html
data-ff-squad-card	1	apps/web/app/templates/campaign/index.html
data-ff-team-card	1	apps/web/app/templates/campaign/index.html
data-ff-team-support	1	apps/web/app/templates/campaign/index.html
data-ff-story-video-link	1	apps/web/app/templates/campaign/index.html
data-ff-story-video-preview	1	apps/web/app/templates/campaign/index.html
data-ff-faq-mini	1	apps/web/app/templates/campaign/index.html
data-ff-campaign-footer	1	apps/web/app/templates/campaign/index.html
data-ff-share-url-input	1	apps/web/app/templates/campaign/index.html
data-ff-sponsor-modal-summary	1	apps/web/app/templates/campaign/index.html
data-ff-sponsor-selected-package	1	apps/web/app/templates/campaign/index.html
data-ff-sponsor-modal-form	1	apps/web/app/templates/campaign/index.html
data-ff-sponsor-modal-submit	1	apps/web/app/templates/campaign/index.html
data-ff-checkout-enterprise	1	apps/web/app/templates/campaign/index.html
data-ff-checkout-prep	1	apps/web/app/templates/campaign/index.html
data-ff-checkout-impact	1	apps/web/app/templates/campaign/index.html
data-ff-checkout-impact-title	1	apps/web/app/templates/campaign/index.html
data-ff-checkout-impact-copy	1	apps/web/app/templates/campaign/index.html
data-ff-checkout-stage	1	apps/web/app/templates/campaign/index.html
data-ff-checkout-payment-summary	1	apps/web/app/templates/campaign/index.html
data-ff-embedded-checkout-error	1	apps/web/app/templates/campaign/index.html
data-ff-checkout-empty-state	1	apps/web/app/templates/campaign/index.html
data-ff-enterprise-contract-script	1	apps/web/app/templates/campaign/index.html
data-ff-css	1	apps/web/app/templates/_base/site_base.html
data-ff-command-card	1	apps/web/app/templates/_base/campaign_base.html
data-ff-download-qr	1	apps/web/app/templates/_base/campaign_base.html
data-ff-org-name	1	apps/web/app/templates/_base/campaign_base.html
data-ff-campaign-name	1	apps/web/app/templates/_base/campaign_base.html
data-ff-currency	1	apps/web/app/templates/_base/campaign_base.html
data-ff-asset-version	1	apps/web/app/templates/_base/campaign_base.html
data-ff-page-surface	1	apps/web/app/templates/_base/campaign_base.html
data-ff-config	1	apps/web/app/templates/_base/campaign_base.html
data-ff-sponsor-modal-contract-js	1	apps/web/app/templates/_base/campaign_base.html
data-ff-donation-payload-firewall-js	1	apps/web/app/templates/_base/campaign_base.html
data-ff-checkout-js-contract	1	apps/web/app/templates/_base/campaign_base.html
data-ff-campaign-js	1	apps/web/app/templates/_base/campaign_base.html
data-ff-campaign-bridge-script	1	apps/web/app/templates/_base/campaign_base.html
data-ff-modal-state-contract	1	apps/web/app/templates/_base/campaign_base.html
data-ff-hero-live-activity	1	apps/web/app/_quarantine/ui-core-safe-20260523021333/apps/web/app/templates/campaign/_campaign_hero.html
data-ff-campaign-momentum-section	1	apps/web/app/_quarantine/ui-core-safe-20260523021333/apps/web/app/templates/campaign/_campaign_momentum_bar.html
data-ff-header-version	1	apps/web/app/_quarantine/ui-core-safe-20260523021333/apps/web/app/templates/_partials/ff_site_header.html
data-ff-platform-header	1	apps/web/app/_quarantine/ui-core-safe-20260523021333/apps/web/app/templates/_partials/ff_site_header.html
data-ff-campaign-header	1	apps/web/app/_quarantine/ui-core-safe-20260523021333/apps/web/app/templates/_partials/ff_site_header.html
data-ff-brand-mark	1	apps/web/app/_quarantine/ui-core-safe-20260523021333/apps/web/app/templates/_partials/ff_site_header.html
data-ff-brand-copy	1	apps/web/app/_quarantine/ui-core-safe-20260523021333/apps/web/app/templates/_partials/ff_site_header.html
data-ff-brand-name	1	apps/web/app/_quarantine/ui-core-safe-20260523021333/apps/web/app/templates/_partials/ff_site_header.html
data-ff-brand-meta	1	apps/web/app/_quarantine/ui-core-safe-20260523021333/apps/web/app/templates/_partials/ff_site_header.html
data-ff-home-nav	1	apps/web/app/_quarantine/ui-core-safe-20260523021333/apps/web/app/templates/_partials/ff_site_header.html
data-ff-home-navigation	1	apps/web/app/_quarantine/ui-core-safe-20260523021333/apps/web/app/templates/_partials/ff_site_header.html
data-ff-mobile-nav	1	apps/web/app/_quarantine/ui-core-safe-20260523021333/apps/web/app/templates/_partials/ff_site_header.html
data-ff-mobile-nav-toggle	1	apps/web/app/_quarantine/ui-core-safe-20260523021333/apps/web/app/templates/_partials/ff_site_header.html
data-ff-mobile-nav-panel	1	apps/web/app/_quarantine/ui-core-safe-20260523021333/apps/web/app/templates/_partials/ff_site_header.html
data-ff-mobile-nav-links	1	apps/web/app/_quarantine/ui-core-safe-20260523021333/apps/web/app/templates/_partials/ff_site_header.html
data-ff-mobile-nav-link	1	apps/web/app/_quarantine/ui-core-safe-20260523021333/apps/web/app/templates/_partials/ff_site_header.html
data-ff-mobile-nav-actions	1	apps/web/app/_quarantine/ui-core-safe-20260523021333/apps/web/app/templates/_partials/ff_site_header.html
data-ff-support-methods-rail	1	apps/web/app/_quarantine/ui-core-safe-20260523021333/apps/web/app/templates/_partials/ff_support_methods_rail.html
data-ff-launch-mode	1	apps/web/app/_quarantine/ui-core-safe-20260523021333/apps/web/app/templates/_partials/ff_support_methods_rail.html
data-ff-mobile-donate-dock	1	apps/web/app/_quarantine/ui-core-safe-20260523021333/apps/web/app/templates/_partials/ff_mobile_donate_dock.html
data-ff-program-gallery	1	apps/web/app/_quarantine/ui-core-safe-20260523021333/apps/web/app/templates/campaign/deprecated/_teams.html
data-ff-impact-ledger-mini	1	apps/web/app/_quarantine/ui-core-safe-20260523021333/apps/web/app/templates/campaign/deprecated/_story.html
data-ff-trust-mini	1	apps/web/app/_quarantine/ui-core-safe-20260523021333/apps/web/app/templates/campaign/deprecated/_faq.html
data-ff-chrome	1	apps/web/app/_quarantine/ui-core-safe-20260523021333/apps/web/app/templates/campaign/deprecated/_chrome.html
data-ff-topbar	1	apps/web/app/_quarantine/ui-core-safe-20260523021333/apps/web/app/templates/campaign/deprecated/_chrome.html
data-ff-sponsor-mini	1	apps/web/app/_quarantine/ui-core-safe-20260523021333/apps/web/app/templates/campaign/deprecated/_sponsor_lane.html
data-ff-quick-amount	1	apps/web/app/static/css/campaign.css
data-ff-preset-amount	1	apps/web/app/static/css/campaign.css
data-ff-sponsor-selected-tier	1	apps/web/app/static/css/campaign.css
data-ff-amount-grid	1	apps/web/app/static/css/campaign.css
data-ff-sponsor-card	1	apps/web/app/static/css/campaign.css
data-ff-dashboard-exec-assistant	1	apps/web/app/static/css/ff.css
data-ff-metric-value	1	apps/web/app/static/css/ff.css
data-ff-donate-primary	1	scripts/campaign-payment-smoke.mjs
data-ff-home-campaign-preview	1	scripts/qa_homepage_smoke.mjs
data-ff-close-share	1	scripts/test_product_functionality.mjs
data-ff-open-qr	1	scripts/test_product_functionality.mjs
data-ff-share-qr	1	scripts/test_product_functionality.mjs
data-ff-offline-url	1	scripts/test_product_functionality.mjs
data-ff-demo-metric-disclosure	1	scripts/qa_trust_proof_visual.mjs
data-ff-payment-provider	1	scripts/verify-campaign-payments.mjs
data-ff-home-footer	1	scripts/verify-homepage-launch.mjs
data-ff-home-console-link	1	scripts/verify-homepage-launch.mjs
data-ff-stale-island-blocked	1	apps/web/app/static/js/ff-app.js
data-ff-close	1	apps/web/app/static/js/ff-app.js
data-ff-video-src	1	apps/web/app/static/js/ff-app.js
data-ff-sponsor-drawer	1	apps/web/app/static/js/ff-campaign-enterprise-contract.js
data-ff-share-panel	1	apps/web/app/static/js/ff-campaign-enterprise-contract.js
data-ff-campaign-title	1	apps/web/app/static/js/ff-campaign-enterprise-contract.js
data-ff-enterprise-contract	1	apps/web/app/static/js/ff-campaign-enterprise-contract.js
data-ff-safe-runtime-observed	1	apps/web/app/static/js/ff-campaign.js
data-ff-save-status	1	apps/web/app/static/js/ff-launch-completion.js
data-ff-readiness-score	1	apps/web/app/static/js/ff-launch-completion.js
data-ff-ledger-health	1	apps/web/app/static/js/ff-operator-dashboard.js
data-ff-ledger-updated	1	apps/web/app/static/js/ff-operator-dashboard.js
data-ff-op-donation-count	1	apps/web/app/static/js/ff-operator-dashboard.js
data-ff-op-sponsor-count	1	apps/web/app/static/js/ff-operator-dashboard.js
data-ff-op-event-count	1	apps/web/app/static/js/ff-operator-dashboard.js
data-ff-offline-status	1	apps/web/app/static/js/ff-operator-dashboard.js
data-ff-submit-offline-donation	1	apps/web/app/static/js/ff-operator-dashboard.js
data-ff-setup-status-form	1	apps/web/app/static/js/ff-operator-dashboard.js
data-ff-setup-row	1	apps/web/app/static/js/ff-operator-dashboard.js
data-ff-setup-status-select	1	apps/web/app/static/js/ff-operator-dashboard.js
data-ff-dashboard-assistant-mounted	1	apps/web/app/static/js/ff-operator-dashboard.js
data-ff-a11y-label	1	apps/web/app/static/js/ff-operator-dashboard.js
data-ff-payment-continue	1	apps/web/app/static/js/ff-checkout-direct.js
data-ff-submit-checkout	1	apps/web/app/static/js/ff-checkout-direct.js
data-ff-donor-email	1	apps/web/app/static/js/ff-checkout-direct.js
data-ff-receipt-email	1	apps/web/app/static/js/ff-checkout-direct.js
data-ff-live-fomo-ready	1	apps/web/app/_quarantine/ui-core-safe-20260523021333/apps/web/app/static/js/ff-campaign-live-fomo.js
data-ff-campaign-config	1	apps/web/app/_quarantine/ui-core-safe-20260523021333/apps/web/app/static/js/ff-cinematic.js
data-ff-open-share	1	apps/web/app/_quarantine/ui-core-safe-20260523021333/apps/web/app/static/js/ff-cinematic.js
data-ff-ledger-summary	1	apps/web/app/_quarantine/ui-core-safe-20260523021333/apps/web/app/static/js/ff-cinematic.js
data-ff-cinematic-ready	1	apps/web/app/_quarantine/ui-core-safe-20260523021333/apps/web/app/static/js/ff-cinematic.js
data-ff-team-media-item	1	apps/web/app/_quarantine/ui-core-safe-20260523021333/apps/web/app/static/js/ff-team-media-proof.js
data-ff-close-mobile-drawer	1	apps/web/app/_quarantine/ui-core-safe-20260523021333/apps/web/app/static/js/ff-campaign-flagship-enhance.js
data-ff-sponsor-business-name	1	apps/web/app/_quarantine/ui-core-safe-20260523021333/apps/web/app/static/js/ff-campaign-flagship-enhance.js
data-ff-sponsor-contact-name	1	apps/web/app/_quarantine/ui-core-safe-20260523021333/apps/web/app/static/js/ff-campaign-flagship-enhance.js
data-ff-sponsor-contact-email	1	apps/web/app/_quarantine/ui-core-safe-20260523021333/apps/web/app/static/js/ff-campaign-flagship-enhance.js
data-ff-sponsor-website	1	apps/web/app/_quarantine/ui-core-safe-20260523021333/apps/web/app/static/js/ff-campaign-flagship-enhance.js
data-ff-sponsor-display-preference	1	apps/web/app/_quarantine/ui-core-safe-20260523021333/apps/web/app/static/js/ff-campaign-flagship-enhance.js
data-ff-raised-display	1	apps/web/app/_quarantine/ui-core-safe-20260523021333/apps/web/app/static/js/ff-campaign-flagship-enhance.js
data-ff-raised-total	1	apps/web/app/_quarantine/ui-core-safe-20260523021333/apps/web/app/static/js/ff-campaign-flagship-enhance.js
data-ff-raised	1	apps/web/app/_quarantine/ui-core-safe-20260523021333/apps/web/app/static/js/ff-campaign-flagship-enhance.js
data-ff-goal-display	1	apps/web/app/_quarantine/ui-core-safe-20260523021333/apps/web/app/static/js/ff-campaign-flagship-enhance.js
data-ff-goal-total	1	apps/web/app/_quarantine/ui-core-safe-20260523021333/apps/web/app/static/js/ff-campaign-flagship-enhance.js
data-ff-goal	1	apps/web/app/_quarantine/ui-core-safe-20260523021333/apps/web/app/static/js/ff-campaign-flagship-enhance.js
data-ff-supporter-count	1	apps/web/app/_quarantine/ui-core-safe-20260523021333/apps/web/app/static/js/ff-campaign-flagship-enhance.js
data-ff-percent-funded	1	apps/web/app/_quarantine/ui-core-safe-20260523021333/apps/web/app/static/js/ff-campaign-flagship-enhance.js
data-ff-progress-percent	1	apps/web/app/_quarantine/ui-core-safe-20260523021333/apps/web/app/static/js/ff-campaign-flagship-enhance.js
data-ff-ledger-proof-updated	1	apps/web/app/_quarantine/ui-core-safe-20260523021333/apps/web/app/static/js/ff-campaign-flagship-enhance.js
data-ff-sponsor-open	1	apps/web/app/_quarantine/ui-core-safe-20260523021333/apps/web/app/static/js/ff-campaign-flagship-enhance.js
data-ff-open-sponsor-modal	1	apps/web/app/_quarantine/ui-core-safe-20260523021333/apps/web/app/static/js/ff-campaign-flagship-enhance.js
data-ff-sponsor-modal-open	1	apps/web/app/_quarantine/ui-core-safe-20260523021333/apps/web/app/static/js/ff-campaign-flagship-enhance.js
data-ff-modal-target	1	apps/web/app/_quarantine/ui-core-safe-20260523021333/apps/web/app/static/js/ff-campaign-flagship-enhance.js
data-ff-sponsor	1	apps/web/app/_quarantine/ui-core-safe-20260523021333/apps/web/app/static/js/ff-campaign-flagship-enhance.js
data-ff-donate-open	1	apps/web/app/_quarantine/ui-core-safe-20260523021333/apps/web/app/static/js/ff-campaign-flagship-enhance.js
data-ff-dismiss-checkout	1	apps/web/app/_quarantine/ui-core-safe-20260523021333/apps/web/app/static/js/ff-campaign-amount-guard.js
data-ff-selected-amount-label	1	apps/web/app/_quarantine/ui-core-safe-20260523021333/apps/web/app/static/js/ff-campaign-amount-guard.js
data-ff-checkout-amount-label	1	apps/web/app/_quarantine/ui-core-safe-20260523021333/apps/web/app/static/js/ff-campaign-amount-guard.js
data-ff-dismiss-sponsor	1	apps/web/app/_quarantine/ui-core-safe-20260523021333/apps/web/app/static/js/ff-campaign-amount-guard.js
data-ff-sponsor-amount-summary	1	apps/web/app/_quarantine/ui-core-safe-20260523021333/apps/web/app/static/js/ff-campaign-amount-guard.js
data-ff-payment-form	1	apps/web/app/_quarantine/ui-core-safe-20260523021333/apps/web/app/static/js/ff-campaign-amount-guard.js
data-ff-impact-selected	1	apps/web/app/_quarantine/ui-core-safe-20260523021333/apps/web/app/static/js/ff-donation-modal-v2.js
data-ff-payment-provider-input	1	apps/web/app/_quarantine/ui-core-safe-20260523021333/apps/web/app/static/js/ff-donation-modal-v2.js
data-ff-checkout-preset	1	apps/web/app/_quarantine/ui-core-safe-20260523021333/apps/web/app/static/js/ff-donation-modal-v2.js
data-ff-payment-loading	1	apps/web/app/_quarantine/ui-core-safe-20260523021333/apps/web/app/static/js/ff-payment-provider-status.js
data-ff-payment-error	1	apps/web/app/_quarantine/ui-core-safe-20260523021333/apps/web/app/static/js/ff-payment-provider-status.js
data-ff-provider-error	1	apps/web/app/_quarantine/ui-core-safe-20260523021333/apps/web/app/static/js/ff-payment-provider-status.js
data-ff-provider-error-message	1	apps/web/app/_quarantine/ui-core-safe-20260523021333/apps/web/app/static/js/ff-payment-provider-status.js
data-ff-provider-status-ready	1	apps/web/app/_quarantine/ui-core-safe-20260523021333/apps/web/app/static/js/ff-payment-provider-status.js
data-ff-selected-package-label	1	apps/web/app/_quarantine/ui-core-safe-20260523021333/apps/web/app/static/js/ff.momentum.js
data-ff-qr-open	1	apps/web/app/_quarantine/ui-core-safe-20260523021333/apps/web/app/static/js/ff-qr-modal.js
data-ff-qr-modal-ready	1	apps/web/app/_quarantine/ui-core-safe-20260523021333/apps/web/app/static/js/ff-qr-modal.js
data-ff-onboarding-server-state	1	apps/web/app/_quarantine/ui-core-safe-20260523021333/apps/web/app/static/js/islands/onboarding.js
data-ff-onboard-org	1	apps/web/app/_quarantine/ui-core-safe-20260523021333/apps/web/app/static/js/islands/onboarding.js
data-ff-onboard-type	1	apps/web/app/_quarantine/ui-core-safe-20260523021333/apps/web/app/static/js/islands/onboarding.js
data-ff-onboard-campaign	1	apps/web/app/_quarantine/ui-core-safe-20260523021333/apps/web/app/static/js/islands/onboarding.js
data-ff-onboard-location	1	apps/web/app/_quarantine/ui-core-safe-20260523021333/apps/web/app/static/js/islands/onboarding.js
data-ff-onboard-goal	1	apps/web/app/_quarantine/ui-core-safe-20260523021333/apps/web/app/static/js/islands/onboarding.js
data-ff-onboard-deadline	1	apps/web/app/_quarantine/ui-core-safe-20260523021333/apps/web/app/static/js/islands/onboarding.js
data-ff-onboard-audience	1	apps/web/app/_quarantine/ui-core-safe-20260523021333/apps/web/app/static/js/islands/onboarding.js
data-ff-onboard-support	1	apps/web/app/_quarantine/ui-core-safe-20260523021333/apps/web/app/static/js/islands/onboarding.js
data-ff-onboard-summary-copy	1	apps/web/app/_quarantine/ui-core-safe-20260523021333/apps/web/app/static/js/islands/onboarding.js
data-ff-onboard-package	1	apps/web/app/_quarantine/ui-core-safe-20260523021333/apps/web/app/static/js/islands/onboarding.js
data-ff-onboard-payments	1	apps/web/app/_quarantine/ui-core-safe-20260523021333/apps/web/app/static/js/islands/onboarding.js
data-ff-onboard-notes	1	apps/web/app/_quarantine/ui-core-safe-20260523021333/apps/web/app/static/js/islands/onboarding.js
data-ff-onboard-progress	1	apps/web/app/_quarantine/ui-core-safe-20260523021333/apps/web/app/static/js/islands/onboarding.js
data-ff-onboard-readiness	1	apps/web/app/_quarantine/ui-core-safe-20260523021333/apps/web/app/static/js/islands/onboarding.js
data-ff-onboard-next-step	1	apps/web/app/_quarantine/ui-core-safe-20260523021333/apps/web/app/static/js/islands/onboarding.js
data-ff-onboard-score-note	1	apps/web/app/_quarantine/ui-core-safe-20260523021333/apps/web/app/static/js/islands/onboarding.js
data-ff-package-suggestion	1	apps/web/app/_quarantine/ui-core-safe-20260523021333/apps/web/app/static/js/islands/onboarding.js
data-ff-package-note	1	apps/web/app/_quarantine/ui-core-safe-20260523021333/apps/web/app/static/js/islands/onboarding.js
data-ff-team-photo-input	1	apps/web/app/_quarantine/ui-core-safe-20260523021333/apps/web/app/static/js/islands/onboarding.js
data-ff-preview-name	1	apps/web/app/_quarantine/ui-core-safe-20260523021333/apps/web/app/static/js/islands/onboarding.js
data-ff-side-preview-name	1	apps/web/app/_quarantine/ui-core-safe-20260523021333/apps/web/app/static/js/islands/onboarding.js
data-ff-preview-meta	1	apps/web/app/_quarantine/ui-core-safe-20260523021333/apps/web/app/static/js/islands/onboarding.js
data-ff-side-preview-meta	1	apps/web/app/_quarantine/ui-core-safe-20260523021333/apps/web/app/static/js/islands/onboarding.js
data-ff-preview-summary	1	apps/web/app/_quarantine/ui-core-safe-20260523021333/apps/web/app/static/js/islands/onboarding.js
data-ff-side-preview-summary	1	apps/web/app/_quarantine/ui-core-safe-20260523021333/apps/web/app/static/js/islands/onboarding.js
data-ff-preview-meter	1	apps/web/app/_quarantine/ui-core-safe-20260523021333/apps/web/app/static/js/islands/onboarding.js
data-ff-side-preview-meter	1	apps/web/app/_quarantine/ui-core-safe-20260523021333/apps/web/app/static/js/islands/onboarding.js
data-ff-check-status	1	apps/web/app/_quarantine/ui-core-safe-20260523021333/apps/web/app/static/js/islands/onboarding.js
data-ff-brand-kit-source	1	scripts/hoi/hoi_6i_brand_kit_contract_proof.mjs
data-ff-sponsor-sales-flow	1	scripts/audit/ff_wave10a_sponsor_sales_scout.mjs
data-ff-sponsor-package-select	1	scripts/audit/ff_wave10a_sponsor_sales_scout.mjs
data-ff-sponsor-continue	1	scripts/audit/ff_wave10a_sponsor_sales_scout.mjs
data-ff-post-action-primary	1	scripts/audit/ff_post_action_trust_audit.mjs
data-ff-post-action-state	1	scripts/audit/ff_post_action_trust_audit.mjs
data-ff-operator-command-strip	1	scripts/audit/ff_wave5b_mobile_pixel_qa.mjs
data-ff-home-live-campaign-cta	1	scripts/audit/ff_premium_demo_readiness_audit.mjs
data-ff-checkout-direct-owned	1	scripts/audit/ff_checkout_continue_ux_audit.mjs
data-ff-launch-assistant	1	scripts/audit/ff_dashboard_first_paint_trace.mjs
data-ff-team-photo-upload	1	scripts/audit/platform-ops-hardening.mjs
data-ff-visual-capture-stabilizer	1	scripts/audit/ff_visual_surface_board.mjs
data-ff-home-hero	1	scripts/audit/ff_homepage_contract_audit.mjs
data-ff-home-cta	1	scripts/audit/ff_homepage_contract_audit.mjs
data-ff-donation-shell	1	scripts/audit/ff_campaign_conversion_contract_audit.mjs
data-ff-amount-value	1	scripts/audit/ff_campaign_conversion_contract_audit.mjs
data-ff-donation-amount-input	1	scripts/audit/ff_campaign_conversion_contract_audit.mjs
data-ff-sponsor-shell	1	scripts/audit/ff_campaign_conversion_contract_audit.mjs
data-ff-home-exec	1	scripts/audit/ff_homepage_executive_restructure_audit.mjs