data-ff-page	14191	.ff_backups/brand-identity-closeout-v2-20260516094420/apps/web/app/static/css/ff.css,.ff_backups/brand-identity-closeout-v2-20260516094420/apps/web/app/templates/platform/dashboard.html,.ff_backups/brand-identity-closeout-v2-20260516094420/apps/web/app/templates/platform/login.html,.ff_backups/brand-identity-closeout-v3-20260516094846/apps/web/app/static/css/ff.css,.ff_backups/brand-identity-closeout-v3-20260516094846/apps/web/app/templates/platform/dashboard.html,.ff_backups/brand-identity-closeout-v3-20260516094846/apps/web/app/templates/platform/login.html,.ff_backups/brand-identity-unification-v1-20260516093640/apps/web/app/static/css/ff.css,.ff_backups/brand-identity-unification-v1-20260516093640/apps/web/app/static/css/platform-home.css,.ff_backups/brand-identity-unification-v1-20260516093640/apps/web/app/templates/platform/dashboard.html,.ff_backups/brand-identity-unification-v1-20260516093640/apps/web/app/templates/platform/index.html
data-ff-mode	4451	.ff_backups/brand-identity-closeout-v2-20260516094420/apps/web/app/static/css/ff.css,.ff_backups/brand-identity-closeout-v3-20260516094846/apps/web/app/static/css/ff.css,.ff_backups/brand-identity-unification-v1-20260516093640/apps/web/app/static/css/ff.css,.ff_backups/brand-identity-unification-v1-20260516093640/apps/web/app/templates/platform/index.html,.ff_backups/brand-locked-dashboard-v4-20260516104659/apps/web/app/static/css/ff.css,.ff_backups/campaign-final-link-hygiene-20260515224003/apps/web/app/static/css/ff.css,.ff_backups/campaign-final-link-hygiene-20260515224003/apps/web/app/templates/campaign/index.html,.ff_backups/campaign-lower-funnel-finish-20260515220348/apps/web/app/static/css/ff.css,.ff_backups/campaign-paint-stability-v1-20260516004216/apps/web/app/static/css/ff.css,.ff_backups/cinematic-launch-os-20260515152029/apps/web/app/templates/campaign_premium.html
data-ff-checkout-state	4400	.ff_backups/brand-identity-closeout-v2-20260516094420/apps/web/app/static/css/ff.css,.ff_backups/brand-identity-closeout-v3-20260516094846/apps/web/app/static/css/ff.css,.ff_backups/brand-identity-unification-v1-20260516093640/apps/web/app/static/css/ff.css,.ff_backups/brand-locked-dashboard-v4-20260516104659/apps/web/app/static/css/ff.css,.ff_backups/campaign-final-link-hygiene-20260515224003/apps/web/app/static/css/ff.css,.ff_backups/campaign-final-link-hygiene-20260515224003/apps/web/app/templates/campaign/index.html,.ff_backups/campaign-lower-funnel-finish-20260515220348/apps/web/app/static/css/ff.css,.ff_backups/campaign-paint-stability-v1-20260516004216/apps/web/app/static/css/ff.css,.ff_backups/cinematic-launch-os-20260515152029/apps/web/app/templates/campaign_premium.html,.ff_backups/dashboard-command-center-v1/apps/web/app/static/css/ff.css
data-ff-system-loop	1591	.ff_backups/brand-identity-closeout-v2-20260516094420/apps/web/app/static/css/ff.css,.ff_backups/brand-identity-closeout-v2-20260516094420/apps/web/app/templates/platform/dashboard.html,.ff_backups/brand-identity-closeout-v3-20260516094846/apps/web/app/static/css/ff.css,.ff_backups/brand-identity-closeout-v3-20260516094846/apps/web/app/templates/platform/dashboard.html,.ff_backups/brand-identity-unification-v1-20260516093640/apps/web/app/static/css/ff.css,.ff_backups/brand-identity-unification-v1-20260516093640/apps/web/app/templates/platform/dashboard.html,.ff_backups/brand-identity-unification-v1-20260516093640/apps/web/app/templates/platform/index.html,.ff_backups/brand-identity-unification-v1-20260516093640/apps/web/app/templates/platform/onboarding.html,.ff_backups/brand-locked-dashboard-v4-20260516104659/apps/web/app/static/css/ff.css,.ff_backups/brand-locked-dashboard-v4-20260516104659/apps/web/app/templates/platform/dashboard.html
data-ff-surface	1472	.ff_backups/brand-identity-closeout-v2-20260516094420/apps/web/app/static/css/ff.css,.ff_backups/brand-identity-closeout-v2-20260516094420/apps/web/app/templates/platform/dashboard.html,.ff_backups/brand-identity-closeout-v2-20260516094420/apps/web/app/templates/platform/login.html,.ff_backups/brand-identity-closeout-v3-20260516094846/apps/web/app/static/css/ff.css,.ff_backups/brand-identity-closeout-v3-20260516094846/apps/web/app/templates/platform/dashboard.html,.ff_backups/brand-identity-closeout-v3-20260516094846/apps/web/app/templates/platform/login.html,.ff_backups/brand-identity-unification-v1-20260516093640/apps/web/app/static/css/ff.css,.ff_backups/brand-identity-unification-v1-20260516093640/apps/web/app/templates/platform/dashboard.html,.ff_backups/brand-identity-unification-v1-20260516093640/apps/web/app/templates/platform/index.html,.ff_backups/brand-identity-unification-v1-20260516093640/apps/web/app/templates/platform/login.html
data-ff-dashboard-main-layout	1184	.ff_backups/brand-identity-closeout-v2-20260516094420/apps/web/app/static/css/ff.css,.ff_backups/brand-identity-closeout-v2-20260516094420/apps/web/app/templates/platform/dashboard.html,.ff_backups/brand-identity-closeout-v3-20260516094846/apps/web/app/static/css/ff.css,.ff_backups/brand-identity-closeout-v3-20260516094846/apps/web/app/templates/platform/dashboard.html,.ff_backups/brand-identity-unification-v1-20260516093640/apps/web/app/static/css/ff.css,.ff_backups/brand-identity-unification-v1-20260516093640/apps/web/app/templates/platform/dashboard.html,.ff_backups/brand-locked-dashboard-v4-20260516104659/apps/web/app/static/css/ff.css,.ff_backups/brand-locked-dashboard-v4-20260516104659/apps/web/app/templates/platform/dashboard.html,.ff_backups/brand-locked-dashboard-v5-20260516105909/apps/web/app/templates/platform/dashboard.html,.ff_backups/campaign-final-link-hygiene-20260515224003/apps/web/app/static/css/ff.css
data-ff-dashboard-layout	1085	.ff_backups/brand-identity-closeout-v2-20260516094420/apps/web/app/static/css/ff.css,.ff_backups/brand-identity-closeout-v2-20260516094420/apps/web/app/templates/platform/dashboard.html,.ff_backups/brand-identity-closeout-v3-20260516094846/apps/web/app/static/css/ff.css,.ff_backups/brand-identity-closeout-v3-20260516094846/apps/web/app/templates/platform/dashboard.html,.ff_backups/brand-identity-unification-v1-20260516093640/apps/web/app/static/css/ff.css,.ff_backups/brand-identity-unification-v1-20260516093640/apps/web/app/templates/platform/dashboard.html,.ff_backups/brand-locked-dashboard-v4-20260516104659/apps/web/app/static/css/ff.css,.ff_backups/brand-locked-dashboard-v4-20260516104659/apps/web/app/templates/platform/dashboard.html,.ff_backups/brand-locked-dashboard-v5-20260516105909/apps/web/app/templates/platform/dashboard.html,.ff_backups/campaign-final-link-hygiene-20260515224003/apps/web/app/static/css/ff.css
data-ff-open-checkout	903	.ff_backups/brand-identity-closeout-v2-20260516094420/apps/web/app/static/css/ff.css,.ff_backups/brand-identity-closeout-v3-20260516094846/apps/web/app/static/css/ff.css,.ff_backups/brand-identity-unification-v1-20260516093640/apps/web/app/static/css/ff.css,.ff_backups/brand-locked-dashboard-v4-20260516104659/apps/web/app/static/css/ff.css,.ff_backups/campaign-final-link-hygiene-20260515224003/apps/web/app/static/css/ff.css,.ff_backups/campaign-final-link-hygiene-20260515224003/apps/web/app/templates/campaign/index.html,.ff_backups/campaign-lower-funnel-finish-20260515220348/apps/web/app/static/css/ff.css,.ff_backups/campaign-paint-stability-v1-20260516004216/apps/web/app/static/css/ff.css,.ff_backups/cinematic-launch-os-20260515152029/apps/web/app/templates/campaign/index.html,.ff_backups/cinematic-launch-os-20260515152029/apps/web/app/templates/campaign_premium.html
data-ff-open-sponsor	824	.ff_backups/brand-identity-closeout-v2-20260516094420/apps/web/app/static/css/ff.css,.ff_backups/brand-identity-closeout-v3-20260516094846/apps/web/app/static/css/ff.css,.ff_backups/brand-identity-unification-v1-20260516093640/apps/web/app/static/css/ff.css,.ff_backups/brand-locked-dashboard-v4-20260516104659/apps/web/app/static/css/ff.css,.ff_backups/campaign-final-link-hygiene-20260515224003/apps/web/app/static/css/ff.css,.ff_backups/campaign-final-link-hygiene-20260515224003/apps/web/app/templates/campaign/index.html,.ff_backups/campaign-lower-funnel-finish-20260515220348/apps/web/app/static/css/ff.css,.ff_backups/campaign-paint-stability-v1-20260516004216/apps/web/app/static/css/ff.css,.ff_backups/cinematic-launch-os-20260515152029/apps/web/app/templates/campaign/index.html,.ff_backups/cinematic-launch-os-20260515152029/apps/web/app/templates/campaign_premium.html
data-ff-close-embedded-checkout	566	.ff_backups/brand-identity-closeout-v2-20260516094420/apps/web/app/static/css/ff.css,.ff_backups/brand-identity-closeout-v3-20260516094846/apps/web/app/static/css/ff.css,.ff_backups/brand-identity-unification-v1-20260516093640/apps/web/app/static/css/ff.css,.ff_backups/brand-locked-dashboard-v4-20260516104659/apps/web/app/static/css/ff.css,.ff_backups/campaign-final-link-hygiene-20260515224003/apps/web/app/static/css/ff.css,.ff_backups/campaign-final-link-hygiene-20260515224003/apps/web/app/templates/campaign/index.html,.ff_backups/campaign-lower-funnel-finish-20260515220348/apps/web/app/static/css/ff.css,.ff_backups/campaign-paint-stability-v1-20260516004216/apps/web/app/static/css/ff.css,.ff_backups/cinematic-launch-os-20260515152029/apps/web/app/templates/campaign_premium.html,.ff_backups/dashboard-command-center-v1/apps/web/app/static/css/ff.css
data-ff-header	541	.ff_backups/brand-identity-closeout-v2-20260516094420/apps/web/app/static/css/ff.css,.ff_backups/brand-identity-closeout-v3-20260516094846/apps/web/app/static/css/ff.css,.ff_backups/brand-identity-unification-v1-20260516093640/apps/web/app/static/css/ff.css,.ff_backups/brand-identity-unification-v1-20260516093640/apps/web/app/templates/platform/index.html,.ff_backups/brand-locked-dashboard-v4-20260516104659/apps/web/app/static/css/ff.css,.ff_backups/campaign-final-link-hygiene-20260515224003/apps/web/app/static/css/ff.css,.ff_backups/campaign-final-link-hygiene-20260515224003/apps/web/app/templates/campaign/index.html,.ff_backups/campaign-lower-funnel-finish-20260515220348/apps/web/app/static/css/ff.css,.ff_backups/campaign-paint-stability-v1-20260516004216/apps/web/app/static/css/ff.css,.ff_backups/cinematic-launch-os-20260515152029/apps/web/app/templates/campaign_premium.html
data-ff-donate-trigger	528	.ff_backups/brand-identity-closeout-v2-20260516094420/apps/web/app/static/css/ff.css,.ff_backups/brand-identity-closeout-v3-20260516094846/apps/web/app/static/css/ff.css,.ff_backups/brand-identity-unification-v1-20260516093640/apps/web/app/static/css/ff.css,.ff_backups/brand-locked-dashboard-v4-20260516104659/apps/web/app/static/css/ff.css,.ff_backups/campaign-final-link-hygiene-20260515224003/apps/web/app/static/css/ff.css,.ff_backups/campaign-final-link-hygiene-20260515224003/apps/web/app/templates/campaign/index.html,.ff_backups/campaign-lower-funnel-finish-20260515220348/apps/web/app/static/css/ff.css,.ff_backups/campaign-paint-stability-v1-20260516004216/apps/web/app/static/css/ff.css,.ff_backups/cinematic-launch-os-20260515152029/apps/web/app/templates/campaign/index.html,.ff_backups/cinematic-launch-os-20260515152029/apps/web/app/templates/campaign_premium.html
data-ff-sponsor-trigger	466	.ff_backups/brand-identity-closeout-v2-20260516094420/apps/web/app/static/css/ff.css,.ff_backups/brand-identity-closeout-v3-20260516094846/apps/web/app/static/css/ff.css,.ff_backups/brand-identity-unification-v1-20260516093640/apps/web/app/static/css/ff.css,.ff_backups/brand-locked-dashboard-v4-20260516104659/apps/web/app/static/css/ff.css,.ff_backups/campaign-final-link-hygiene-20260515224003/apps/web/app/static/css/ff.css,.ff_backups/campaign-final-link-hygiene-20260515224003/apps/web/app/templates/campaign/index.html,.ff_backups/campaign-lower-funnel-finish-20260515220348/apps/web/app/static/css/ff.css,.ff_backups/campaign-paint-stability-v1-20260516004216/apps/web/app/static/css/ff.css,.ff_backups/cinematic-launch-os-20260515152029/apps/web/app/templates/campaign/index.html,.ff_backups/cinematic-launch-os-20260515152029/apps/web/app/templates/campaign_premium.html
data-ff-payment-trigger	464	.ff_backups/brand-identity-closeout-v2-20260516094420/apps/web/app/static/css/ff.css,.ff_backups/brand-identity-closeout-v3-20260516094846/apps/web/app/static/css/ff.css,.ff_backups/brand-identity-unification-v1-20260516093640/apps/web/app/static/css/ff.css,.ff_backups/brand-locked-dashboard-v4-20260516104659/apps/web/app/static/css/ff.css,.ff_backups/campaign-final-link-hygiene-20260515224003/apps/web/app/static/css/ff.css,.ff_backups/campaign-final-link-hygiene-20260515224003/apps/web/app/templates/campaign/index.html,.ff_backups/campaign-lower-funnel-finish-20260515220348/apps/web/app/static/css/ff.css,.ff_backups/campaign-paint-stability-v1-20260516004216/apps/web/app/static/css/ff.css,.ff_backups/cinematic-launch-os-20260515152029/apps/web/app/templates/campaign/index.html,.ff_backups/cinematic-launch-os-20260515152029/apps/web/app/templates/campaign_premium.html
data-ff-login-card	389	.ff_backups/brand-identity-closeout-v2-20260516094420/apps/web/app/static/css/ff.css,.ff_backups/brand-identity-closeout-v2-20260516094420/apps/web/app/templates/platform/login.html,.ff_backups/brand-identity-closeout-v3-20260516094846/apps/web/app/static/css/ff.css,.ff_backups/brand-identity-closeout-v3-20260516094846/apps/web/app/templates/platform/login.html,.ff_backups/brand-identity-unification-v1-20260516093640/apps/web/app/static/css/ff.css,.ff_backups/brand-identity-unification-v1-20260516093640/apps/web/app/templates/platform/login.html,.ff_backups/brand-locked-dashboard-v4-20260516104659/apps/web/app/static/css/ff.css,.ff_backups/campaign-final-link-hygiene-20260515224003/apps/web/app/static/css/ff.css,.ff_backups/campaign-lower-funnel-finish-20260515220348/apps/web/app/static/css/ff.css,.ff_backups/campaign-paint-stability-v1-20260516004216/apps/web/app/static/css/ff.css
data-ff-theme	379	.ff_backups/brand-identity-closeout-v2-20260516094420/apps/web/app/static/css/ff.css,.ff_backups/brand-identity-closeout-v3-20260516094846/apps/web/app/static/css/ff.css,.ff_backups/brand-identity-unification-v1-20260516093640/apps/web/app/static/css/ff.css,.ff_backups/brand-identity-unification-v1-20260516093640/apps/web/app/templates/platform/index.html,.ff_backups/brand-identity-unification-v1-20260516093640/apps/web/app/templates/platform/onboarding.html,.ff_backups/brand-locked-dashboard-v4-20260516104659/apps/web/app/static/css/ff.css,.ff_backups/campaign-final-link-hygiene-20260515224003/apps/web/app/static/css/ff.css,.ff_backups/campaign-final-link-hygiene-20260515224003/apps/web/app/templates/campaign/index.html,.ff_backups/campaign-lower-funnel-finish-20260515220348/apps/web/app/static/css/ff.css,.ff_backups/campaign-paint-stability-v1-20260516004216/apps/web/app/static/css/ff.css
data-ff-share-trigger	377	.ff_backups/brand-identity-closeout-v2-20260516094420/apps/web/app/static/css/ff.css,.ff_backups/brand-identity-closeout-v3-20260516094846/apps/web/app/static/css/ff.css,.ff_backups/brand-identity-unification-v1-20260516093640/apps/web/app/static/css/ff.css,.ff_backups/brand-locked-dashboard-v4-20260516104659/apps/web/app/static/css/ff.css,.ff_backups/campaign-final-link-hygiene-20260515224003/apps/web/app/static/css/ff.css,.ff_backups/campaign-final-link-hygiene-20260515224003/apps/web/app/templates/campaign/index.html,.ff_backups/campaign-lower-funnel-finish-20260515220348/apps/web/app/static/css/ff.css,.ff_backups/campaign-paint-stability-v1-20260516004216/apps/web/app/static/css/ff.css,.ff_backups/cinematic-launch-os-20260515152029/apps/web/app/templates/campaign/index.html,.ff_backups/cinematic-launch-os-20260515152029/apps/web/app/templates/campaign_premium.html
data-ff-embedded-checkout-status	373	.ff_backups/brand-identity-closeout-v2-20260516094420/apps/web/app/static/css/ff.css,.ff_backups/brand-identity-closeout-v3-20260516094846/apps/web/app/static/css/ff.css,.ff_backups/brand-identity-unification-v1-20260516093640/apps/web/app/static/css/ff.css,.ff_backups/brand-locked-dashboard-v4-20260516104659/apps/web/app/static/css/ff.css,.ff_backups/campaign-final-link-hygiene-20260515224003/apps/web/app/static/css/ff.css,.ff_backups/campaign-final-link-hygiene-20260515224003/apps/web/app/templates/campaign/index.html,.ff_backups/campaign-lower-funnel-finish-20260515220348/apps/web/app/static/css/ff.css,.ff_backups/campaign-paint-stability-v1-20260516004216/apps/web/app/static/css/ff.css,.ff_backups/cinematic-launch-os-20260515152029/apps/web/app/templates/campaign_premium.html,.ff_backups/dashboard-command-center-v1/apps/web/app/static/css/ff.css
data-ff-page-root	331	.ff_backups/brand-identity-closeout-v2-20260516094420/apps/web/app/static/css/ff.css,.ff_backups/brand-identity-closeout-v3-20260516094846/apps/web/app/static/css/ff.css,.ff_backups/brand-identity-unification-v1-20260516093640/apps/web/app/static/css/ff.css,.ff_backups/brand-locked-dashboard-v4-20260516104659/apps/web/app/static/css/ff.css,.ff_backups/campaign-final-link-hygiene-20260515224003/apps/web/app/static/css/ff.css,.ff_backups/campaign-lower-funnel-finish-20260515220348/apps/web/app/static/css/ff.css,.ff_backups/campaign-paint-stability-v1-20260516004216/apps/web/app/static/css/ff.css,.ff_backups/cinematic-launch-os-20260515152029/apps/web/app/templates/campaign/index.html,.ff_backups/dashboard-command-center-v1/apps/web/app/static/css/ff.css,.ff_backups/ff-campaign-section-unification-v14-20260515211837/apps/web/app/static/css/ff.css
data-ff-qr-trigger	330	.ff_backups/brand-identity-closeout-v2-20260516094420/apps/web/app/static/css/ff.css,.ff_backups/brand-identity-closeout-v3-20260516094846/apps/web/app/static/css/ff.css,.ff_backups/brand-identity-unification-v1-20260516093640/apps/web/app/static/css/ff.css,.ff_backups/brand-locked-dashboard-v4-20260516104659/apps/web/app/static/css/ff.css,.ff_backups/campaign-final-link-hygiene-20260515224003/apps/web/app/static/css/ff.css,.ff_backups/campaign-final-link-hygiene-20260515224003/apps/web/app/templates/campaign/index.html,.ff_backups/campaign-lower-funnel-finish-20260515220348/apps/web/app/static/css/ff.css,.ff_backups/campaign-paint-stability-v1-20260516004216/apps/web/app/static/css/ff.css,.ff_backups/cinematic-launch-os-20260515152029/apps/web/app/templates/campaign/index.html,.ff_backups/cinematic-launch-os-20260515152029/apps/web/app/templates/campaign_premium.html
data-ff-platform-hero	325	.ff_backups/brand-identity-closeout-v2-20260516094420/apps/web/app/static/css/ff.css,.ff_backups/brand-identity-closeout-v3-20260516094846/apps/web/app/static/css/ff.css,.ff_backups/brand-identity-unification-v1-20260516093640/apps/web/app/static/css/ff.css,.ff_backups/brand-locked-dashboard-v4-20260516104659/apps/web/app/static/css/ff.css,.ff_backups/campaign-final-link-hygiene-20260515224003/apps/web/app/static/css/ff.css,.ff_backups/campaign-lower-funnel-finish-20260515220348/apps/web/app/static/css/ff.css,.ff_backups/campaign-paint-stability-v1-20260516004216/apps/web/app/static/css/ff.css,.ff_backups/dashboard-command-center-v1/apps/web/app/static/css/ff.css,.ff_backups/ff-campaign-section-unification-v14-20260515211837/apps/web/app/static/css/ff.css,.ff_backups/ff-css-campaign-polish-v11-20260515201234/apps/web/app/static/css/ff.css
data-ff-campaign-compress	308	apps/web/app/_quarantine/ui-core-final-blockers-20260523024222/apps/web/app/static/css/campaign.public.css,apps/web/app/_quarantine/ui-core-safe-20260523021333/apps/web/app/static/css/campaign.bundle.css,backups/css/campaign.css.pre-campaign-clean-v5-20260522180029.css,backups/css/campaign.css.pre-campaign-closeout-v1-20260522174114.css,backups/css/campaign.css.pre-campaign-closeout-v2-20260522174349.css,backups/css/campaign.css.pre-campaign-mobile-layout-v3-20260522174548.css,backups/css/campaign.css.pre-campaign-v4-rail-dock-20260522174817.css,backups/css/campaign.css.pre-campaign-v6-20260522185507.css,backups/css/campaign.css.pre-campaign-v7-rhythm-20260522190308.css,backups/css/campaign.css.pre-campaign-v8-final-rhythm-20260522191310.css
data-ff-progress-bar	290	.ff_backups/brand-identity-closeout-v2-20260516094420/apps/web/app/static/css/ff.css,.ff_backups/brand-identity-closeout-v3-20260516094846/apps/web/app/static/css/ff.css,.ff_backups/brand-identity-unification-v1-20260516093640/apps/web/app/static/css/ff.css,.ff_backups/brand-locked-dashboard-v4-20260516104659/apps/web/app/static/css/ff.css,.ff_backups/campaign-final-link-hygiene-20260515224003/apps/web/app/static/css/ff.css,.ff_backups/campaign-final-link-hygiene-20260515224003/apps/web/app/templates/campaign/index.html,.ff_backups/campaign-lower-funnel-finish-20260515220348/apps/web/app/static/css/ff.css,.ff_backups/campaign-paint-stability-v1-20260516004216/apps/web/app/static/css/ff.css,.ff_backups/cinematic-launch-os-20260515152029/apps/web/app/templates/campaign/index.html,.ff_backups/cinematic-launch-os-20260515152029/apps/web/app/templates/campaign_premium.html
data-ff-start-embedded-checkout	280	.ff_backups/brand-identity-closeout-v2-20260516094420/apps/web/app/static/css/ff.css,.ff_backups/brand-identity-closeout-v3-20260516094846/apps/web/app/static/css/ff.css,.ff_backups/brand-identity-unification-v1-20260516093640/apps/web/app/static/css/ff.css,.ff_backups/brand-locked-dashboard-v4-20260516104659/apps/web/app/static/css/ff.css,.ff_backups/campaign-final-link-hygiene-20260515224003/apps/web/app/static/css/ff.css,.ff_backups/campaign-final-link-hygiene-20260515224003/apps/web/app/templates/campaign/index.html,.ff_backups/campaign-lower-funnel-finish-20260515220348/apps/web/app/static/css/ff.css,.ff_backups/campaign-paint-stability-v1-20260516004216/apps/web/app/static/css/ff.css,.ff_backups/cinematic-launch-os-20260515152029/apps/web/app/templates/campaign_premium.html,.ff_backups/dashboard-command-center-v1/apps/web/app/static/css/ff.css
data-ff-onboard-missing	276	.ff_backups/brand-identity-closeout-v2-20260516094420/apps/web/app/static/css/ff.css,.ff_backups/brand-identity-closeout-v3-20260516094846/apps/web/app/static/css/ff.css,.ff_backups/brand-identity-unification-v1-20260516093640/apps/web/app/static/css/ff.css,.ff_backups/brand-locked-dashboard-v4-20260516104659/apps/web/app/static/css/ff.css,.ff_backups/campaign-final-link-hygiene-20260515224003/apps/web/app/static/css/ff.css,.ff_backups/campaign-lower-funnel-finish-20260515220348/apps/web/app/static/css/ff.css,.ff_backups/campaign-paint-stability-v1-20260516004216/apps/web/app/static/css/ff.css,.ff_backups/dashboard-command-center-v1/apps/web/app/static/css/ff.css,.ff_backups/ff-campaign-section-unification-v14-20260515211837/apps/web/app/static/css/ff.css,.ff_backups/ff-css-campaign-polish-v11-20260515201234/apps/web/app/static/css/ff.css
data-ff-sponsor-package	268	.ff_backups/brand-identity-closeout-v2-20260516094420/apps/web/app/static/css/ff.css,.ff_backups/brand-identity-closeout-v3-20260516094846/apps/web/app/static/css/ff.css,.ff_backups/brand-identity-unification-v1-20260516093640/apps/web/app/static/css/ff.css,.ff_backups/brand-locked-dashboard-v4-20260516104659/apps/web/app/static/css/ff.css,.ff_backups/campaign-final-link-hygiene-20260515224003/apps/web/app/static/css/ff.css,.ff_backups/campaign-final-link-hygiene-20260515224003/apps/web/app/templates/campaign/index.html,.ff_backups/campaign-lower-funnel-finish-20260515220348/apps/web/app/static/css/ff.css,.ff_backups/campaign-paint-stability-v1-20260516004216/apps/web/app/static/css/ff.css,.ff_backups/cinematic-launch-os-20260515152029/apps/web/app/templates/campaign/index.html,.ff_backups/cinematic-launch-os-20260515152029/apps/web/app/templates/campaign_premium.html
data-ff-reveal	264	.ff_backups/brand-identity-closeout-v2-20260516094420/apps/web/app/static/css/ff.css,.ff_backups/brand-identity-closeout-v3-20260516094846/apps/web/app/static/css/ff.css,.ff_backups/brand-identity-unification-v1-20260516093640/apps/web/app/static/css/ff.css,.ff_backups/brand-identity-unification-v1-20260516093640/apps/web/app/templates/platform/index.html,.ff_backups/brand-locked-dashboard-v4-20260516104659/apps/web/app/static/css/ff.css,.ff_backups/campaign-final-link-hygiene-20260515224003/apps/web/app/templates/campaign/index.html,.ff_backups/cinematic-launch-os-20260515152029/apps/web/app/templates/campaign/index.html,.ff_backups/cinematic-launch-os-20260515152029/apps/web/app/templates/campaign_premium.html,.ff_backups/cinematic-launch-os-20260515152029/apps/web/app/templates/platform/index.html,.ff_backups/dashboard-command-center-v1/apps/web/app/static/css/ff.css
data-ff-cta-role	225	.ff_backups/brand-identity-closeout-v2-20260516094420/apps/web/app/static/css/ff.css,.ff_backups/brand-identity-closeout-v3-20260516094846/apps/web/app/static/css/ff.css,.ff_backups/brand-identity-unification-v1-20260516093640/apps/web/app/static/css/ff.css,.ff_backups/brand-locked-dashboard-v4-20260516104659/apps/web/app/static/css/ff.css,.ff_backups/campaign-final-link-hygiene-20260515224003/apps/web/app/static/css/ff.css,.ff_backups/campaign-final-link-hygiene-20260515224003/apps/web/app/templates/campaign/index.html,.ff_backups/campaign-lower-funnel-finish-20260515220348/apps/web/app/static/css/ff.css,.ff_backups/campaign-paint-stability-v1-20260516004216/apps/web/app/static/css/ff.css,.ff_backups/cinematic-launch-os-20260515152029/apps/web/app/templates/campaign_premium.html,.ff_backups/dashboard-command-center-v1/apps/web/app/static/css/ff.css
data-ff-embedded-checkout-mount	209	.ff_backups/brand-identity-closeout-v2-20260516094420/apps/web/app/static/css/ff.css,.ff_backups/brand-identity-closeout-v3-20260516094846/apps/web/app/static/css/ff.css,.ff_backups/brand-identity-unification-v1-20260516093640/apps/web/app/static/css/ff.css,.ff_backups/brand-locked-dashboard-v4-20260516104659/apps/web/app/static/css/ff.css,.ff_backups/campaign-final-link-hygiene-20260515224003/apps/web/app/static/css/ff.css,.ff_backups/campaign-final-link-hygiene-20260515224003/apps/web/app/templates/campaign/index.html,.ff_backups/campaign-lower-funnel-finish-20260515220348/apps/web/app/static/css/ff.css,.ff_backups/campaign-paint-stability-v1-20260516004216/apps/web/app/static/css/ff.css,.ff_backups/cinematic-launch-os-20260515152029/apps/web/app/templates/campaign_premium.html,.ff_backups/dashboard-command-center-v1/apps/web/app/static/css/ff.css
data-ff-progress-bucket	205	apps/web/app/_quarantine/ui-core-safe-20260523021333/apps/web/app/static/css/onboarding.bundle.css,apps/web/app/static/js/ff-launch-completion.js
data-ff-card	204	.ff_backups/brand-identity-closeout-v2-20260516094420/apps/web/app/static/css/ff.css,.ff_backups/brand-identity-closeout-v3-20260516094846/apps/web/app/static/css/ff.css,.ff_backups/brand-identity-unification-v1-20260516093640/apps/web/app/static/css/ff.css,.ff_backups/brand-locked-dashboard-v4-20260516104659/apps/web/app/static/css/ff.css,.ff_backups/campaign-final-link-hygiene-20260515224003/apps/web/app/static/css/ff.css,.ff_backups/campaign-lower-funnel-finish-20260515220348/apps/web/app/static/css/ff.css,.ff_backups/campaign-paint-stability-v1-20260516004216/apps/web/app/static/css/ff.css,.ff_backups/dashboard-command-center-v1/apps/web/app/static/css/ff.css,.ff_backups/ff-campaign-section-unification-v14-20260515211837/apps/web/app/static/css/ff.css,.ff_backups/ff-css-campaign-polish-v11-20260515201234/apps/web/app/static/css/ff.css
data-ff-embedded-checkout-shell	203	.ff_backups/brand-identity-closeout-v2-20260516094420/apps/web/app/static/css/ff.css,.ff_backups/brand-identity-closeout-v3-20260516094846/apps/web/app/static/css/ff.css,.ff_backups/brand-identity-unification-v1-20260516093640/apps/web/app/static/css/ff.css,.ff_backups/brand-locked-dashboard-v4-20260516104659/apps/web/app/static/css/ff.css,.ff_backups/campaign-final-link-hygiene-20260515224003/apps/web/app/static/css/ff.css,.ff_backups/campaign-final-link-hygiene-20260515224003/apps/web/app/templates/campaign/index.html,.ff_backups/campaign-lower-funnel-finish-20260515220348/apps/web/app/static/css/ff.css,.ff_backups/campaign-paint-stability-v1-20260516004216/apps/web/app/static/css/ff.css,.ff_backups/cinematic-launch-os-20260515152029/apps/web/app/templates/campaign_premium.html,.ff_backups/dashboard-command-center-v1/apps/web/app/static/css/ff.css
data-ff-onboard-missing-list	200	.ff_backups/brand-identity-closeout-v2-20260516094420/apps/web/app/static/css/ff.css,.ff_backups/brand-identity-closeout-v3-20260516094846/apps/web/app/static/css/ff.css,.ff_backups/brand-identity-unification-v1-20260516093640/apps/web/app/static/css/ff.css,.ff_backups/brand-locked-dashboard-v4-20260516104659/apps/web/app/static/css/ff.css,.ff_backups/campaign-final-link-hygiene-20260515224003/apps/web/app/static/css/ff.css,.ff_backups/campaign-lower-funnel-finish-20260515220348/apps/web/app/static/css/ff.css,.ff_backups/campaign-paint-stability-v1-20260516004216/apps/web/app/static/css/ff.css,.ff_backups/dashboard-command-center-v1/apps/web/app/static/css/ff.css,.ff_backups/ff-campaign-section-unification-v14-20260515211837/apps/web/app/static/css/ff.css,.ff_backups/ff-css-campaign-polish-v11-20260515201234/apps/web/app/static/css/ff.css
data-ff-action	190	.ff_backups/brand-identity-unification-v1-20260516093640/apps/web/app/templates/platform/onboarding.html,.ff_backups/campaign-final-link-hygiene-20260515224003/apps/web/app/templates/campaign/index.html,.ff_backups/cinematic-launch-os-20260515152029/apps/web/app/templates/campaign/index.html,.ff_backups/cinematic-launch-os-20260515152029/apps/web/app/templates/campaign_premium.html,.ff_backups/cinematic-launch-os-20260515152029/apps/web/app/templates/platform/onboarding.html,.ff_backups/final-compact-campaign-launch-20260515215629/apps/web/app/templates/campaign/index.html,.ff_backups/onboarding-modern-v1-20260516080133/apps/web/app/templates/platform/onboarding.html,apps/web/app/_quarantine/ui-core-safe-20260523021333/apps/web/app/static/js/ff-campaign-amount-guard.js,apps/web/app/_quarantine/ui-core-safe-20260523021333/apps/web/app/static/js/ff-campaign-flagship-enhance.js,apps/web/app/_quarantine/ui-core-safe-20260523021333/apps/web/app/static/js/ff-qr-modal.js
data-ff-sponsor-cta	189	.ff_backups/campaign-final-link-hygiene-20260515224003/apps/web/app/templates/campaign/index.html,.ff_backups/cinematic-launch-os-20260515152029/apps/web/app/templates/campaign_premium.html,.ff_backups/ff-header-hero-flagship-v15-20260515213317/apps/web/app/static/js/ff-campaign.js,.ff_backups/final-compact-campaign-launch-20260515215629/apps/web/app/static/js/ff-campaign.js,.ff_backups/final-compact-campaign-launch-20260515215629/apps/web/app/templates/campaign/index.html,apps/web/app/_quarantine/ui-core-safe-20260523021333/apps/web/app/static/js/ff-analytics.js,apps/web/app/static/js/ff-campaign-enterprise-contract.js,apps/web/app/templates/_base/campaign_base.html,apps/web/app/templates/campaign/index.html,scripts/campaign-payment-smoke.mjs
data-ff-amount	188	.ff_backups/campaign-final-link-hygiene-20260515224003/apps/web/app/templates/campaign/index.html,.ff_backups/cinematic-launch-os-20260515152029/apps/web/app/templates/campaign/index.html,.ff_backups/cinematic-launch-os-20260515152029/apps/web/app/templates/campaign_premium.html,.ff_backups/ff-header-hero-flagship-v15-20260515213317/apps/web/app/static/js/ff-campaign.js,.ff_backups/final-compact-campaign-launch-20260515215629/apps/web/app/static/js/ff-campaign.js,.ff_backups/final-compact-campaign-launch-20260515215629/apps/web/app/templates/campaign/index.html,apps/web/app/_quarantine/ui-core-final-blockers-20260523024222/apps/web/app/static/css/campaign.public.css,apps/web/app/_quarantine/ui-core-safe-20260523021333/apps/web/app/static/css/campaign.bundle.css,apps/web/app/_quarantine/ui-core-safe-20260523021333/apps/web/app/static/js/ff-campaign-actions-v1.js,apps/web/app/_quarantine/ui-core-safe-20260523021333/apps/web/app/static/js/ff-campaign-amount-guard.js
data-ff-donation-amount	186	.ff_backups/campaign-final-link-hygiene-20260515224003/apps/web/app/templates/campaign/index.html,.ff_backups/cinematic-launch-os-20260515152029/apps/web/app/templates/campaign_premium.html,.ff_backups/ff-header-hero-flagship-v15-20260515213317/apps/web/app/static/js/ff-campaign.js,.ff_backups/final-compact-campaign-launch-20260515215629/apps/web/app/static/js/ff-campaign.js,.ff_backups/final-compact-campaign-launch-20260515215629/apps/web/app/templates/campaign/index.html,apps/web/app/_quarantine/ui-core-final-blockers-20260523024222/apps/web/app/static/css/campaign.public.css,apps/web/app/_quarantine/ui-core-safe-20260523021333/apps/web/app/static/css/campaign.bundle.css,apps/web/app/_quarantine/ui-core-safe-20260523021333/apps/web/app/static/js/ff-analytics.js,apps/web/app/static/css/campaign.css,apps/web/app/static/js/ff-campaign-enterprise-contract.js
data-ff-surface-root	182	.ff_backups/brand-identity-closeout-v2-20260516094420/apps/web/app/static/css/ff.css,.ff_backups/brand-identity-closeout-v2-20260516094420/apps/web/app/templates/platform/dashboard.html,.ff_backups/brand-identity-closeout-v2-20260516094420/apps/web/app/templates/platform/login.html,.ff_backups/brand-identity-closeout-v3-20260516094846/apps/web/app/static/css/ff.css,.ff_backups/brand-identity-closeout-v3-20260516094846/apps/web/app/templates/platform/dashboard.html,.ff_backups/brand-identity-closeout-v3-20260516094846/apps/web/app/templates/platform/login.html,.ff_backups/brand-identity-unification-v1-20260516093640/apps/web/app/static/css/ff.css,.ff_backups/brand-identity-unification-v1-20260516093640/apps/web/app/templates/platform/dashboard.html,.ff_backups/brand-identity-unification-v1-20260516093640/apps/web/app/templates/platform/index.html,.ff_backups/brand-identity-unification-v1-20260516093640/apps/web/app/templates/platform/login.html
data-ff-home-header	180	.ff_backups/brand-identity-closeout-v2-20260516094420/apps/web/app/static/css/ff.css,.ff_backups/brand-identity-closeout-v3-20260516094846/apps/web/app/static/css/ff.css,.ff_backups/brand-identity-unification-v1-20260516093640/apps/web/app/static/css/ff.css,.ff_backups/brand-locked-dashboard-v4-20260516104659/apps/web/app/static/css/ff.css,.ff_backups/campaign-final-link-hygiene-20260515224003/apps/web/app/static/css/ff.css,.ff_backups/campaign-lower-funnel-finish-20260515220348/apps/web/app/static/css/ff.css,.ff_backups/campaign-paint-stability-v1-20260516004216/apps/web/app/static/css/ff.css,.ff_backups/dashboard-command-center-v1/apps/web/app/static/css/ff.css,.ff_backups/ff-campaign-section-unification-v14-20260515211837/apps/web/app/static/css/ff.css,.ff_backups/ff-css-campaign-polish-v11-20260515201234/apps/web/app/static/css/ff.css
data-ff-checkout-amount	177	.ff_backups/campaign-final-link-hygiene-20260515224003/apps/web/app/templates/campaign/index.html,.ff_backups/cinematic-launch-os-20260515152029/apps/web/app/templates/campaign_premium.html,.ff_backups/ff-header-hero-flagship-v15-20260515213317/apps/web/app/static/js/ff-campaign.js,.ff_backups/final-compact-campaign-launch-20260515215629/apps/web/app/static/js/ff-campaign.js,.ff_backups/final-compact-campaign-launch-20260515215629/apps/web/app/templates/campaign/index.html,apps/web/app/static/css/campaign.css,apps/web/app/static/js/ff-campaign-enterprise-contract.js,apps/web/app/static/js/ff-checkout-direct.js,apps/web/app/templates/campaign/index.html,scripts/campaign-payment-smoke.mjs
data-ff-dashboard-locked	172	.ff_backups/brand-identity-closeout-v2-20260516094420/apps/web/app/static/css/ff.css,.ff_backups/brand-identity-closeout-v3-20260516094846/apps/web/app/static/css/ff.css,.ff_backups/brand-identity-unification-v1-20260516093640/apps/web/app/static/css/ff.css,.ff_backups/brand-locked-dashboard-v4-20260516104659/apps/web/app/static/css/ff.css,.ff_backups/campaign-final-link-hygiene-20260515224003/apps/web/app/static/css/ff.css,.ff_backups/campaign-lower-funnel-finish-20260515220348/apps/web/app/static/css/ff.css,.ff_backups/campaign-paint-stability-v1-20260516004216/apps/web/app/static/css/ff.css,.ff_backups/dashboard-command-center-v1/apps/web/app/static/css/ff.css,.ff_backups/ff-campaign-section-unification-v14-20260515211837/apps/web/app/static/css/ff.css,.ff_backups/ff-css-campaign-polish-v11-20260515201234/apps/web/app/static/css/ff.css
data-ff-setup-status-label	169	.ff_backups/brand-identity-closeout-v2-20260516094420/apps/web/app/static/css/ff.css,.ff_backups/brand-identity-closeout-v3-20260516094846/apps/web/app/static/css/ff.css,.ff_backups/brand-identity-unification-v1-20260516093640/apps/web/app/static/css/ff.css,.ff_backups/brand-locked-dashboard-v4-20260516104659/apps/web/app/static/css/ff.css,.ff_backups/campaign-final-link-hygiene-20260515224003/apps/web/app/static/css/ff.css,.ff_backups/campaign-lower-funnel-finish-20260515220348/apps/web/app/static/css/ff.css,.ff_backups/campaign-paint-stability-v1-20260516004216/apps/web/app/static/css/ff.css,.ff_backups/dashboard-command-center-v1/apps/web/app/static/css/ff.css,.ff_backups/ff-campaign-section-unification-v14-20260515211837/apps/web/app/static/css/ff.css,.ff_backups/ff-css-campaign-polish-v11-20260515201234/apps/web/app/static/css/ff.css
data-ff-campaign-hero	167	.ff_backups/brand-identity-closeout-v2-20260516094420/apps/web/app/static/css/ff.css,.ff_backups/brand-identity-closeout-v3-20260516094846/apps/web/app/static/css/ff.css,.ff_backups/brand-identity-unification-v1-20260516093640/apps/web/app/static/css/ff.css,.ff_backups/brand-locked-dashboard-v4-20260516104659/apps/web/app/static/css/ff.css,.ff_backups/campaign-final-link-hygiene-20260515224003/apps/web/app/static/css/ff.css,.ff_backups/campaign-final-link-hygiene-20260515224003/apps/web/app/templates/campaign/index.html,.ff_backups/campaign-lower-funnel-finish-20260515220348/apps/web/app/static/css/ff.css,.ff_backups/campaign-paint-stability-v1-20260516004216/apps/web/app/static/css/ff.css,.ff_backups/cinematic-launch-os-20260515152029/apps/web/app/templates/campaign_premium.html,.ff_backups/dashboard-command-center-v1/apps/web/app/static/css/ff.css
data-ff-embedded-checkout-fallback	164	.ff_backups/brand-identity-closeout-v2-20260516094420/apps/web/app/static/css/ff.css,.ff_backups/brand-identity-closeout-v3-20260516094846/apps/web/app/static/css/ff.css,.ff_backups/brand-identity-unification-v1-20260516093640/apps/web/app/static/css/ff.css,.ff_backups/brand-locked-dashboard-v4-20260516104659/apps/web/app/static/css/ff.css,.ff_backups/campaign-final-link-hygiene-20260515224003/apps/web/app/static/css/ff.css,.ff_backups/campaign-final-link-hygiene-20260515224003/apps/web/app/templates/campaign/index.html,.ff_backups/campaign-lower-funnel-finish-20260515220348/apps/web/app/static/css/ff.css,.ff_backups/campaign-paint-stability-v1-20260516004216/apps/web/app/static/css/ff.css,.ff_backups/cinematic-launch-os-20260515152029/apps/web/app/templates/campaign_premium.html,.ff_backups/dashboard-command-center-v1/apps/web/app/static/css/ff.css
data-ff-donate-submit	144	.ff_backups/brand-identity-closeout-v2-20260516094420/apps/web/app/static/css/ff.css,.ff_backups/brand-identity-closeout-v3-20260516094846/apps/web/app/static/css/ff.css,.ff_backups/brand-identity-unification-v1-20260516093640/apps/web/app/static/css/ff.css,.ff_backups/brand-locked-dashboard-v4-20260516104659/apps/web/app/static/css/ff.css,.ff_backups/campaign-final-link-hygiene-20260515224003/apps/web/app/static/css/ff.css,.ff_backups/campaign-final-link-hygiene-20260515224003/apps/web/app/templates/campaign/index.html,.ff_backups/campaign-lower-funnel-finish-20260515220348/apps/web/app/static/css/ff.css,.ff_backups/campaign-paint-stability-v1-20260516004216/apps/web/app/static/css/ff.css,.ff_backups/cinematic-launch-os-20260515152029/apps/web/app/templates/campaign_premium.html,.ff_backups/dashboard-command-center-v1/apps/web/app/static/css/ff.css
data-ff-sponsor-tier	143	.ff_backups/brand-identity-closeout-v2-20260516094420/apps/web/app/static/css/ff.css,.ff_backups/brand-identity-closeout-v3-20260516094846/apps/web/app/static/css/ff.css,.ff_backups/brand-identity-unification-v1-20260516093640/apps/web/app/static/css/ff.css,.ff_backups/brand-locked-dashboard-v4-20260516104659/apps/web/app/static/css/ff.css,.ff_backups/campaign-final-link-hygiene-20260515224003/apps/web/app/static/css/ff.css,.ff_backups/campaign-final-link-hygiene-20260515224003/apps/web/app/templates/campaign/index.html,.ff_backups/campaign-lower-funnel-finish-20260515220348/apps/web/app/static/css/ff.css,.ff_backups/campaign-paint-stability-v1-20260516004216/apps/web/app/static/css/ff.css,.ff_backups/cinematic-launch-os-20260515152029/apps/web/app/templates/campaign/index.html,.ff_backups/cinematic-launch-os-20260515152029/apps/web/app/templates/campaign_premium.html
data-ff-section	141	.ff_backups/brand-identity-closeout-v2-20260516094420/apps/web/app/static/css/ff.css,.ff_backups/brand-identity-closeout-v3-20260516094846/apps/web/app/static/css/ff.css,.ff_backups/brand-identity-unification-v1-20260516093640/apps/web/app/static/css/ff.css,.ff_backups/brand-locked-dashboard-v4-20260516104659/apps/web/app/static/css/ff.css,.ff_backups/campaign-final-link-hygiene-20260515224003/apps/web/app/static/css/ff.css,.ff_backups/campaign-lower-funnel-finish-20260515220348/apps/web/app/static/css/ff.css,.ff_backups/campaign-paint-stability-v1-20260516004216/apps/web/app/static/css/ff.css,.ff_backups/cinematic-launch-os-20260515152029/apps/web/app/templates/campaign/index.html,.ff_backups/dashboard-command-center-v1/apps/web/app/static/css/ff.css,.ff_backups/ff-campaign-section-unification-v14-20260515211837/apps/web/app/static/css/ff.css
data-ff-amount-button	139	.ff_backups/campaign-final-link-hygiene-20260515224003/apps/web/app/templates/campaign/index.html,.ff_backups/cinematic-launch-os-20260515152029/apps/web/app/templates/campaign_premium.html,.ff_backups/ff-header-hero-flagship-v15-20260515213317/apps/web/app/static/js/ff-campaign.js,.ff_backups/final-compact-campaign-launch-20260515215629/apps/web/app/static/js/ff-campaign.js,.ff_backups/final-compact-campaign-launch-20260515215629/apps/web/app/templates/campaign/index.html,apps/web/app/static/css/campaign.css,apps/web/app/templates/campaign/index.html,scripts/audit/ff_functional_button_contracts.mjs,scripts/audit/ff_premium_demo_readiness_audit.mjs,scripts/campaign-payment-smoke.mjs
data-ff-home-root	131	.ff_backups/brand-identity-closeout-v2-20260516094420/apps/web/app/static/css/ff.css,.ff_backups/brand-identity-closeout-v3-20260516094846/apps/web/app/static/css/ff.css,.ff_backups/brand-identity-unification-v1-20260516093640/apps/web/app/static/css/ff.css,.ff_backups/brand-identity-unification-v1-20260516093640/apps/web/app/templates/platform/index.html,.ff_backups/brand-locked-dashboard-v4-20260516104659/apps/web/app/static/css/ff.css,.ff_backups/campaign-final-link-hygiene-20260515224003/apps/web/app/static/css/ff.css,.ff_backups/campaign-lower-funnel-finish-20260515220348/apps/web/app/static/css/ff.css,.ff_backups/campaign-paint-stability-v1-20260516004216/apps/web/app/static/css/ff.css,.ff_backups/cinematic-launch-os-20260515152029/apps/web/app/templates/platform/index.html,.ff_backups/dashboard-command-center-v1/apps/web/app/static/css/ff.css
data-ff-header-actions	127	.ff_backups/brand-identity-closeout-v2-20260516094420/apps/web/app/static/css/ff.css,.ff_backups/brand-identity-closeout-v3-20260516094846/apps/web/app/static/css/ff.css,.ff_backups/brand-identity-unification-v1-20260516093640/apps/web/app/static/css/ff.css,.ff_backups/brand-locked-dashboard-v4-20260516104659/apps/web/app/static/css/ff.css,.ff_backups/campaign-final-link-hygiene-20260515224003/apps/web/app/static/css/ff.css,.ff_backups/campaign-lower-funnel-finish-20260515220348/apps/web/app/static/css/ff.css,.ff_backups/campaign-paint-stability-v1-20260516004216/apps/web/app/static/css/ff.css,.ff_backups/dashboard-command-center-v1/apps/web/app/static/css/ff.css,.ff_backups/ff-campaign-section-unification-v14-20260515211837/apps/web/app/static/css/ff.css,.ff_backups/ff-css-campaign-polish-v11-20260515201234/apps/web/app/static/css/ff.css
data-ff-onboard-root	126	apps/web/app/_quarantine/ui-core-final-blockers-20260523024222/apps/web/app/static/css/campaign.public.css,apps/web/app/_quarantine/ui-core-safe-20260523021333/apps/web/app/static/css/campaign.bundle.css,apps/web/app/_quarantine/ui-core-safe-20260523021333/apps/web/app/static/css/login.bundle.css,apps/web/app/_quarantine/ui-core-safe-20260523021333/apps/web/app/static/css/onboarding.bundle.css,apps/web/app/_quarantine/ui-core-safe-20260523021333/apps/web/app/static/js/islands/onboarding.js,apps/web/app/static/css/ff.css,apps/web/app/static/js/ff-launch-completion.js,apps/web/app/static/js/ff-onboarding.js,backups/css/campaign.css.pre-campaign-clean-v5-20260522180029.css,backups/css/campaign.css.pre-campaign-closeout-v1-20260522174114.css
data-ff-sponsor-form	125	.ff_backups/brand-identity-closeout-v2-20260516094420/apps/web/app/static/css/ff.css,.ff_backups/brand-identity-closeout-v3-20260516094846/apps/web/app/static/css/ff.css,.ff_backups/brand-identity-unification-v1-20260516093640/apps/web/app/static/css/ff.css,.ff_backups/brand-locked-dashboard-v4-20260516104659/apps/web/app/static/css/ff.css,.ff_backups/campaign-final-link-hygiene-20260515224003/apps/web/app/static/css/ff.css,.ff_backups/campaign-final-link-hygiene-20260515224003/apps/web/app/templates/campaign/index.html,.ff_backups/campaign-lower-funnel-finish-20260515220348/apps/web/app/static/css/ff.css,.ff_backups/campaign-paint-stability-v1-20260516004216/apps/web/app/static/css/ff.css,.ff_backups/cinematic-launch-os-20260515152029/apps/web/app/templates/campaign/index.html,.ff_backups/cinematic-launch-os-20260515152029/apps/web/app/templates/campaign_premium.html
data-ff-section-intro	125	.ff_backups/brand-identity-closeout-v2-20260516094420/apps/web/app/static/css/ff.css,.ff_backups/brand-identity-closeout-v3-20260516094846/apps/web/app/static/css/ff.css,.ff_backups/brand-identity-unification-v1-20260516093640/apps/web/app/static/css/ff.css,.ff_backups/brand-locked-dashboard-v4-20260516104659/apps/web/app/static/css/ff.css,.ff_backups/campaign-final-link-hygiene-20260515224003/apps/web/app/static/css/ff.css,.ff_backups/campaign-lower-funnel-finish-20260515220348/apps/web/app/static/css/ff.css,.ff_backups/campaign-paint-stability-v1-20260516004216/apps/web/app/static/css/ff.css,.ff_backups/dashboard-command-center-v1/apps/web/app/static/css/ff.css,.ff_backups/ff-campaign-section-unification-v14-20260515211837/apps/web/app/static/css/ff.css,.ff_backups/ff-css-campaign-polish-v11-20260515201234/apps/web/app/static/css/ff.css
data-ff-amount-cents	124	.ff_backups/campaign-final-link-hygiene-20260515224003/apps/web/app/templates/campaign/index.html,.ff_backups/cinematic-launch-os-20260515152029/apps/web/app/templates/campaign/index.html,.ff_backups/cinematic-launch-os-20260515152029/apps/web/app/templates/campaign_premium.html,.ff_backups/ff-header-hero-flagship-v15-20260515213317/apps/web/app/static/js/ff-campaign.js,.ff_backups/final-compact-campaign-launch-20260515215629/apps/web/app/static/js/ff-campaign.js,.ff_backups/final-compact-campaign-launch-20260515215629/apps/web/app/templates/campaign/index.html,apps/web/app/static/js/ff-checkout-direct.js,apps/web/app/templates/campaign/index.html,tmp/campaign-product-rhythm-backups/20260507-105327/apps/web/app/templates/campaign_premium.html,tmp/cta-hierarchy-tighten-backups/20260507-110125/apps/web/app/templates/campaign_premium.html
data-ff-progress-value	119	apps/web/app/static/css/campaign.css,apps/web/app/static/css/ff.css,apps/web/app/static/js/ff-launch-completion.js,apps/web/app/templates/campaign/index.html,apps/web/app/templates/platform/dashboard.html
data-ff-panel	106	.ff_backups/brand-identity-closeout-v2-20260516094420/apps/web/app/static/css/ff.css,.ff_backups/brand-identity-closeout-v3-20260516094846/apps/web/app/static/css/ff.css,.ff_backups/brand-identity-unification-v1-20260516093640/apps/web/app/static/css/ff.css,.ff_backups/brand-locked-dashboard-v4-20260516104659/apps/web/app/static/css/ff.css,.ff_backups/campaign-final-link-hygiene-20260515224003/apps/web/app/static/css/ff.css,.ff_backups/campaign-lower-funnel-finish-20260515220348/apps/web/app/static/css/ff.css,.ff_backups/campaign-paint-stability-v1-20260516004216/apps/web/app/static/css/ff.css,.ff_backups/dashboard-command-center-v1/apps/web/app/static/css/ff.css,.ff_backups/ff-campaign-section-unification-v14-20260515211837/apps/web/app/static/css/ff.css,.ff_backups/ff-css-campaign-polish-v11-20260515201234/apps/web/app/static/css/ff.css
data-ff-hero	100	.ff_backups/brand-identity-closeout-v2-20260516094420/apps/web/app/static/css/ff.css,.ff_backups/brand-identity-closeout-v3-20260516094846/apps/web/app/static/css/ff.css,.ff_backups/brand-identity-unification-v1-20260516093640/apps/web/app/static/css/ff.css,.ff_backups/brand-locked-dashboard-v4-20260516104659/apps/web/app/static/css/ff.css,.ff_backups/campaign-final-link-hygiene-20260515224003/apps/web/app/static/css/ff.css,.ff_backups/campaign-lower-funnel-finish-20260515220348/apps/web/app/static/css/ff.css,.ff_backups/campaign-paint-stability-v1-20260516004216/apps/web/app/static/css/ff.css,.ff_backups/dashboard-command-center-v1/apps/web/app/static/css/ff.css,.ff_backups/ff-campaign-section-unification-v14-20260515211837/apps/web/app/static/css/ff.css,.ff_backups/ff-css-campaign-polish-v11-20260515201234/apps/web/app/static/css/ff.css
data-ff-dashboard-root	98	.ff_backups/brand-identity-closeout-v2-20260516094420/apps/web/app/static/css/ff.css,.ff_backups/brand-identity-closeout-v2-20260516094420/apps/web/app/templates/platform/dashboard.html,.ff_backups/brand-identity-closeout-v3-20260516094846/apps/web/app/static/css/ff.css,.ff_backups/brand-identity-closeout-v3-20260516094846/apps/web/app/templates/platform/dashboard.html,.ff_backups/brand-identity-unification-v1-20260516093640/apps/web/app/static/css/ff.css,.ff_backups/brand-identity-unification-v1-20260516093640/apps/web/app/templates/platform/dashboard.html,.ff_backups/brand-locked-dashboard-v4-20260516104659/apps/web/app/static/css/ff.css,.ff_backups/brand-locked-dashboard-v4-20260516104659/apps/web/app/templates/platform/dashboard.html,.ff_backups/brand-locked-dashboard-v5-20260516105909/apps/web/app/templates/platform/dashboard.html,.ff_backups/campaign-final-link-hygiene-20260515224003/apps/web/app/static/css/ff.css
data-ff-selected-amount	95	.ff_backups/campaign-final-link-hygiene-20260515224003/apps/web/app/templates/campaign/index.html,.ff_backups/cinematic-launch-os-20260515152029/apps/web/app/templates/campaign/index.html,.ff_backups/cinematic-launch-os-20260515152029/apps/web/app/templates/campaign_premium.html,.ff_backups/ff-header-hero-flagship-v15-20260515213317/apps/web/app/static/js/ff-campaign.js,.ff_backups/final-compact-campaign-launch-20260515215629/apps/web/app/static/js/ff-campaign.js,.ff_backups/final-compact-campaign-launch-20260515215629/apps/web/app/templates/campaign/index.html,apps/web/app/_quarantine/ui-core-safe-20260523021333/apps/web/app/static/js/ff-campaign-amount-guard.js,apps/web/app/_quarantine/ui-core-safe-20260523021333/apps/web/app/static/js/ff-campaign-flagship-enhance.js,apps/web/app/_quarantine/ui-core-safe-20260523021333/apps/web/app/static/js/ff-donation-modal-v2.js,tmp/campaign-product-rhythm-backups/20260507-105327/apps/web/app/static/js/ff-campaign.js
data-ff-featured	95	.ff_backups/brand-identity-closeout-v2-20260516094420/apps/web/app/static/css/ff.css,.ff_backups/brand-identity-closeout-v3-20260516094846/apps/web/app/static/css/ff.css,.ff_backups/brand-identity-unification-v1-20260516093640/apps/web/app/static/css/ff.css,.ff_backups/brand-locked-dashboard-v4-20260516104659/apps/web/app/static/css/ff.css,.ff_backups/campaign-final-link-hygiene-20260515224003/apps/web/app/static/css/ff.css,.ff_backups/campaign-lower-funnel-finish-20260515220348/apps/web/app/static/css/ff.css,.ff_backups/campaign-paint-stability-v1-20260516004216/apps/web/app/static/css/ff.css,.ff_backups/dashboard-command-center-v1/apps/web/app/static/css/ff.css,.ff_backups/ff-campaign-section-unification-v14-20260515211837/apps/web/app/static/css/ff.css,.ff_backups/ff-css-campaign-polish-v11-20260515201234/apps/web/app/static/css/ff.css
data-ff-donate-cta	87	.ff_backups/campaign-final-link-hygiene-20260515224003/apps/web/app/templates/campaign/index.html,.ff_backups/cinematic-launch-os-20260515152029/apps/web/app/templates/campaign_premium.html,.ff_backups/ff-header-hero-flagship-v15-20260515213317/apps/web/app/static/js/ff-campaign.js,.ff_backups/final-compact-campaign-launch-20260515215629/apps/web/app/static/js/ff-campaign.js,.ff_backups/final-compact-campaign-launch-20260515215629/apps/web/app/templates/campaign/index.html,apps/web/app/_quarantine/ui-core-safe-20260523021333/apps/web/app/static/js/ff-analytics.js,apps/web/app/templates/campaign/index.html,scripts/audit/demo-hardening.mjs,scripts/launch/ff_full_suite_preflight.mjs,scripts/release/verify-conversion-behavior.mjs
data-ff-custom-amount	83	.ff_backups/campaign-final-link-hygiene-20260515224003/apps/web/app/templates/campaign/index.html,.ff_backups/cinematic-launch-os-20260515152029/apps/web/app/templates/campaign/index.html,.ff_backups/cinematic-launch-os-20260515152029/apps/web/app/templates/campaign_premium.html,.ff_backups/ff-header-hero-flagship-v15-20260515213317/apps/web/app/static/js/ff-campaign.js,.ff_backups/final-compact-campaign-launch-20260515215629/apps/web/app/static/js/ff-campaign.js,.ff_backups/final-compact-campaign-launch-20260515215629/apps/web/app/templates/campaign/index.html,apps/web/app/_quarantine/ui-core-safe-20260523021333/apps/web/app/static/js/ff-analytics.js,apps/web/app/static/js/ff-campaign-enterprise-contract.js,apps/web/app/static/js/ff-checkout-direct.js,apps/web/app/templates/campaign/index.html
data-ff-momentum-rail	80	.ff_backups/brand-identity-closeout-v2-20260516094420/apps/web/app/static/css/ff.css,.ff_backups/brand-identity-closeout-v3-20260516094846/apps/web/app/static/css/ff.css,.ff_backups/brand-identity-unification-v1-20260516093640/apps/web/app/static/css/ff.css,.ff_backups/brand-locked-dashboard-v4-20260516104659/apps/web/app/static/css/ff.css,.ff_backups/campaign-final-link-hygiene-20260515224003/apps/web/app/static/css/ff.css,.ff_backups/campaign-lower-funnel-finish-20260515220348/apps/web/app/static/css/ff.css,.ff_backups/campaign-paint-stability-v1-20260516004216/apps/web/app/static/css/ff.css,.ff_backups/dashboard-command-center-v1/apps/web/app/static/css/ff.css,.ff_backups/ff-header-hero-flagship-v15-20260515213317/apps/web/app/static/css/ff.css,.ff_backups/final-compact-campaign-launch-20260515215629/apps/web/app/static/css/ff.css
data-ff-sponsor-package-card	77	.ff_backups/brand-identity-closeout-v2-20260516094420/apps/web/app/static/css/ff.css,.ff_backups/brand-identity-closeout-v3-20260516094846/apps/web/app/static/css/ff.css,.ff_backups/brand-identity-unification-v1-20260516093640/apps/web/app/static/css/ff.css,.ff_backups/brand-locked-dashboard-v4-20260516104659/apps/web/app/static/css/ff.css,.ff_backups/campaign-final-link-hygiene-20260515224003/apps/web/app/static/css/ff.css,.ff_backups/campaign-lower-funnel-finish-20260515220348/apps/web/app/static/css/ff.css,.ff_backups/campaign-paint-stability-v1-20260516004216/apps/web/app/static/css/ff.css,.ff_backups/dashboard-command-center-v1/apps/web/app/static/css/ff.css,.ff_backups/ff-campaign-section-unification-v14-20260515211837/apps/web/app/static/css/ff.css,.ff_backups/ff-css-campaign-polish-v11-20260515201234/apps/web/app/static/css/ff.css
data-ff-brand	76	.ff_backups/brand-identity-closeout-v2-20260516094420/apps/web/app/static/css/ff.css,.ff_backups/brand-identity-closeout-v3-20260516094846/apps/web/app/static/css/ff.css,.ff_backups/brand-identity-unification-v1-20260516093640/apps/web/app/static/css/ff.css,.ff_backups/brand-locked-dashboard-v4-20260516104659/apps/web/app/static/css/ff.css,.ff_backups/campaign-final-link-hygiene-20260515224003/apps/web/app/static/css/ff.css,.ff_backups/campaign-lower-funnel-finish-20260515220348/apps/web/app/static/css/ff.css,.ff_backups/campaign-paint-stability-v1-20260516004216/apps/web/app/static/css/ff.css,.ff_backups/dashboard-command-center-v1/apps/web/app/static/css/ff.css,.ff_backups/ff-campaign-section-unification-v14-20260515211837/apps/web/app/static/css/ff.css,.ff_backups/ff-css-campaign-polish-v11-20260515201234/apps/web/app/static/css/ff.css
data-ff-progress	75	.ff_backups/brand-identity-unification-v1-20260516093640/apps/web/app/templates/platform/index.html,.ff_backups/campaign-final-link-hygiene-20260515224003/apps/web/app/templates/campaign/index.html,.ff_backups/cinematic-launch-os-20260515152029/apps/web/app/templates/campaign/index.html,.ff_backups/cinematic-launch-os-20260515152029/apps/web/app/templates/campaign_premium.html,.ff_backups/cinematic-launch-os-20260515152029/apps/web/app/templates/platform/index.html,.ff_backups/ff-header-hero-flagship-v15-20260515213317/apps/web/app/static/js/ff-campaign.js,.ff_backups/final-compact-campaign-launch-20260515215629/apps/web/app/static/js/ff-campaign.js,.ff_backups/final-compact-campaign-launch-20260515215629/apps/web/app/templates/campaign/index.html,.ff_backups/homepage-remove-cinematic-reveal-v19-20260516002840/apps/web/app/templates/platform/index.html,.ff_backups/homepage-rhythm-tighten-v13-20260515234239/apps/web/app/templates/platform/index.html
data-ff-operator-root	75	.ff_backups/brand-identity-closeout-v2-20260516094420/apps/web/app/templates/platform/dashboard.html,.ff_backups/brand-identity-closeout-v3-20260516094846/apps/web/app/templates/platform/dashboard.html,.ff_backups/brand-identity-unification-v1-20260516093640/apps/web/app/templates/platform/dashboard.html,.ff_backups/brand-locked-dashboard-v4-20260516104659/apps/web/app/templates/platform/dashboard.html,.ff_backups/brand-locked-dashboard-v5-20260516105909/apps/web/app/templates/platform/dashboard.html,.ff_backups/cinematic-launch-os-20260515152029/apps/web/app/templates/platform/dashboard.html,.ff_backups/dashboard-command-center-v1/apps/web/app/templates/platform/dashboard.html,.ff_backups/homepage-launch-authority-v1-20260515231037/apps/web/app/static/js/ff-cinematic.js,.ff_backups/locked-dashboard-brand-source-v6-20260516110456/apps/web/app/templates/platform/dashboard.html,.ff_backups/locked-dashboard-brand-source-v6-20260516110456/apps/web/app/templates/platform/dashboard_locked.html
data-ff-nav	75	.ff_backups/brand-identity-closeout-v2-20260516094420/apps/web/app/static/css/ff.css,.ff_backups/brand-identity-closeout-v3-20260516094846/apps/web/app/static/css/ff.css,.ff_backups/brand-identity-unification-v1-20260516093640/apps/web/app/static/css/ff.css,.ff_backups/brand-locked-dashboard-v4-20260516104659/apps/web/app/static/css/ff.css,.ff_backups/campaign-final-link-hygiene-20260515224003/apps/web/app/static/css/ff.css,.ff_backups/campaign-lower-funnel-finish-20260515220348/apps/web/app/static/css/ff.css,.ff_backups/campaign-paint-stability-v1-20260516004216/apps/web/app/static/css/ff.css,.ff_backups/dashboard-command-center-v1/apps/web/app/static/css/ff.css,.ff_backups/ff-campaign-section-unification-v14-20260515211837/apps/web/app/static/css/ff.css,.ff_backups/ff-css-campaign-polish-v11-20260515201234/apps/web/app/static/css/ff.css
data-ff-stat-grid	75	.ff_backups/brand-identity-closeout-v2-20260516094420/apps/web/app/static/css/ff.css,.ff_backups/brand-identity-closeout-v3-20260516094846/apps/web/app/static/css/ff.css,.ff_backups/brand-identity-unification-v1-20260516093640/apps/web/app/static/css/ff.css,.ff_backups/brand-locked-dashboard-v4-20260516104659/apps/web/app/static/css/ff.css,.ff_backups/campaign-final-link-hygiene-20260515224003/apps/web/app/static/css/ff.css,.ff_backups/campaign-lower-funnel-finish-20260515220348/apps/web/app/static/css/ff.css,.ff_backups/campaign-paint-stability-v1-20260516004216/apps/web/app/static/css/ff.css,.ff_backups/dashboard-command-center-v1/apps/web/app/static/css/ff.css,.ff_backups/ff-campaign-section-unification-v14-20260515211837/apps/web/app/static/css/ff.css,.ff_backups/ff-css-campaign-polish-v11-20260515201234/apps/web/app/static/css/ff.css
data-ff-copy-share-url	73	.ff_backups/campaign-final-link-hygiene-20260515224003/apps/web/app/templates/campaign/index.html,.ff_backups/cinematic-launch-os-20260515152029/apps/web/app/templates/campaign/index.html,.ff_backups/cinematic-launch-os-20260515152029/apps/web/app/templates/campaign_premium.html,.ff_backups/ff-header-hero-flagship-v15-20260515213317/apps/web/app/static/js/ff-campaign.js,.ff_backups/final-compact-campaign-launch-20260515215629/apps/web/app/static/js/ff-campaign.js,.ff_backups/final-compact-campaign-launch-20260515215629/apps/web/app/templates/campaign/index.html,apps/web/app/_quarantine/ui-core-safe-20260523021333/apps/web/app/static/js/ff-analytics.js,apps/web/app/_quarantine/ui-core-safe-20260523021333/apps/web/app/static/js/ff-campaign-flagship-enhance.js,apps/web/app/_quarantine/ui-core-safe-20260523021333/apps/web/app/static/js/ff-campaign-launch-guard-v2.js,apps/web/app/_quarantine/ui-core-safe-20260523021333/apps/web/app/templates/campaign/_campaign_trust_footer.html
data-ff-qr-modal	68	.ff_backups/campaign-final-link-hygiene-20260515224003/apps/web/app/templates/campaign/index.html,.ff_backups/cinematic-launch-os-20260515152029/apps/web/app/templates/campaign/index.html,.ff_backups/cinematic-launch-os-20260515152029/apps/web/app/templates/campaign_premium.html,.ff_backups/ff-header-hero-flagship-v15-20260515213317/apps/web/app/static/js/ff-campaign.js,.ff_backups/final-compact-campaign-launch-20260515215629/apps/web/app/static/js/ff-campaign.js,.ff_backups/final-compact-campaign-launch-20260515215629/apps/web/app/templates/campaign/index.html,apps/web/app/_quarantine/ui-core-safe-20260523021333/apps/web/app/static/js/ff-qr-modal.js,apps/web/app/static/css/campaign.css,apps/web/app/static/js/ff-campaign-enterprise-contract.js,apps/web/app/static/js/ff-campaign.js
data-ff-share-drawer	67	.ff_backups/campaign-final-link-hygiene-20260515224003/apps/web/app/templates/campaign/index.html,.ff_backups/cinematic-launch-os-20260515152029/apps/web/app/templates/campaign_premium.html,.ff_backups/ff-header-hero-flagship-v15-20260515213317/apps/web/app/static/js/ff-campaign.js,.ff_backups/final-compact-campaign-launch-20260515215629/apps/web/app/static/js/ff-campaign.js,.ff_backups/final-compact-campaign-launch-20260515215629/apps/web/app/templates/campaign/index.html,apps/web/app/static/css/campaign.css,apps/web/app/static/js/ff-campaign-enterprise-contract.js,apps/web/app/static/js/ff-campaign.js,apps/web/app/templates/_base/campaign_base.html,apps/web/app/templates/campaign/index.html
data-ff-mobile-rail	66	.ff_backups/campaign-final-link-hygiene-20260515224003/apps/web/app/templates/campaign/index.html,.ff_backups/cinematic-launch-os-20260515152029/apps/web/app/templates/campaign/index.html,.ff_backups/cinematic-launch-os-20260515152029/apps/web/app/templates/campaign_premium.html,.ff_backups/final-compact-campaign-launch-20260515215629/apps/web/app/templates/campaign/index.html,apps/web/app/_quarantine/ui-core-safe-20260523021333/apps/web/app/static/js/ff-analytics.js,apps/web/app/static/css/campaign.css,apps/web/app/templates/campaign/index.html,backups/css/campaign.css.pre-campaign-clean-v5-20260522180029.css,backups/css/campaign.css.pre-campaign-closeout-v2-20260522174349.css,backups/css/campaign.css.pre-campaign-mobile-layout-v3-20260522174548.css
data-ff-pay-submit	66	apps/web/app/_quarantine/ui-core-final-blockers-20260523024222/apps/web/app/static/css/campaign.public.css,apps/web/app/_quarantine/ui-core-safe-20260523021333/apps/web/app/static/css/campaign.bundle.css,backups/css/campaign.css.pre-campaign-clean-v5-20260522180029.css,backups/css/campaign.css.pre-campaign-closeout-v1-20260522174114.css,backups/css/campaign.css.pre-campaign-closeout-v2-20260522174349.css,backups/css/campaign.css.pre-campaign-mobile-layout-v3-20260522174548.css,backups/css/campaign.css.pre-campaign-v4-rail-dock-20260522174817.css,backups/css/campaign.css.pre-campaign-v6-20260522185507.css,backups/css/campaign.css.pre-campaign-v7-rhythm-20260522190308.css,backups/css/campaign.css.pre-campaign-v8-final-rhythm-20260522191310.css
data-ff-enterprise-compact	66	apps/web/app/_quarantine/ui-core-final-blockers-20260523024222/apps/web/app/static/css/campaign.public.css,apps/web/app/_quarantine/ui-core-safe-20260523021333/apps/web/app/static/css/campaign.bundle.css,backups/css/campaign.css.pre-campaign-clean-v5-20260522180029.css,backups/css/campaign.css.pre-campaign-closeout-v1-20260522174114.css,backups/css/campaign.css.pre-campaign-closeout-v2-20260522174349.css,backups/css/campaign.css.pre-campaign-mobile-layout-v3-20260522174548.css,backups/css/campaign.css.pre-campaign-v4-rail-dock-20260522174817.css,backups/css/campaign.css.pre-campaign-v6-20260522185507.css,backups/css/campaign.css.pre-campaign-v7-rhythm-20260522190308.css,backups/css/campaign.css.pre-campaign-v8-final-rhythm-20260522191310.css
data-ff-close-qr-modal	62	.ff_backups/campaign-final-link-hygiene-20260515224003/apps/web/app/templates/campaign/index.html,.ff_backups/cinematic-launch-os-20260515152029/apps/web/app/templates/campaign/index.html,.ff_backups/cinematic-launch-os-20260515152029/apps/web/app/templates/campaign_premium.html,.ff_backups/ff-header-hero-flagship-v15-20260515213317/apps/web/app/static/js/ff-campaign.js,.ff_backups/final-compact-campaign-launch-20260515215629/apps/web/app/static/js/ff-campaign.js,.ff_backups/final-compact-campaign-launch-20260515215629/apps/web/app/templates/campaign/index.html,apps/web/app/_quarantine/ui-core-safe-20260523021333/apps/web/app/static/js/ff-qr-modal.js,apps/web/app/static/js/ff-campaign-enterprise-contract.js,apps/web/app/templates/_base/campaign_base.html,apps/web/app/templates/campaign/index.html
data-ff-share-close	60	.ff_backups/campaign-final-link-hygiene-20260515224003/apps/web/app/templates/campaign/index.html,.ff_backups/cinematic-launch-os-20260515152029/apps/web/app/templates/campaign_premium.html,.ff_backups/ff-header-hero-flagship-v15-20260515213317/apps/web/app/static/js/ff-campaign.js,.ff_backups/final-compact-campaign-launch-20260515215629/apps/web/app/static/js/ff-campaign.js,.ff_backups/final-compact-campaign-launch-20260515215629/apps/web/app/templates/campaign/index.html,apps/web/app/static/css/ff.css,apps/web/app/static/js/ff-campaign-enterprise-contract.js,apps/web/app/templates/_base/campaign_base.html,apps/web/app/templates/campaign/index.html,scripts/campaign-payment-smoke.mjs
data-ff-state	60	apps/web/app/static/css/campaign.css,apps/web/app/static/js/ff-campaign-enterprise-contract.js,apps/web/app/static/js/ff-campaign.js,apps/web/app/templates/_base/campaign_base.html,apps/web/app/templates/campaign/index.html,scripts/campaign-payment-smoke.mjs,scripts/release/_quarantine/ff_campaign_enterprise_closeout_gate.flaky-20260528002015.mjs,scripts/release/ff_visual_launch_gate.mjs,scripts/tmp/ff_sponsor_runtime_probe.mjs
data-ff-sponsor-modal	59	.ff_backups/cinematic-launch-os-20260515152029/apps/web/app/templates/campaign/index.html,apps/web/app/_quarantine/ui-core-safe-20260523021333/apps/web/app/static/js/ff-campaign-amount-guard.js,apps/web/app/_quarantine/ui-core-safe-20260523021333/apps/web/app/static/js/ff-campaign-flagship-enhance.js,apps/web/app/_quarantine/ui-core-safe-20260523021333/apps/web/app/static/js/ff-campaign-launch-guard-v2.js,apps/web/app/static/js/ff-app.js,apps/web/app/static/js/ff-campaign-enterprise-contract.js,apps/web/app/static/js/ff-campaign.js,apps/web/app/static/js/ff-sponsor-modal-contract.js,apps/web/app/templates/_base/campaign_base.html,apps/web/app/templates/campaign/_modals.html
data-ff-mobile-conversion-rail	57	.ff_backups/campaign-final-link-hygiene-20260515224003/apps/web/app/templates/campaign/index.html,.ff_backups/cinematic-launch-os-20260515152029/apps/web/app/templates/campaign_premium.html,.ff_backups/final-compact-campaign-launch-20260515215629/apps/web/app/templates/campaign/index.html,apps/web/app/static/css/campaign.css,apps/web/app/templates/campaign/index.html,backups/css/campaign.css.pre-campaign-clean-v5-20260522180029.css,backups/css/campaign.css.pre-campaign-closeout-v2-20260522174349.css,backups/css/campaign.css.pre-campaign-mobile-layout-v3-20260522174548.css,backups/css/campaign.css.pre-campaign-v4-rail-dock-20260522174817.css,backups/css/campaign.css.pre-campaign-v6-20260522185507.css
data-ff-checkout-donor-email	56	.ff_backups/campaign-final-link-hygiene-20260515224003/apps/web/app/templates/campaign/index.html,.ff_backups/cinematic-launch-os-20260515152029/apps/web/app/templates/campaign_premium.html,.ff_backups/ff-header-hero-flagship-v15-20260515213317/apps/web/app/static/js/ff-campaign.js,.ff_backups/final-compact-campaign-launch-20260515215629/apps/web/app/static/js/ff-campaign.js,.ff_backups/final-compact-campaign-launch-20260515215629/apps/web/app/templates/campaign/index.html,apps/web/app/static/js/ff-checkout-direct.js,apps/web/app/templates/campaign/index.html,scripts/audit/ff_checkout_continue_ux_audit.mjs,scripts/campaign-payment-smoke-safe.mjs,tmp/campaign-product-rhythm-backups/20260507-105327/apps/web/app/static/js/ff-campaign.js
data-ff-template	55	.ff_backups/brand-identity-closeout-v2-20260516094420/apps/web/app/templates/platform/login.html,.ff_backups/brand-identity-closeout-v3-20260516094846/apps/web/app/templates/platform/login.html,.ff_backups/brand-identity-unification-v1-20260516093640/apps/web/app/templates/platform/index.html,.ff_backups/brand-identity-unification-v1-20260516093640/apps/web/app/templates/platform/login.html,.ff_backups/campaign-final-link-hygiene-20260515224003/apps/web/app/templates/campaign/index.html,.ff_backups/cinematic-launch-os-20260515152029/apps/web/app/templates/campaign/index.html,.ff_backups/cinematic-launch-os-20260515152029/apps/web/app/templates/campaign_premium.html,.ff_backups/cinematic-launch-os-20260515152029/apps/web/app/templates/platform/index.html,.ff_backups/cinematic-launch-os-20260515152029/apps/web/app/templates/platform/login.html,.ff_backups/final-compact-campaign-launch-20260515215629/apps/web/app/templates/campaign/index.html
data-ff-campaign-page	55	.ff_backups/campaign-final-link-hygiene-20260515224003/apps/web/app/templates/campaign/index.html,.ff_backups/cinematic-launch-os-20260515152029/apps/web/app/templates/campaign_premium.html,.ff_backups/ff-header-hero-flagship-v15-20260515213317/apps/web/app/static/js/ff-campaign.js,.ff_backups/final-compact-campaign-launch-20260515215629/apps/web/app/static/js/ff-campaign.js,.ff_backups/final-compact-campaign-launch-20260515215629/apps/web/app/templates/campaign/index.html,apps/web/app/_quarantine/ui-core-safe-20260523021333/apps/web/app/static/js/ff-analytics.js,apps/web/app/static/js/ff-checkout-direct.js,apps/web/app/templates/campaign/index.html,scripts/campaign-payment-smoke.mjs,tmp/campaign-product-rhythm-backups/20260507-105327/apps/web/app/static/js/ff-campaign.js
data-ff-login-error	52	.ff_backups/brand-identity-closeout-v2-20260516094420/apps/web/app/static/css/ff.css,.ff_backups/brand-identity-closeout-v2-20260516094420/apps/web/app/templates/platform/login.html,.ff_backups/brand-identity-closeout-v3-20260516094846/apps/web/app/static/css/ff.css,.ff_backups/brand-identity-closeout-v3-20260516094846/apps/web/app/templates/platform/login.html,.ff_backups/brand-identity-unification-v1-20260516093640/apps/web/app/static/css/ff.css,.ff_backups/brand-identity-unification-v1-20260516093640/apps/web/app/templates/platform/login.html,.ff_backups/brand-locked-dashboard-v4-20260516104659/apps/web/app/static/css/ff.css,.ff_backups/campaign-final-link-hygiene-20260515224003/apps/web/app/static/css/ff.css,.ff_backups/campaign-lower-funnel-finish-20260515220348/apps/web/app/static/css/ff.css,.ff_backups/campaign-paint-stability-v1-20260516004216/apps/web/app/static/css/ff.css
data-ff-checkout-custom-input	51	.ff_backups/campaign-final-link-hygiene-20260515224003/apps/web/app/templates/campaign/index.html,.ff_backups/cinematic-launch-os-20260515152029/apps/web/app/templates/campaign_premium.html,.ff_backups/ff-header-hero-flagship-v15-20260515213317/apps/web/app/static/js/ff-campaign.js,.ff_backups/final-compact-campaign-launch-20260515215629/apps/web/app/static/js/ff-campaign.js,.ff_backups/final-compact-campaign-launch-20260515215629/apps/web/app/templates/campaign/index.html,apps/web/app/static/js/ff-campaign-enterprise-contract.js,apps/web/app/static/js/ff-checkout-direct.js,apps/web/app/templates/campaign/index.html,scripts/campaign-payment-smoke-safe.mjs,scripts/verify-campaign-payments.mjs
data-ff-home-hero	51	.ff_backups/brand-identity-unification-v1-20260516093640/apps/web/app/static/css/platform-home.css,.ff_backups/homepage-compact-closeout-20260515232645/apps/web/app/static/css/platform-home.css,.ff_backups/homepage-density-v20-20260516003816/apps/web/app/static/css/platform-home.css,.ff_backups/homepage-final-rhythm-v15-20260515235638/apps/web/app/static/css/platform-home.css,.ff_backups/homepage-gap-calibration-v16-20260516000136/apps/web/app/static/css/platform-home.css,.ff_backups/homepage-header-rhythm-sync-v14-20260515235216/apps/web/app/static/css/platform-home.css,.ff_backups/homepage-paint-restore-v18-20260516002104/apps/web/app/static/css/platform-home.css,.ff_backups/homepage-paint-restore-v18-20260516002104/scripts/audit/ff_homepage_contract_audit.mjs,.ff_backups/homepage-remove-cinematic-reveal-v19-20260516002840/apps/web/app/static/css/platform-home.css,.ff_backups/homepage-remove-cinematic-reveal-v19-20260516002840/scripts/audit/ff_homepage_contract_audit.mjs
data-ff-retired	50	.ff_backups/brand-identity-closeout-v2-20260516094420/apps/web/app/static/css/ff.css,.ff_backups/brand-identity-closeout-v3-20260516094846/apps/web/app/static/css/ff.css,.ff_backups/brand-identity-unification-v1-20260516093640/apps/web/app/static/css/ff.css,.ff_backups/brand-locked-dashboard-v4-20260516104659/apps/web/app/static/css/ff.css,.ff_backups/campaign-final-link-hygiene-20260515224003/apps/web/app/static/css/ff.css,.ff_backups/campaign-lower-funnel-finish-20260515220348/apps/web/app/static/css/ff.css,.ff_backups/campaign-paint-stability-v1-20260516004216/apps/web/app/static/css/ff.css,.ff_backups/dashboard-command-center-v1/apps/web/app/static/css/ff.css,.ff_backups/ff-campaign-section-unification-v14-20260515211837/apps/web/app/static/css/ff.css,.ff_backups/ff-css-campaign-polish-v11-20260515201234/apps/web/app/static/css/ff.css
data-ff-grid	50	.ff_backups/brand-identity-closeout-v2-20260516094420/apps/web/app/static/css/ff.css,.ff_backups/brand-identity-closeout-v3-20260516094846/apps/web/app/static/css/ff.css,.ff_backups/brand-identity-unification-v1-20260516093640/apps/web/app/static/css/ff.css,.ff_backups/brand-locked-dashboard-v4-20260516104659/apps/web/app/static/css/ff.css,.ff_backups/campaign-final-link-hygiene-20260515224003/apps/web/app/static/css/ff.css,.ff_backups/campaign-lower-funnel-finish-20260515220348/apps/web/app/static/css/ff.css,.ff_backups/campaign-paint-stability-v1-20260516004216/apps/web/app/static/css/ff.css,.ff_backups/dashboard-command-center-v1/apps/web/app/static/css/ff.css,.ff_backups/ff-campaign-section-unification-v14-20260515211837/apps/web/app/static/css/ff.css,.ff_backups/ff-css-campaign-polish-v11-20260515201234/apps/web/app/static/css/ff.css
data-ff-actions	50	.ff_backups/brand-identity-closeout-v2-20260516094420/apps/web/app/static/css/ff.css,.ff_backups/brand-identity-closeout-v3-20260516094846/apps/web/app/static/css/ff.css,.ff_backups/brand-identity-unification-v1-20260516093640/apps/web/app/static/css/ff.css,.ff_backups/brand-locked-dashboard-v4-20260516104659/apps/web/app/static/css/ff.css,.ff_backups/campaign-final-link-hygiene-20260515224003/apps/web/app/static/css/ff.css,.ff_backups/campaign-lower-funnel-finish-20260515220348/apps/web/app/static/css/ff.css,.ff_backups/campaign-paint-stability-v1-20260516004216/apps/web/app/static/css/ff.css,.ff_backups/dashboard-command-center-v1/apps/web/app/static/css/ff.css,.ff_backups/ff-campaign-section-unification-v14-20260515211837/apps/web/app/static/css/ff.css,.ff_backups/ff-css-campaign-polish-v11-20260515201234/apps/web/app/static/css/ff.css
data-ff-cta-group	50	.ff_backups/brand-identity-closeout-v2-20260516094420/apps/web/app/static/css/ff.css,.ff_backups/brand-identity-closeout-v3-20260516094846/apps/web/app/static/css/ff.css,.ff_backups/brand-identity-unification-v1-20260516093640/apps/web/app/static/css/ff.css,.ff_backups/brand-locked-dashboard-v4-20260516104659/apps/web/app/static/css/ff.css,.ff_backups/campaign-final-link-hygiene-20260515224003/apps/web/app/static/css/ff.css,.ff_backups/campaign-lower-funnel-finish-20260515220348/apps/web/app/static/css/ff.css,.ff_backups/campaign-paint-stability-v1-20260516004216/apps/web/app/static/css/ff.css,.ff_backups/dashboard-command-center-v1/apps/web/app/static/css/ff.css,.ff_backups/ff-campaign-section-unification-v14-20260515211837/apps/web/app/static/css/ff.css,.ff_backups/ff-css-campaign-polish-v11-20260515201234/apps/web/app/static/css/ff.css
data-ff-eyebrow	50	.ff_backups/brand-identity-closeout-v2-20260516094420/apps/web/app/static/css/ff.css,.ff_backups/brand-identity-closeout-v3-20260516094846/apps/web/app/static/css/ff.css,.ff_backups/brand-identity-unification-v1-20260516093640/apps/web/app/static/css/ff.css,.ff_backups/brand-locked-dashboard-v4-20260516104659/apps/web/app/static/css/ff.css,.ff_backups/campaign-final-link-hygiene-20260515224003/apps/web/app/static/css/ff.css,.ff_backups/campaign-lower-funnel-finish-20260515220348/apps/web/app/static/css/ff.css,.ff_backups/campaign-paint-stability-v1-20260516004216/apps/web/app/static/css/ff.css,.ff_backups/dashboard-command-center-v1/apps/web/app/static/css/ff.css,.ff_backups/ff-campaign-section-unification-v14-20260515211837/apps/web/app/static/css/ff.css,.ff_backups/ff-css-campaign-polish-v11-20260515201234/apps/web/app/static/css/ff.css
data-ff-stat	50	.ff_backups/brand-identity-closeout-v2-20260516094420/apps/web/app/static/css/ff.css,.ff_backups/brand-identity-closeout-v3-20260516094846/apps/web/app/static/css/ff.css,.ff_backups/brand-identity-unification-v1-20260516093640/apps/web/app/static/css/ff.css,.ff_backups/brand-locked-dashboard-v4-20260516104659/apps/web/app/static/css/ff.css,.ff_backups/campaign-final-link-hygiene-20260515224003/apps/web/app/static/css/ff.css,.ff_backups/campaign-lower-funnel-finish-20260515220348/apps/web/app/static/css/ff.css,.ff_backups/campaign-paint-stability-v1-20260516004216/apps/web/app/static/css/ff.css,.ff_backups/dashboard-command-center-v1/apps/web/app/static/css/ff.css,.ff_backups/ff-campaign-section-unification-v14-20260515211837/apps/web/app/static/css/ff.css,.ff_backups/ff-css-campaign-polish-v11-20260515201234/apps/web/app/static/css/ff.css
data-ff-review-queue	50	.ff_backups/brand-identity-closeout-v2-20260516094420/apps/web/app/static/css/ff.css,.ff_backups/brand-identity-closeout-v3-20260516094846/apps/web/app/static/css/ff.css,.ff_backups/brand-identity-unification-v1-20260516093640/apps/web/app/static/css/ff.css,.ff_backups/brand-locked-dashboard-v4-20260516104659/apps/web/app/static/css/ff.css,.ff_backups/campaign-final-link-hygiene-20260515224003/apps/web/app/static/css/ff.css,.ff_backups/campaign-lower-funnel-finish-20260515220348/apps/web/app/static/css/ff.css,.ff_backups/campaign-paint-stability-v1-20260516004216/apps/web/app/static/css/ff.css,.ff_backups/dashboard-command-center-v1/apps/web/app/static/css/ff.css,.ff_backups/ff-campaign-section-unification-v14-20260515211837/apps/web/app/static/css/ff.css,.ff_backups/ff-css-campaign-polish-v11-20260515201234/apps/web/app/static/css/ff.css
data-ff-copy-link	49	.ff_backups/campaign-final-link-hygiene-20260515224003/apps/web/app/templates/campaign/index.html,.ff_backups/cinematic-launch-os-20260515152029/apps/web/app/templates/campaign_premium.html,.ff_backups/ff-header-hero-flagship-v15-20260515213317/apps/web/app/static/js/ff-campaign.js,.ff_backups/final-compact-campaign-launch-20260515215629/apps/web/app/static/js/ff-campaign.js,.ff_backups/final-compact-campaign-launch-20260515215629/apps/web/app/templates/campaign/index.html,apps/web/app/_quarantine/ui-core-safe-20260523021333/apps/web/app/static/js/ff-analytics.js,apps/web/app/templates/campaign/index.html,scripts/audit/ff_campaign_conversion_contract_audit.mjs,scripts/audit/ff_share_qr_dom_probe.mjs,scripts/release/ff_enterprise_launch_gate.mjs
data-ff-login-root	48	.ff_backups/brand-identity-closeout-v2-20260516094420/apps/web/app/templates/platform/login.html,.ff_backups/brand-identity-closeout-v3-20260516094846/apps/web/app/templates/platform/login.html,.ff_backups/brand-identity-unification-v1-20260516093640/apps/web/app/templates/platform/login.html,.ff_backups/cinematic-launch-os-20260515152029/apps/web/app/templates/platform/login.html,.ff_backups/login-command-access-v1-20260516111020/apps/web/app/templates/platform/login.html,.ff_backups/login-command-center-v3-20260516121838/apps/web/app/templates/platform/login.html,.ff_backups/login-final-lock-v2-20260516120852/apps/web/app/templates/platform/login.html,.ff_backups/login-v4-brand-audit-lock-20260516123303/apps/web/app/templates/platform/login.html,.ff_backups/login-v4-isolated-20260516122902/apps/web/app/templates/platform/login.html,apps/web/app/static/css/ff.css
data-ff-checkout-payment-summary-amount	47	.ff_backups/campaign-final-link-hygiene-20260515224003/apps/web/app/templates/campaign/index.html,.ff_backups/cinematic-launch-os-20260515152029/apps/web/app/templates/campaign_premium.html,.ff_backups/ff-header-hero-flagship-v15-20260515213317/apps/web/app/static/js/ff-campaign.js,.ff_backups/final-compact-campaign-launch-20260515215629/apps/web/app/static/js/ff-campaign.js,.ff_backups/final-compact-campaign-launch-20260515215629/apps/web/app/templates/campaign/index.html,apps/web/app/static/js/ff-campaign-enterprise-contract.js,apps/web/app/templates/campaign/index.html,tmp/campaign-product-rhythm-backups/20260507-105327/apps/web/app/static/js/ff-campaign.js,tmp/campaign-product-rhythm-backups/20260507-105327/apps/web/app/templates/campaign_premium.html,tmp/cta-hierarchy-tighten-backups/20260507-110125/apps/web/app/static/js/ff-campaign.js
data-ff-checkout-sheet	47	.ff_backups/cinematic-launch-os-20260515152029/apps/web/app/templates/campaign/index.html,apps/web/app/_quarantine/ui-core-safe-20260523021333/apps/web/app/static/js/ff-campaign-amount-guard.js,apps/web/app/_quarantine/ui-core-safe-20260523021333/apps/web/app/static/js/ff-campaign-flagship-enhance.js,apps/web/app/_quarantine/ui-core-safe-20260523021333/apps/web/app/static/js/ff-campaign-launch-guard-v2.js,apps/web/app/_quarantine/ui-core-safe-20260523021333/apps/web/app/templates/campaign/_checkout_sheet.html,apps/web/app/static/css/campaign.css,apps/web/app/static/js/ff-app.js,apps/web/app/static/js/ff-campaign-enterprise-contract.js,apps/web/app/static/js/ff-sponsor-modal-contract.js,apps/web/app/templates/_base/campaign_base.html
data-ff-campaign-main	46	.ff_backups/brand-identity-closeout-v2-20260516094420/apps/web/app/static/css/ff.css,.ff_backups/brand-identity-closeout-v3-20260516094846/apps/web/app/static/css/ff.css,.ff_backups/brand-identity-unification-v1-20260516093640/apps/web/app/static/css/ff.css,.ff_backups/brand-locked-dashboard-v4-20260516104659/apps/web/app/static/css/ff.css,.ff_backups/campaign-final-link-hygiene-20260515224003/apps/web/app/static/css/ff.css,.ff_backups/campaign-final-link-hygiene-20260515224003/apps/web/app/templates/campaign/index.html,.ff_backups/campaign-lower-funnel-finish-20260515220348/apps/web/app/static/css/ff.css,.ff_backups/campaign-paint-stability-v1-20260516004216/apps/web/app/static/css/ff.css,.ff_backups/cinematic-launch-os-20260515152029/apps/web/app/templates/campaign_premium.html,.ff_backups/dashboard-command-center-v1/apps/web/app/static/css/ff.css
data-ff-donate-form	46	.ff_backups/campaign-final-link-hygiene-20260515224003/apps/web/app/templates/campaign/index.html,.ff_backups/cinematic-launch-os-20260515152029/apps/web/app/templates/campaign_premium.html,.ff_backups/ff-header-hero-flagship-v15-20260515213317/apps/web/app/static/js/ff-campaign.js,.ff_backups/final-compact-campaign-launch-20260515215629/apps/web/app/static/js/ff-campaign.js,.ff_backups/final-compact-campaign-launch-20260515215629/apps/web/app/templates/campaign/index.html,tmp/campaign-product-rhythm-backups/20260507-105327/apps/web/app/static/js/ff-campaign.js,tmp/campaign-product-rhythm-backups/20260507-105327/apps/web/app/templates/campaign_premium.html,tmp/cta-hierarchy-tighten-backups/20260507-110125/apps/web/app/static/js/ff-campaign.js,tmp/cta-hierarchy-tighten-backups/20260507-110125/apps/web/app/templates/campaign_premium.html,tmp/embedded-repair/ff-embedded-checkout.broken.20260505-201640.js
data-ff-checkout-modal	46	apps/web/app/_quarantine/ui-core-final-blockers-20260523024222/apps/web/app/static/css/campaign.public.css,apps/web/app/_quarantine/ui-core-safe-20260523021333/apps/web/app/static/css/campaign.bundle.css,apps/web/app/_quarantine/ui-core-safe-20260523021333/apps/web/app/static/js/ff-campaign-amount-guard.js,apps/web/app/static/css/campaign.css,apps/web/app/static/js/ff-campaign-enterprise-contract.js,apps/web/app/static/js/ff-campaign.js,apps/web/app/static/js/ff-sponsor-modal-contract.js,apps/web/app/templates/_base/campaign_base.html,apps/web/app/templates/campaign/index.html,backups/css/campaign.css.pre-campaign-clean-v5-20260522180029.css
data-ff-media-bound	45	.ff_backups/campaign-final-link-hygiene-20260515224003/apps/web/app/templates/campaign/index.html,.ff_backups/cinematic-launch-os-20260515152029/apps/web/app/templates/campaign_premium.html,.ff_backups/final-compact-campaign-launch-20260515215629/apps/web/app/templates/campaign/index.html,apps/web/app/templates/campaign/index.html,scripts/launch/ff_full_suite_preflight.mjs,tmp/campaign-product-rhythm-backups/20260507-105327/apps/web/app/templates/campaign_premium.html,tmp/cta-hierarchy-tighten-backups/20260507-110125/apps/web/app/templates/campaign_premium.html,tmp/ff-css-authority-final-backups/20260507-111134/apps/web/app/templates/campaign_premium.html,tmp/final-shell-css-polish-backups/20260507-100959/apps/web/app/templates/campaign_premium.html,tmp/final-shell-refactor-backups/20260507-100023/apps/web/app/templates/campaign_premium.html
data-ff-share	45	.ff_backups/cinematic-launch-os-20260515152029/apps/web/app/templates/campaign/index.html,apps/web/app/_quarantine/ui-core-safe-20260523021333/apps/web/app/static/js/ff-campaign-launch-guard-v2.js,apps/web/app/_quarantine/ui-core-safe-20260523021333/apps/web/app/templates/campaign/_campaign_hero.html,apps/web/app/_quarantine/ui-core-safe-20260523021333/apps/web/app/templates/campaign/_campaign_trust_footer.html,apps/web/app/_quarantine/ui-core-safe-20260523021333/apps/web/app/templates/campaign/_checkout_sheet.html,apps/web/app/_quarantine/ui-core-safe-20260523021333/apps/web/app/templates/campaign/_hero.html,apps/web/app/_quarantine/ui-core-safe-20260523021333/apps/web/app/templates/campaign/deprecated/_chrome.html,apps/web/app/_quarantine/ui-core-safe-20260523021333/apps/web/app/templates/campaign/deprecated/_close_band.html,apps/web/app/_quarantine/ui-core-safe-20260523021333/apps/web/app/templates/campaign/deprecated/_distribution.html,apps/web/app/_quarantine/ui-core-safe-20260523021333/apps/web/app/templates/campaign/deprecated/_footer.html
data-ff-embedded-checkout-panel	44	.ff_backups/campaign-final-link-hygiene-20260515224003/apps/web/app/templates/campaign/index.html,.ff_backups/cinematic-launch-os-20260515152029/apps/web/app/templates/campaign_premium.html,.ff_backups/ff-header-hero-flagship-v15-20260515213317/apps/web/app/static/js/ff-campaign.js,.ff_backups/final-compact-campaign-launch-20260515215629/apps/web/app/static/js/ff-campaign.js,.ff_backups/final-compact-campaign-launch-20260515215629/apps/web/app/templates/campaign/index.html,apps/web/app/static/js/ff-campaign-enterprise-contract.js,apps/web/app/templates/campaign/index.html,scripts/verify-campaign-payments.mjs,tmp/campaign-product-rhythm-backups/20260507-105327/apps/web/app/static/js/ff-campaign.js,tmp/campaign-product-rhythm-backups/20260507-105327/apps/web/app/templates/campaign_premium.html
data-ff-home-launch-cta	43	.ff_backups/brand-identity-unification-v1-20260516093640/apps/web/app/templates/platform/index.html,.ff_backups/cinematic-launch-os-20260515152029/apps/web/app/templates/platform/index.html,.ff_backups/homepage-remove-cinematic-reveal-v19-20260516002840/apps/web/app/templates/platform/index.html,.ff_backups/homepage-rhythm-tighten-v13-20260515234239/apps/web/app/templates/platform/index.html,.ff_backups/homepage-structural-trim-v1-20260515233556/apps/web/app/templates/platform/index.html,apps/web/app/_quarantine/ui-core-safe-20260523021333/apps/web/app/static/js/ff-analytics.js,scripts/audit/ff_premium_demo_readiness_audit.mjs,scripts/launch/ff_full_suite_preflight.mjs,scripts/qa_homepage_smoke.mjs,scripts/release/verify-analytics-events.mjs
data-ff-campaign-header	43	.ff_backups/campaign-final-link-hygiene-20260515224003/apps/web/app/templates/campaign/index.html,.ff_backups/cinematic-launch-os-20260515152029/apps/web/app/templates/campaign/index.html,.ff_backups/cinematic-launch-os-20260515152029/apps/web/app/templates/campaign_premium.html,.ff_backups/ff-header-hero-flagship-v15-20260515213317/apps/web/app/static/js/ff-campaign.js,.ff_backups/final-compact-campaign-launch-20260515215629/apps/web/app/static/js/ff-campaign.js,.ff_backups/final-compact-campaign-launch-20260515215629/apps/web/app/templates/campaign/index.html,apps/web/app/_quarantine/ui-core-safe-20260523021333/apps/web/app/templates/_partials/ff_site_header.html,backups/css/campaign.css.pre-campaign-clean-v5-20260522180029.css,backups/css/campaign.css.pre-campaign-closeout-v2-20260522174349.css,backups/css/campaign.css.pre-campaign-mobile-layout-v3-20260522174548.css
data-ff-checkout-impact-title	43	.ff_backups/campaign-final-link-hygiene-20260515224003/apps/web/app/templates/campaign/index.html,.ff_backups/cinematic-launch-os-20260515152029/apps/web/app/templates/campaign_premium.html,.ff_backups/ff-header-hero-flagship-v15-20260515213317/apps/web/app/static/js/ff-campaign.js,.ff_backups/final-compact-campaign-launch-20260515215629/apps/web/app/static/js/ff-campaign.js,.ff_backups/final-compact-campaign-launch-20260515215629/apps/web/app/templates/campaign/index.html,apps/web/app/templates/campaign/index.html,tmp/campaign-product-rhythm-backups/20260507-105327/apps/web/app/static/js/ff-campaign.js,tmp/campaign-product-rhythm-backups/20260507-105327/apps/web/app/templates/campaign_premium.html,tmp/cta-hierarchy-tighten-backups/20260507-110125/apps/web/app/static/js/ff-campaign.js,tmp/cta-hierarchy-tighten-backups/20260507-110125/apps/web/app/templates/campaign_premium.html
data-ff-copy-trigger	42	.ff_backups/campaign-final-link-hygiene-20260515224003/apps/web/app/templates/campaign/index.html,.ff_backups/cinematic-launch-os-20260515152029/apps/web/app/templates/campaign/index.html,.ff_backups/cinematic-launch-os-20260515152029/apps/web/app/templates/campaign_premium.html,.ff_backups/ff-header-hero-flagship-v15-20260515213317/apps/web/app/static/js/ff-campaign.js,.ff_backups/final-compact-campaign-launch-20260515215629/apps/web/app/static/js/ff-campaign.js,.ff_backups/final-compact-campaign-launch-20260515215629/apps/web/app/templates/campaign/index.html,apps/web/app/templates/campaign/index.html,scripts/audit/ff_share_qr_dom_probe.mjs,scripts/release/ff_enterprise_launch_gate.mjs,scripts/release/verify-conversion-behavior.mjs
data-ff-check-done	42	.ff_backups/brand-identity-closeout-v2-20260516094420/apps/web/app/static/css/ff.css,.ff_backups/brand-identity-closeout-v3-20260516094846/apps/web/app/static/css/ff.css,.ff_backups/brand-identity-unification-v1-20260516093640/apps/web/app/static/css/ff.css,.ff_backups/brand-locked-dashboard-v4-20260516104659/apps/web/app/static/css/ff.css,.ff_backups/campaign-final-link-hygiene-20260515224003/apps/web/app/static/css/ff.css,.ff_backups/campaign-lower-funnel-finish-20260515220348/apps/web/app/static/css/ff.css,.ff_backups/campaign-paint-stability-v1-20260516004216/apps/web/app/static/css/ff.css,.ff_backups/dashboard-command-center-v1/apps/web/app/static/css/ff.css,.ff_backups/ff-campaign-section-unification-v14-20260515211837/apps/web/app/static/css/ff.css,.ff_backups/ff-css-campaign-polish-v11-20260515201234/apps/web/app/static/css/ff.css
data-ff-qr-share-url	41	.ff_backups/campaign-final-link-hygiene-20260515224003/apps/web/app/templates/campaign/index.html,.ff_backups/cinematic-launch-os-20260515152029/apps/web/app/templates/campaign/index.html,.ff_backups/cinematic-launch-os-20260515152029/apps/web/app/templates/campaign_premium.html,.ff_backups/ff-header-hero-flagship-v15-20260515213317/apps/web/app/static/js/ff-campaign.js,.ff_backups/final-compact-campaign-launch-20260515215629/apps/web/app/static/js/ff-campaign.js,.ff_backups/final-compact-campaign-launch-20260515215629/apps/web/app/templates/campaign/index.html,apps/web/app/templates/campaign/index.html,scripts/audit/ff_share_qr_dom_probe.mjs,scripts/release/ff_enterprise_launch_gate.mjs,scripts/verify-campaign-modals.mjs
data-ff-checkout-donor-name	41	.ff_backups/campaign-final-link-hygiene-20260515224003/apps/web/app/templates/campaign/index.html,.ff_backups/cinematic-launch-os-20260515152029/apps/web/app/templates/campaign_premium.html,.ff_backups/ff-header-hero-flagship-v15-20260515213317/apps/web/app/static/js/ff-campaign.js,.ff_backups/final-compact-campaign-launch-20260515215629/apps/web/app/static/js/ff-campaign.js,.ff_backups/final-compact-campaign-launch-20260515215629/apps/web/app/templates/campaign/index.html,apps/web/app/static/js/ff-checkout-direct.js,apps/web/app/templates/campaign/index.html,tmp/campaign-product-rhythm-backups/20260507-105327/apps/web/app/static/js/ff-campaign.js,tmp/campaign-product-rhythm-backups/20260507-105327/apps/web/app/templates/campaign_premium.html,tmp/cta-hierarchy-tighten-backups/20260507-110125/apps/web/app/static/js/ff-campaign.js
data-ff-embedded-checkout-error	41	.ff_backups/campaign-final-link-hygiene-20260515224003/apps/web/app/templates/campaign/index.html,.ff_backups/cinematic-launch-os-20260515152029/apps/web/app/templates/campaign_premium.html,.ff_backups/ff-header-hero-flagship-v15-20260515213317/apps/web/app/static/js/ff-campaign.js,.ff_backups/final-compact-campaign-launch-20260515215629/apps/web/app/static/js/ff-campaign.js,.ff_backups/final-compact-campaign-launch-20260515215629/apps/web/app/templates/campaign/index.html,apps/web/app/templates/campaign/index.html,tmp/campaign-product-rhythm-backups/20260507-105327/apps/web/app/static/js/ff-campaign.js,tmp/campaign-product-rhythm-backups/20260507-105327/apps/web/app/templates/campaign_premium.html,tmp/cta-hierarchy-tighten-backups/20260507-110125/apps/web/app/static/js/ff-campaign.js,tmp/cta-hierarchy-tighten-backups/20260507-110125/apps/web/app/templates/campaign_premium.html
data-ff-payment-return-status	40	.ff_backups/campaign-final-link-hygiene-20260515224003/apps/web/app/templates/campaign/index.html,.ff_backups/cinematic-launch-os-20260515152029/apps/web/app/templates/campaign_premium.html,.ff_backups/final-compact-campaign-launch-20260515215629/apps/web/app/templates/campaign/index.html,apps/web/app/templates/campaign/index.html,tmp/campaign-product-rhythm-backups/20260507-105327/apps/web/app/templates/campaign_premium.html,tmp/cta-hierarchy-tighten-backups/20260507-110125/apps/web/app/templates/campaign_premium.html,tmp/ff-css-authority-final-backups/20260507-111134/apps/web/app/templates/campaign_premium.html,tmp/final-shell-css-polish-backups/20260507-100959/apps/web/app/templates/campaign_premium.html,tmp/final-shell-refactor-backups/20260507-100023/apps/web/app/templates/campaign_premium.html,tmp/impact-team-refactor-backups/20260507-014109/apps/web/app/templates/campaign_premium.html
data-ff-sponsor-package-input	40	.ff_backups/campaign-final-link-hygiene-20260515224003/apps/web/app/templates/campaign/index.html,.ff_backups/cinematic-launch-os-20260515152029/apps/web/app/templates/campaign_premium.html,.ff_backups/ff-header-hero-flagship-v15-20260515213317/apps/web/app/static/js/ff-campaign.js,.ff_backups/final-compact-campaign-launch-20260515215629/apps/web/app/static/js/ff-campaign.js,.ff_backups/final-compact-campaign-launch-20260515215629/apps/web/app/templates/campaign/index.html,apps/web/app/_quarantine/ui-core-safe-20260523021333/apps/web/app/static/js/ff.sponsor-packages.js,apps/web/app/templates/campaign/index.html,tmp/campaign-product-rhythm-backups/20260507-105327/apps/web/app/static/js/ff-campaign.js,tmp/campaign-product-rhythm-backups/20260507-105327/apps/web/app/templates/campaign_premium.html,tmp/cta-hierarchy-tighten-backups/20260507-110125/apps/web/app/static/js/ff-campaign.js
data-ff-checkout-impact-copy	37	.ff_backups/campaign-final-link-hygiene-20260515224003/apps/web/app/templates/campaign/index.html,.ff_backups/cinematic-launch-os-20260515152029/apps/web/app/templates/campaign_premium.html,.ff_backups/ff-header-hero-flagship-v15-20260515213317/apps/web/app/static/js/ff-campaign.js,.ff_backups/final-compact-campaign-launch-20260515215629/apps/web/app/static/js/ff-campaign.js,.ff_backups/final-compact-campaign-launch-20260515215629/apps/web/app/templates/campaign/index.html,apps/web/app/templates/campaign/index.html,tmp/campaign-product-rhythm-backups/20260507-105327/apps/web/app/static/js/ff-campaign.js,tmp/campaign-product-rhythm-backups/20260507-105327/apps/web/app/templates/campaign_premium.html,tmp/cta-hierarchy-tighten-backups/20260507-110125/apps/web/app/static/js/ff-campaign.js,tmp/cta-hierarchy-tighten-backups/20260507-110125/apps/web/app/templates/campaign_premium.html
data-ff-dashboard-exec-assistant	37	apps/web/app/static/css/ff.css,backups/css/dashboard.css.pre-command-authority-v2-20260522210944.css,backups/css/dashboard.css.pre-locked-dashboard-repair-v3-20260522211531.css,backups/dashboard-css/dashboard.before-clean-authority-20260522083246.css,backups/dashboard-css/dashboard.before-single-authority-20260522084642.css
data-ff-campaign-title	37	apps/web/app/static/js/ff-campaign-enterprise-contract.js,backups/css/campaign.css.pre-campaign-clean-v5-20260522180029.css,backups/css/campaign.css.pre-campaign-closeout-v2-20260522174349.css,backups/css/campaign.css.pre-campaign-mobile-layout-v3-20260522174548.css,backups/css/campaign.css.pre-campaign-v4-rail-dock-20260522174817.css,backups/css/campaign.css.pre-campaign-v6-20260522185507.css,backups/css/campaign.css.pre-campaign-v7-rhythm-20260522190308.css,backups/css/campaign.css.pre-campaign-v8-final-rhythm-20260522191310.css,backups/css/campaign.css.pre-momentum-v9-fix-20260522205102.css
data-ff-share-url	35	.ff_backups/campaign-final-link-hygiene-20260515224003/apps/web/app/templates/campaign/index.html,.ff_backups/cinematic-launch-os-20260515152029/apps/web/app/templates/campaign/index.html,.ff_backups/cinematic-launch-os-20260515152029/apps/web/app/templates/campaign_premium.html,.ff_backups/final-compact-campaign-launch-20260515215629/apps/web/app/templates/campaign/index.html,apps/web/app/_quarantine/ui-core-safe-20260523021333/apps/web/app/static/js/ff-campaign-flagship-enhance.js,apps/web/app/_quarantine/ui-core-safe-20260523021333/apps/web/app/static/js/ff-campaign-launch-guard-v2.js,apps/web/app/_quarantine/ui-core-safe-20260523021333/apps/web/app/static/js/islands/share.js,apps/web/app/_quarantine/ui-core-safe-20260523021333/apps/web/app/templates/_base/platform_base.html,apps/web/app/static/js/ff-app.js,apps/web/app/templates/_base/campaign_base.html
data-ff-share-url-input	34	.ff_backups/campaign-final-link-hygiene-20260515224003/apps/web/app/templates/campaign/index.html,.ff_backups/cinematic-launch-os-20260515152029/apps/web/app/templates/campaign_premium.html,.ff_backups/ff-header-hero-flagship-v15-20260515213317/apps/web/app/static/js/ff-campaign.js,.ff_backups/final-compact-campaign-launch-20260515215629/apps/web/app/static/js/ff-campaign.js,.ff_backups/final-compact-campaign-launch-20260515215629/apps/web/app/templates/campaign/index.html,apps/web/app/templates/campaign/index.html,tmp/campaign-product-rhythm-backups/20260507-105327/apps/web/app/static/js/ff-campaign.js,tmp/campaign-product-rhythm-backups/20260507-105327/apps/web/app/templates/campaign_premium.html,tmp/cta-hierarchy-tighten-backups/20260507-110125/apps/web/app/static/js/ff-campaign.js,tmp/cta-hierarchy-tighten-backups/20260507-110125/apps/web/app/templates/campaign_premium.html
data-ff-modal-amount	34	.ff_backups/ff-header-hero-flagship-v15-20260515213317/apps/web/app/static/js/ff-campaign.js,.ff_backups/final-compact-campaign-launch-20260515215629/apps/web/app/static/js/ff-campaign.js,tmp/campaign-product-rhythm-backups/20260507-105327/apps/web/app/static/js/ff-campaign.js,tmp/cta-hierarchy-tighten-backups/20260507-110125/apps/web/app/static/js/ff-campaign.js,tmp/ff-css-authority-final-backups/20260507-111134/apps/web/app/static/js/ff-campaign.js,tmp/final-shell-refactor-backups/20260507-100023/apps/web/app/static/js/ff-campaign.js,tmp/final-shell-refactor-backups/20260507-100023/apps/web/app/templates/campaign_premium.html,tmp/impact-team-refactor-backups/20260507-014109/apps/web/app/static/js/ff-campaign.js,tmp/impact-team-refactor-backups/20260507-014109/apps/web/app/templates/campaign_premium.html,tmp/lower-sections-density-backups/20260507-101745/apps/web/app/static/js/ff-campaign.js
data-ff-checkout-trigger	34	.ff_backups/ff-header-hero-flagship-v15-20260515213317/apps/web/app/static/js/ff-campaign.js,.ff_backups/final-compact-campaign-launch-20260515215629/apps/web/app/static/js/ff-campaign.js,apps/web/app/_quarantine/ui-core-safe-20260523021333/apps/web/app/static/js/ff-analytics.js,scripts/launch/ff_full_suite_preflight.mjs,scripts/release/verify-analytics-events.mjs,scripts/release/verify-conversion-behavior.mjs,scripts/verify-campaign-launch.mjs,scripts/verify-campaign-modals.mjs,scripts/verify-campaign-payments.mjs,tmp/campaign-product-rhythm-backups/20260507-105327/apps/web/app/static/js/ff-campaign.js
data-ff-checkout-skeleton	33	apps/web/app/_quarantine/ui-core-final-blockers-20260523024222/apps/web/app/static/css/campaign.public.css,apps/web/app/_quarantine/ui-core-safe-20260523021333/apps/web/app/static/css/campaign.bundle.css,backups/css/campaign.css.pre-campaign-clean-v5-20260522180029.css,backups/css/campaign.css.pre-campaign-closeout-v1-20260522174114.css,backups/css/campaign.css.pre-campaign-closeout-v2-20260522174349.css,backups/css/campaign.css.pre-campaign-mobile-layout-v3-20260522174548.css,backups/css/campaign.css.pre-campaign-v4-rail-dock-20260522174817.css,backups/css/campaign.css.pre-campaign-v6-20260522185507.css,backups/css/campaign.css.pre-campaign-v7-rhythm-20260522190308.css,backups/css/campaign.css.pre-campaign-v8-final-rhythm-20260522191310.css
data-ff-home-demo-cta	32	.ff_backups/brand-identity-unification-v1-20260516093640/apps/web/app/templates/platform/index.html,.ff_backups/cinematic-launch-os-20260515152029/apps/web/app/templates/platform/index.html,.ff_backups/homepage-paint-restore-v18-20260516002104/scripts/audit/ff_homepage_contract_audit.mjs,.ff_backups/homepage-remove-cinematic-reveal-v19-20260516002840/apps/web/app/templates/platform/index.html,.ff_backups/homepage-remove-cinematic-reveal-v19-20260516002840/scripts/audit/ff_homepage_contract_audit.mjs,.ff_backups/homepage-rhythm-tighten-v13-20260515234239/apps/web/app/templates/platform/index.html,.ff_backups/homepage-structural-trim-v1-20260515233556/apps/web/app/templates/platform/index.html,.ff_backups/homepage-structural-trim-v1-20260515233556/scripts/audit/ff_homepage_contract_audit.mjs,apps/web/app/_quarantine/ui-core-safe-20260523021333/apps/web/app/static/js/ff-analytics.js,scripts/audit/demo-hardening.mjs
data-ff-checkout-error	31	.ff_backups/ff-header-hero-flagship-v15-20260515213317/apps/web/app/static/js/ff-campaign.js,.ff_backups/final-compact-campaign-launch-20260515215629/apps/web/app/static/js/ff-campaign.js,apps/web/app/_quarantine/ui-core-final-blockers-20260523024222/apps/web/app/static/css/campaign.public.css,apps/web/app/_quarantine/ui-core-safe-20260523021333/apps/web/app/static/css/campaign.bundle.css,apps/web/app/_quarantine/ui-core-safe-20260523021333/apps/web/app/templates/campaign/_checkout_sheet.html,apps/web/app/static/js/ff-app.js,apps/web/app/templates/_base/campaign_base.html,backups/css/campaign.css.pre-campaign-clean-v5-20260522180029.css,backups/css/campaign.css.pre-campaign-closeout-v1-20260522174114.css,backups/css/campaign.css.pre-campaign-closeout-v2-20260522174349.css
data-ff-css-contract	29	.ff_backups/brand-identity-unification-v1-20260516093640/apps/web/app/templates/platform/index.html,.ff_backups/campaign-final-link-hygiene-20260515224003/apps/web/app/templates/campaign/index.html,.ff_backups/cinematic-launch-os-20260515152029/apps/web/app/templates/campaign/index.html,.ff_backups/cinematic-launch-os-20260515152029/apps/web/app/templates/campaign_premium.html,.ff_backups/cinematic-launch-os-20260515152029/apps/web/app/templates/platform/index.html,.ff_backups/final-compact-campaign-launch-20260515215629/apps/web/app/templates/campaign/index.html,.ff_backups/homepage-remove-cinematic-reveal-v19-20260516002840/apps/web/app/templates/platform/index.html,.ff_backups/homepage-rhythm-tighten-v13-20260515234239/apps/web/app/templates/platform/index.html,.ff_backups/homepage-structural-trim-v1-20260515233556/apps/web/app/templates/platform/index.html,apps/web/app/templates/campaign/index.html
data-ff-open-sponsor-checkout	29	.ff_backups/brand-identity-closeout-v2-20260516094420/apps/web/app/static/css/ff.css,.ff_backups/brand-identity-closeout-v3-20260516094846/apps/web/app/static/css/ff.css,.ff_backups/brand-identity-unification-v1-20260516093640/apps/web/app/static/css/ff.css,.ff_backups/brand-locked-dashboard-v4-20260516104659/apps/web/app/static/css/ff.css,.ff_backups/campaign-final-link-hygiene-20260515224003/apps/web/app/static/css/ff.css,.ff_backups/campaign-final-link-hygiene-20260515224003/apps/web/app/templates/campaign/index.html,.ff_backups/campaign-lower-funnel-finish-20260515220348/apps/web/app/static/css/ff.css,.ff_backups/campaign-paint-stability-v1-20260516004216/apps/web/app/static/css/ff.css,.ff_backups/cinematic-launch-os-20260515152029/apps/web/app/templates/campaign_premium.html,.ff_backups/dashboard-command-center-v1/apps/web/app/static/css/ff.css
data-ff-copy-target	28	.ff_backups/campaign-final-link-hygiene-20260515224003/apps/web/app/templates/campaign/index.html,.ff_backups/cinematic-launch-os-20260515152029/apps/web/app/templates/campaign/index.html,.ff_backups/cinematic-launch-os-20260515152029/apps/web/app/templates/campaign_premium.html,.ff_backups/final-compact-campaign-launch-20260515215629/apps/web/app/templates/campaign/index.html,apps/web/app/_quarantine/ui-core-safe-20260523021333/apps/web/app/static/js/ff-campaign-flagship-enhance.js,apps/web/app/static/js/_quarantine/dashboard-js-authority-20260522224957/ff-dashboard-protected-exec.js,apps/web/app/static/js/ff-operator-dashboard.js,apps/web/app/templates/campaign/index.html,scripts/verify-campaign-launch.mjs,tmp/campaign-product-rhythm-backups/20260507-105327/apps/web/app/templates/campaign_premium.html
data-ff-brand-preset	28	apps/web/app/static/css/campaign.css,apps/web/app/static/css/ff.css,apps/web/app/static/js/ff-onboarding.js,scripts/hoi/hoi_6i_brand_kit_contract_proof.mjs
data-ff-amount-input	27	.ff_backups/cinematic-launch-os-20260515152029/apps/web/app/templates/campaign/index.html,apps/web/app/_quarantine/ui-core-safe-20260523021333/apps/web/app/static/js/ff-campaign-actions-v1.js,apps/web/app/_quarantine/ui-core-safe-20260523021333/apps/web/app/static/js/ff-campaign-amount-guard.js,apps/web/app/_quarantine/ui-core-safe-20260523021333/apps/web/app/static/js/ff-campaign-flagship-enhance.js,apps/web/app/_quarantine/ui-core-safe-20260523021333/apps/web/app/static/js/ff-campaign-launch-guard-v2.js,apps/web/app/_quarantine/ui-core-safe-20260523021333/apps/web/app/static/js/ff-donation-modal-v2.js,apps/web/app/_quarantine/ui-core-safe-20260523021333/apps/web/app/templates/campaign/_checkout_sheet.html,apps/web/app/static/js/ff-app.js,apps/web/app/templates/_base/campaign_base.html,qa_campaign_playwright.mjs
data-ff-donate	27	apps/web/app/_quarantine/ui-core-safe-20260523021333/apps/web/app/static/js/ff-campaign-amount-guard.js,apps/web/app/_quarantine/ui-core-safe-20260523021333/apps/web/app/static/js/ff-campaign-launch-guard-v2.js,apps/web/app/_quarantine/ui-core-safe-20260523021333/apps/web/app/templates/campaign/_campaign_hero.html,apps/web/app/_quarantine/ui-core-safe-20260523021333/apps/web/app/templates/campaign/_campaign_story.html,apps/web/app/_quarantine/ui-core-safe-20260523021333/apps/web/app/templates/campaign/_campaign_trust_footer.html,apps/web/app/_quarantine/ui-core-safe-20260523021333/apps/web/app/templates/campaign/_hero.html,apps/web/app/_quarantine/ui-core-safe-20260523021333/apps/web/app/templates/campaign/deprecated/_chrome.html,apps/web/app/_quarantine/ui-core-safe-20260523021333/apps/web/app/templates/campaign/deprecated/_close_band.html,apps/web/app/_quarantine/ui-core-safe-20260523021333/apps/web/app/templates/campaign/deprecated/_donate_panel.html,apps/web/app/_quarantine/ui-core-safe-20260523021333/apps/web/app/templates/campaign/deprecated/_footer.html
data-ff-momentum-paused	27	.ff_backups/brand-identity-closeout-v2-20260516094420/apps/web/app/static/css/ff.css,.ff_backups/brand-identity-closeout-v3-20260516094846/apps/web/app/static/css/ff.css,.ff_backups/brand-identity-unification-v1-20260516093640/apps/web/app/static/css/ff.css,.ff_backups/brand-locked-dashboard-v4-20260516104659/apps/web/app/static/css/ff.css,.ff_backups/campaign-final-link-hygiene-20260515224003/apps/web/app/static/css/ff.css,.ff_backups/campaign-lower-funnel-finish-20260515220348/apps/web/app/static/css/ff.css,.ff_backups/campaign-paint-stability-v1-20260516004216/apps/web/app/static/css/ff.css,.ff_backups/dashboard-command-center-v1/apps/web/app/static/css/ff.css,.ff_backups/ff-campaign-section-unification-v14-20260515211837/apps/web/app/static/css/ff.css,.ff_backups/ff-css-campaign-polish-v11-20260515201234/apps/web/app/static/css/ff.css
data-ff-home-primary-cta	26	.ff_backups/brand-identity-unification-v1-20260516093640/apps/web/app/templates/platform/index.html,.ff_backups/cinematic-launch-os-20260515152029/apps/web/app/templates/platform/index.html,.ff_backups/homepage-remove-cinematic-reveal-v19-20260516002840/apps/web/app/templates/platform/index.html,.ff_backups/homepage-rhythm-tighten-v13-20260515234239/apps/web/app/templates/platform/index.html,.ff_backups/homepage-structural-trim-v1-20260515233556/apps/web/app/templates/platform/index.html,apps/web/app/_quarantine/ui-core-safe-20260523021333/apps/web/app/static/js/ff-analytics.js,scripts/audit/demo-hardening.mjs,scripts/audit/ff_premium_demo_readiness_audit.mjs,scripts/launch/ff_full_suite_preflight.mjs,scripts/release/verify-analytics-events.mjs
data-ff-donation-card	26	.ff_backups/campaign-final-link-hygiene-20260515224003/apps/web/app/templates/campaign/index.html,.ff_backups/cinematic-launch-os-20260515152029/apps/web/app/templates/campaign/index.html,.ff_backups/cinematic-launch-os-20260515152029/apps/web/app/templates/campaign_premium.html,.ff_backups/final-compact-campaign-launch-20260515215629/apps/web/app/templates/campaign/index.html,apps/web/app/templates/campaign/index.html,scripts/release/_quarantine/ff_campaign_enterprise_closeout_gate.flaky-20260528002015.mjs,scripts/verify-campaign-modals.mjs,scripts/verify-campaign-payments.mjs,tmp/campaign-product-rhythm-backups/20260507-105327/apps/web/app/templates/campaign_premium.html,tmp/cta-hierarchy-tighten-backups/20260507-110125/apps/web/app/templates/campaign_premium.html
data-ff-close-checkout	26	.ff_backups/cinematic-launch-os-20260515152029/apps/web/app/templates/campaign/index.html,apps/web/app/_quarantine/ui-core-safe-20260523021333/apps/web/app/static/js/ff-campaign-amount-guard.js,apps/web/app/_quarantine/ui-core-safe-20260523021333/apps/web/app/static/js/ff-campaign-flagship-enhance.js,apps/web/app/_quarantine/ui-core-safe-20260523021333/apps/web/app/static/js/ff-campaign-launch-guard-v2.js,apps/web/app/_quarantine/ui-core-safe-20260523021333/apps/web/app/templates/campaign/_checkout_sheet.html,apps/web/app/static/js/ff-app.js,apps/web/app/static/js/ff-campaign-enterprise-contract.js,apps/web/app/templates/_base/campaign_base.html,apps/web/app/templates/campaign/index.html,qa_campaign_playwright.mjs
data-ff-enterprise-hidden	26	apps/web/app/_quarantine/ui-core-final-blockers-20260523024222/apps/web/app/static/css/campaign.public.css,apps/web/app/_quarantine/ui-core-safe-20260523021333/apps/web/app/static/css/campaign.bundle.css,apps/web/app/_quarantine/ui-core-safe-20260523021333/apps/web/app/static/js/ff-campaign-enterprise.js,backups/css/campaign.css.pre-campaign-clean-v5-20260522180029.css,backups/css/campaign.css.pre-campaign-closeout-v1-20260522174114.css,backups/css/campaign.css.pre-campaign-closeout-v2-20260522174349.css,backups/css/campaign.css.pre-campaign-mobile-layout-v3-20260522174548.css,backups/css/campaign.css.pre-campaign-v4-rail-dock-20260522174817.css,backups/css/campaign.css.pre-campaign-v6-20260522185507.css,backups/css/campaign.css.pre-campaign-v7-rhythm-20260522190308.css
data-ff-launch-assistant	25	backups/dashboard-css/dashboard.before-clean-authority-20260522083246.css,backups/dashboard-css/dashboard.before-single-authority-20260522084642.css,scripts/audit/ff_dashboard_first_paint_trace.mjs
data-ff-onboard-progress-fill	25	.ff_backups/brand-identity-closeout-v2-20260516094420/apps/web/app/static/css/ff.css,.ff_backups/brand-identity-closeout-v3-20260516094846/apps/web/app/static/css/ff.css,.ff_backups/brand-identity-unification-v1-20260516093640/apps/web/app/static/css/ff.css,.ff_backups/brand-locked-dashboard-v4-20260516104659/apps/web/app/static/css/ff.css,.ff_backups/campaign-final-link-hygiene-20260515224003/apps/web/app/static/css/ff.css,.ff_backups/campaign-lower-funnel-finish-20260515220348/apps/web/app/static/css/ff.css,.ff_backups/campaign-paint-stability-v1-20260516004216/apps/web/app/static/css/ff.css,.ff_backups/dashboard-command-center-v1/apps/web/app/static/css/ff.css,.ff_backups/ff-campaign-section-unification-v14-20260515211837/apps/web/app/static/css/ff.css,.ff_backups/ff-css-campaign-polish-v11-20260515201234/apps/web/app/static/css/ff.css
data-ff-dashboard-progress-fill	25	.ff_backups/brand-identity-closeout-v2-20260516094420/apps/web/app/static/css/ff.css,.ff_backups/brand-identity-closeout-v3-20260516094846/apps/web/app/static/css/ff.css,.ff_backups/brand-identity-unification-v1-20260516093640/apps/web/app/static/css/ff.css,.ff_backups/brand-locked-dashboard-v4-20260516104659/apps/web/app/static/css/ff.css,.ff_backups/campaign-final-link-hygiene-20260515224003/apps/web/app/static/css/ff.css,.ff_backups/campaign-lower-funnel-finish-20260515220348/apps/web/app/static/css/ff.css,.ff_backups/campaign-paint-stability-v1-20260516004216/apps/web/app/static/css/ff.css,.ff_backups/dashboard-command-center-v1/apps/web/app/static/css/ff.css,.ff_backups/ff-campaign-section-unification-v14-20260515211837/apps/web/app/static/css/ff.css,.ff_backups/ff-css-campaign-polish-v11-20260515201234/apps/web/app/static/css/ff.css
data-ff-final-cta	25	.ff_backups/brand-identity-closeout-v2-20260516094420/apps/web/app/static/css/ff.css,.ff_backups/brand-identity-closeout-v3-20260516094846/apps/web/app/static/css/ff.css,.ff_backups/brand-identity-unification-v1-20260516093640/apps/web/app/static/css/ff.css,.ff_backups/brand-locked-dashboard-v4-20260516104659/apps/web/app/static/css/ff.css,.ff_backups/campaign-final-link-hygiene-20260515224003/apps/web/app/static/css/ff.css,.ff_backups/campaign-lower-funnel-finish-20260515220348/apps/web/app/static/css/ff.css,.ff_backups/campaign-paint-stability-v1-20260516004216/apps/web/app/static/css/ff.css,.ff_backups/dashboard-command-center-v1/apps/web/app/static/css/ff.css,.ff_backups/ff-campaign-section-unification-v14-20260515211837/apps/web/app/static/css/ff.css,.ff_backups/ff-css-campaign-polish-v11-20260515201234/apps/web/app/static/css/ff.css
data-ff-payment-panel	25	.ff_backups/brand-identity-closeout-v2-20260516094420/apps/web/app/static/css/ff.css,.ff_backups/brand-identity-closeout-v3-20260516094846/apps/web/app/static/css/ff.css,.ff_backups/brand-identity-unification-v1-20260516093640/apps/web/app/static/css/ff.css,.ff_backups/brand-locked-dashboard-v4-20260516104659/apps/web/app/static/css/ff.css,.ff_backups/campaign-final-link-hygiene-20260515224003/apps/web/app/static/css/ff.css,.ff_backups/campaign-lower-funnel-finish-20260515220348/apps/web/app/static/css/ff.css,.ff_backups/campaign-paint-stability-v1-20260516004216/apps/web/app/static/css/ff.css,.ff_backups/dashboard-command-center-v1/apps/web/app/static/css/ff.css,.ff_backups/ff-campaign-section-unification-v14-20260515211837/apps/web/app/static/css/ff.css,.ff_backups/ff-css-campaign-polish-v11-20260515201234/apps/web/app/static/css/ff.css
data-ff-dashboard-hero	25	.ff_backups/brand-identity-closeout-v2-20260516094420/apps/web/app/static/css/ff.css,.ff_backups/brand-identity-closeout-v3-20260516094846/apps/web/app/static/css/ff.css,.ff_backups/brand-identity-unification-v1-20260516093640/apps/web/app/static/css/ff.css,.ff_backups/brand-locked-dashboard-v4-20260516104659/apps/web/app/static/css/ff.css,.ff_backups/campaign-final-link-hygiene-20260515224003/apps/web/app/static/css/ff.css,.ff_backups/campaign-lower-funnel-finish-20260515220348/apps/web/app/static/css/ff.css,.ff_backups/campaign-paint-stability-v1-20260516004216/apps/web/app/static/css/ff.css,.ff_backups/dashboard-command-center-v1/apps/web/app/static/css/ff.css,.ff_backups/ff-campaign-section-unification-v14-20260515211837/apps/web/app/static/css/ff.css,.ff_backups/ff-css-campaign-polish-v11-20260515201234/apps/web/app/static/css/ff.css
data-ff-access-panel	25	.ff_backups/brand-identity-closeout-v2-20260516094420/apps/web/app/static/css/ff.css,.ff_backups/brand-identity-closeout-v3-20260516094846/apps/web/app/static/css/ff.css,.ff_backups/brand-identity-unification-v1-20260516093640/apps/web/app/static/css/ff.css,.ff_backups/brand-locked-dashboard-v4-20260516104659/apps/web/app/static/css/ff.css,.ff_backups/campaign-final-link-hygiene-20260515224003/apps/web/app/static/css/ff.css,.ff_backups/campaign-lower-funnel-finish-20260515220348/apps/web/app/static/css/ff.css,.ff_backups/campaign-paint-stability-v1-20260516004216/apps/web/app/static/css/ff.css,.ff_backups/dashboard-command-center-v1/apps/web/app/static/css/ff.css,.ff_backups/ff-campaign-section-unification-v14-20260515211837/apps/web/app/static/css/ff.css,.ff_backups/ff-css-campaign-polish-v11-20260515201234/apps/web/app/static/css/ff.css
data-ff-animate	24	.ff_backups/brand-identity-closeout-v2-20260516094420/apps/web/app/static/css/ff.css,.ff_backups/brand-identity-closeout-v3-20260516094846/apps/web/app/static/css/ff.css,.ff_backups/brand-identity-unification-v1-20260516093640/apps/web/app/static/css/ff.css,.ff_backups/brand-locked-dashboard-v4-20260516104659/apps/web/app/static/css/ff.css,.ff_backups/dashboard-command-center-v1/apps/web/app/static/css/ff.css,.ff_backups/homepage-remove-cinematic-reveal-v19-20260516002840/apps/web/app/static/css/platform-home.css,.ff_backups/login-command-access-v1-20260516111020/apps/web/app/static/css/ff.css,.ff_backups/login-command-center-v3-20260516121838/apps/web/app/static/css/ff.css,.ff_backups/login-final-lock-v2-20260516120852/apps/web/app/static/css/ff.css,.ff_backups/login-v31-visual-lock-20260516122230/apps/web/app/static/css/ff.css
data-ff-header-surface	23	.ff_backups/campaign-final-link-hygiene-20260515224003/apps/web/app/templates/campaign/index.html,.ff_backups/cinematic-launch-os-20260515152029/apps/web/app/templates/campaign_premium.html,.ff_backups/final-compact-campaign-launch-20260515215629/apps/web/app/templates/campaign/index.html,apps/web/app/_quarantine/ui-core-safe-20260523021333/apps/web/app/templates/_partials/ff_site_header.html,scripts/verify-header-convergence.mjs,tmp/campaign-product-rhythm-backups/20260507-105327/apps/web/app/templates/campaign_premium.html,tmp/cta-hierarchy-tighten-backups/20260507-110125/apps/web/app/templates/campaign_premium.html,tmp/ff-css-authority-final-backups/20260507-111134/apps/web/app/templates/campaign_premium.html,tmp/ff-css-authority-final-backups/20260507-111134/apps/web/app/templates/platform/index.html,tmp/final-shell-css-polish-backups/20260507-100959/apps/web/app/templates/campaign_premium.html
data-ff-header-variant	23	.ff_backups/campaign-final-link-hygiene-20260515224003/apps/web/app/templates/campaign/index.html,.ff_backups/cinematic-launch-os-20260515152029/apps/web/app/templates/campaign_premium.html,.ff_backups/final-compact-campaign-launch-20260515215629/apps/web/app/templates/campaign/index.html,apps/web/app/_quarantine/ui-core-safe-20260523021333/apps/web/app/templates/_partials/ff_site_header.html,scripts/verify-header-convergence.mjs,tmp/campaign-product-rhythm-backups/20260507-105327/apps/web/app/templates/campaign_premium.html,tmp/cta-hierarchy-tighten-backups/20260507-110125/apps/web/app/templates/campaign_premium.html,tmp/ff-css-authority-final-backups/20260507-111134/apps/web/app/templates/campaign_premium.html,tmp/ff-css-authority-final-backups/20260507-111134/apps/web/app/templates/platform/index.html,tmp/final-shell-css-polish-backups/20260507-100959/apps/web/app/templates/campaign_premium.html
data-ff-home-section	23	scripts/launch/ff_full_suite_preflight.mjs,scripts/verify-campaign-modals.mjs,scripts/verify-homepage-launch.mjs,scripts/verify-homepage-surface.mjs,tmp/campaign-css-emergency-rollback/ff.broken-current.20260508-000910.css,tmp/ff-css-authority-final-backups/20260507-111134/apps/web/app/templates/platform/index.html
data-ff-checkout	23	apps/web/app/_quarantine/ui-core-final-blockers-20260523024222/apps/web/app/static/css/campaign.public.css,apps/web/app/_quarantine/ui-core-safe-20260523021333/apps/web/app/static/css/campaign.bundle.css,backups/css/campaign.css.pre-campaign-clean-v5-20260522180029.css,backups/css/campaign.css.pre-campaign-closeout-v1-20260522174114.css,backups/css/campaign.css.pre-campaign-closeout-v2-20260522174349.css,backups/css/campaign.css.pre-campaign-mobile-layout-v3-20260522174548.css,backups/css/campaign.css.pre-campaign-v4-rail-dock-20260522174817.css,backups/css/campaign.css.pre-campaign-v6-20260522185507.css,backups/css/campaign.css.pre-campaign-v7-rhythm-20260522190308.css,backups/css/campaign.css.pre-campaign-v8-final-rhythm-20260522191310.css
data-ff-close-sponsor	22	.ff_backups/cinematic-launch-os-20260515152029/apps/web/app/templates/campaign/index.html,apps/web/app/_quarantine/ui-core-safe-20260523021333/apps/web/app/static/js/ff-campaign-amount-guard.js,apps/web/app/_quarantine/ui-core-safe-20260523021333/apps/web/app/static/js/ff-campaign-flagship-enhance.js,apps/web/app/_quarantine/ui-core-safe-20260523021333/apps/web/app/static/js/ff-campaign-launch-guard-v2.js,apps/web/app/static/js/ff-app.js,apps/web/app/static/js/ff-campaign-enterprise-contract.js,apps/web/app/static/js/ff-campaign.js,apps/web/app/templates/_base/campaign_base.html,apps/web/app/templates/campaign/_modals.html,apps/web/app/templates/campaign/index.html
data-ff-share-primary	21	.ff_backups/campaign-final-link-hygiene-20260515224003/apps/web/app/templates/campaign/index.html,.ff_backups/cinematic-launch-os-20260515152029/apps/web/app/templates/campaign_premium.html,.ff_backups/final-compact-campaign-launch-20260515215629/apps/web/app/templates/campaign/index.html,apps/web/app/templates/campaign/index.html,scripts/campaign-payment-smoke.mjs,tmp/campaign-product-rhythm-backups/20260507-105327/apps/web/app/templates/campaign_premium.html,tmp/cta-hierarchy-tighten-backups/20260507-110125/apps/web/app/templates/campaign_premium.html,tmp/ff-css-authority-final-backups/20260507-111134/apps/web/app/templates/campaign_premium.html,tmp/final-shell-css-polish-backups/20260507-100959/apps/web/app/templates/campaign_premium.html,tmp/final-shell-refactor-backups/20260507-100023/apps/web/app/templates/campaign_premium.html
data-ff-sponsor-contract	21	.ff_backups/campaign-final-link-hygiene-20260515224003/apps/web/app/templates/campaign/index.html,.ff_backups/cinematic-launch-os-20260515152029/apps/web/app/templates/campaign_premium.html,.ff_backups/final-compact-campaign-launch-20260515215629/apps/web/app/templates/campaign/index.html,apps/web/app/templates/campaign/index.html,scripts/audit/demo-hardening.mjs,tmp/campaign-product-rhythm-backups/20260507-105327/apps/web/app/templates/campaign_premium.html,tmp/cta-hierarchy-tighten-backups/20260507-110125/apps/web/app/templates/campaign_premium.html,tmp/ff-css-authority-final-backups/20260507-111134/apps/web/app/templates/campaign_premium.html,tmp/final-shell-css-polish-backups/20260507-100959/apps/web/app/templates/campaign_premium.html,tmp/final-shell-refactor-backups/20260507-100023/apps/web/app/templates/campaign_premium.html
data-ff-home-cta	20	.ff_backups/brand-identity-unification-v1-20260516093640/apps/web/app/static/css/platform-home.css,.ff_backups/brand-identity-unification-v1-20260516093640/apps/web/app/templates/platform/index.html,.ff_backups/cinematic-launch-os-20260515152029/apps/web/app/templates/platform/index.html,.ff_backups/homepage-compact-closeout-20260515232645/apps/web/app/static/css/platform-home.css,.ff_backups/homepage-density-v20-20260516003816/apps/web/app/static/css/platform-home.css,.ff_backups/homepage-final-rhythm-v15-20260515235638/apps/web/app/static/css/platform-home.css,.ff_backups/homepage-gap-calibration-v16-20260516000136/apps/web/app/static/css/platform-home.css,.ff_backups/homepage-header-rhythm-sync-v14-20260515235216/apps/web/app/static/css/platform-home.css,.ff_backups/homepage-paint-restore-v18-20260516002104/apps/web/app/static/css/platform-home.css,.ff_backups/homepage-paint-restore-v18-20260516002104/scripts/audit/ff_homepage_contract_audit.mjs
data-ff-cinematic-asset	20	.ff_backups/brand-identity-closeout-v2-20260516094420/apps/web/app/templates/platform/login.html,.ff_backups/brand-identity-closeout-v3-20260516094846/apps/web/app/templates/platform/login.html,.ff_backups/brand-identity-unification-v1-20260516093640/apps/web/app/templates/platform/login.html,.ff_backups/dashboard-command-center-v1/apps/web/app/templates/platform/dashboard.html,.ff_backups/homepage-remove-cinematic-reveal-v19-20260516002840/apps/web/app/templates/platform/index.html,.ff_backups/homepage-rhythm-tighten-v13-20260515234239/apps/web/app/templates/platform/index.html,.ff_backups/homepage-structural-trim-v1-20260515233556/apps/web/app/templates/platform/index.html,.ff_backups/onboarding-modern-v1-20260516080133/apps/web/app/templates/platform/onboarding.html,.ff_backups/restore-unused-site-base-cinematic-20260515152827/apps/web/app/templates/_base/site_base.html,scripts/verify/ff_cinematic_money_loop.mjs
data-ff-sponsor-contract-script	20	.ff_backups/campaign-final-link-hygiene-20260515224003/apps/web/app/templates/campaign/index.html,.ff_backups/cinematic-launch-os-20260515152029/apps/web/app/templates/campaign_premium.html,.ff_backups/final-compact-campaign-launch-20260515215629/apps/web/app/templates/campaign/index.html,apps/web/app/templates/campaign/index.html,tmp/campaign-product-rhythm-backups/20260507-105327/apps/web/app/templates/campaign_premium.html,tmp/cta-hierarchy-tighten-backups/20260507-110125/apps/web/app/templates/campaign_premium.html,tmp/ff-css-authority-final-backups/20260507-111134/apps/web/app/templates/campaign_premium.html,tmp/final-shell-css-polish-backups/20260507-100959/apps/web/app/templates/campaign_premium.html,tmp/final-shell-refactor-backups/20260507-100023/apps/web/app/templates/campaign_premium.html,tmp/impact-team-refactor-backups/20260507-014109/apps/web/app/templates/campaign_premium.html
data-ff-payment-return	20	.ff_backups/campaign-final-link-hygiene-20260515224003/apps/web/app/templates/campaign/index.html,.ff_backups/cinematic-launch-os-20260515152029/apps/web/app/templates/campaign_premium.html,.ff_backups/final-compact-campaign-launch-20260515215629/apps/web/app/templates/campaign/index.html,apps/web/app/templates/campaign/index.html,tmp/campaign-product-rhythm-backups/20260507-105327/apps/web/app/templates/campaign_premium.html,tmp/cta-hierarchy-tighten-backups/20260507-110125/apps/web/app/templates/campaign_premium.html,tmp/ff-css-authority-final-backups/20260507-111134/apps/web/app/templates/campaign_premium.html,tmp/final-shell-css-polish-backups/20260507-100959/apps/web/app/templates/campaign_premium.html,tmp/final-shell-refactor-backups/20260507-100023/apps/web/app/templates/campaign_premium.html,tmp/impact-team-refactor-backups/20260507-014109/apps/web/app/templates/campaign_premium.html
data-ff-session-id	20	.ff_backups/campaign-final-link-hygiene-20260515224003/apps/web/app/templates/campaign/index.html,.ff_backups/cinematic-launch-os-20260515152029/apps/web/app/templates/campaign_premium.html,.ff_backups/final-compact-campaign-launch-20260515215629/apps/web/app/templates/campaign/index.html,apps/web/app/templates/campaign/index.html,tmp/campaign-product-rhythm-backups/20260507-105327/apps/web/app/templates/campaign_premium.html,tmp/cta-hierarchy-tighten-backups/20260507-110125/apps/web/app/templates/campaign_premium.html,tmp/ff-css-authority-final-backups/20260507-111134/apps/web/app/templates/campaign_premium.html,tmp/final-shell-css-polish-backups/20260507-100959/apps/web/app/templates/campaign_premium.html,tmp/final-shell-refactor-backups/20260507-100023/apps/web/app/templates/campaign_premium.html,tmp/impact-team-refactor-backups/20260507-014109/apps/web/app/templates/campaign_premium.html
data-ff-campaign-nav	20	.ff_backups/campaign-final-link-hygiene-20260515224003/apps/web/app/templates/campaign/index.html,.ff_backups/cinematic-launch-os-20260515152029/apps/web/app/templates/campaign_premium.html,.ff_backups/final-compact-campaign-launch-20260515215629/apps/web/app/static/js/ff-campaign.js,.ff_backups/final-compact-campaign-launch-20260515215629/apps/web/app/templates/campaign/index.html,tmp/campaign-product-rhythm-backups/20260507-105327/apps/web/app/templates/campaign_premium.html,tmp/cta-hierarchy-tighten-backups/20260507-110125/apps/web/app/templates/campaign_premium.html,tmp/ff-css-authority-final-backups/20260507-111134/apps/web/app/templates/campaign_premium.html,tmp/final-shell-css-polish-backups/20260507-100959/apps/web/app/templates/campaign_premium.html,tmp/final-shell-refactor-backups/20260507-100023/apps/web/app/templates/campaign_premium.html,tmp/impact-team-refactor-backups/20260507-014109/apps/web/app/templates/campaign_premium.html
data-ff-legacy-story-anchor	20	.ff_backups/campaign-final-link-hygiene-20260515224003/apps/web/app/templates/campaign/index.html,.ff_backups/cinematic-launch-os-20260515152029/apps/web/app/templates/campaign_premium.html,.ff_backups/final-compact-campaign-launch-20260515215629/apps/web/app/templates/campaign/index.html,apps/web/app/templates/campaign/index.html,tmp/campaign-product-rhythm-backups/20260507-105327/apps/web/app/templates/campaign_premium.html,tmp/cta-hierarchy-tighten-backups/20260507-110125/apps/web/app/templates/campaign_premium.html,tmp/ff-css-authority-final-backups/20260507-111134/apps/web/app/templates/campaign_premium.html,tmp/final-shell-css-polish-backups/20260507-100959/apps/web/app/templates/campaign_premium.html,tmp/final-shell-refactor-backups/20260507-100023/apps/web/app/templates/campaign_premium.html,tmp/impact-team-refactor-backups/20260507-014109/apps/web/app/templates/campaign_premium.html
data-ff-campaign-footer	20	.ff_backups/campaign-final-link-hygiene-20260515224003/apps/web/app/templates/campaign/index.html,.ff_backups/cinematic-launch-os-20260515152029/apps/web/app/templates/campaign_premium.html,.ff_backups/final-compact-campaign-launch-20260515215629/apps/web/app/templates/campaign/index.html,apps/web/app/templates/campaign/index.html,tmp/campaign-product-rhythm-backups/20260507-105327/apps/web/app/templates/campaign_premium.html,tmp/cta-hierarchy-tighten-backups/20260507-110125/apps/web/app/templates/campaign_premium.html,tmp/ff-css-authority-final-backups/20260507-111134/apps/web/app/templates/campaign_premium.html,tmp/final-shell-css-polish-backups/20260507-100959/apps/web/app/templates/campaign_premium.html,tmp/final-shell-refactor-backups/20260507-100023/apps/web/app/templates/campaign_premium.html,tmp/impact-team-refactor-backups/20260507-014109/apps/web/app/templates/campaign_premium.html
data-ff-checkout-enterprise	20	.ff_backups/campaign-final-link-hygiene-20260515224003/apps/web/app/templates/campaign/index.html,.ff_backups/cinematic-launch-os-20260515152029/apps/web/app/templates/campaign_premium.html,.ff_backups/final-compact-campaign-launch-20260515215629/apps/web/app/templates/campaign/index.html,apps/web/app/templates/campaign/index.html,tmp/campaign-product-rhythm-backups/20260507-105327/apps/web/app/templates/campaign_premium.html,tmp/cta-hierarchy-tighten-backups/20260507-110125/apps/web/app/templates/campaign_premium.html,tmp/ff-css-authority-final-backups/20260507-111134/apps/web/app/templates/campaign_premium.html,tmp/final-shell-css-polish-backups/20260507-100959/apps/web/app/templates/campaign_premium.html,tmp/final-shell-refactor-backups/20260507-100023/apps/web/app/templates/campaign_premium.html,tmp/impact-team-refactor-backups/20260507-014109/apps/web/app/templates/campaign_premium.html
data-ff-checkout-prep	20	.ff_backups/campaign-final-link-hygiene-20260515224003/apps/web/app/templates/campaign/index.html,.ff_backups/cinematic-launch-os-20260515152029/apps/web/app/templates/campaign_premium.html,.ff_backups/final-compact-campaign-launch-20260515215629/apps/web/app/templates/campaign/index.html,apps/web/app/templates/campaign/index.html,tmp/campaign-product-rhythm-backups/20260507-105327/apps/web/app/templates/campaign_premium.html,tmp/cta-hierarchy-tighten-backups/20260507-110125/apps/web/app/templates/campaign_premium.html,tmp/ff-css-authority-final-backups/20260507-111134/apps/web/app/templates/campaign_premium.html,tmp/final-shell-css-polish-backups/20260507-100959/apps/web/app/templates/campaign_premium.html,tmp/final-shell-refactor-backups/20260507-100023/apps/web/app/templates/campaign_premium.html,tmp/impact-team-refactor-backups/20260507-014109/apps/web/app/templates/campaign_premium.html
data-ff-checkout-impact	20	.ff_backups/campaign-final-link-hygiene-20260515224003/apps/web/app/templates/campaign/index.html,.ff_backups/cinematic-launch-os-20260515152029/apps/web/app/templates/campaign_premium.html,.ff_backups/final-compact-campaign-launch-20260515215629/apps/web/app/templates/campaign/index.html,apps/web/app/templates/campaign/index.html,tmp/campaign-product-rhythm-backups/20260507-105327/apps/web/app/templates/campaign_premium.html,tmp/cta-hierarchy-tighten-backups/20260507-110125/apps/web/app/templates/campaign_premium.html,tmp/ff-css-authority-final-backups/20260507-111134/apps/web/app/templates/campaign_premium.html,tmp/final-shell-css-polish-backups/20260507-100959/apps/web/app/templates/campaign_premium.html,tmp/final-shell-refactor-backups/20260507-100023/apps/web/app/templates/campaign_premium.html,tmp/impact-team-refactor-backups/20260507-014109/apps/web/app/templates/campaign_premium.html
data-ff-checkout-stage	20	.ff_backups/campaign-final-link-hygiene-20260515224003/apps/web/app/templates/campaign/index.html,.ff_backups/cinematic-launch-os-20260515152029/apps/web/app/templates/campaign_premium.html,.ff_backups/final-compact-campaign-launch-20260515215629/apps/web/app/templates/campaign/index.html,apps/web/app/templates/campaign/index.html,tmp/campaign-product-rhythm-backups/20260507-105327/apps/web/app/templates/campaign_premium.html,tmp/cta-hierarchy-tighten-backups/20260507-110125/apps/web/app/templates/campaign_premium.html,tmp/ff-css-authority-final-backups/20260507-111134/apps/web/app/templates/campaign_premium.html,tmp/final-shell-css-polish-backups/20260507-100959/apps/web/app/templates/campaign_premium.html,tmp/final-shell-refactor-backups/20260507-100023/apps/web/app/templates/campaign_premium.html,tmp/impact-team-refactor-backups/20260507-014109/apps/web/app/templates/campaign_premium.html
data-ff-checkout-payment-summary	20	.ff_backups/campaign-final-link-hygiene-20260515224003/apps/web/app/templates/campaign/index.html,.ff_backups/cinematic-launch-os-20260515152029/apps/web/app/templates/campaign_premium.html,.ff_backups/final-compact-campaign-launch-20260515215629/apps/web/app/templates/campaign/index.html,apps/web/app/templates/campaign/index.html,tmp/campaign-product-rhythm-backups/20260507-105327/apps/web/app/templates/campaign_premium.html,tmp/cta-hierarchy-tighten-backups/20260507-110125/apps/web/app/templates/campaign_premium.html,tmp/ff-css-authority-final-backups/20260507-111134/apps/web/app/templates/campaign_premium.html,tmp/final-shell-css-polish-backups/20260507-100959/apps/web/app/templates/campaign_premium.html,tmp/final-shell-refactor-backups/20260507-100023/apps/web/app/templates/campaign_premium.html,tmp/impact-team-refactor-backups/20260507-014109/apps/web/app/templates/campaign_premium.html
data-ff-checkout-empty-state	20	.ff_backups/campaign-final-link-hygiene-20260515224003/apps/web/app/templates/campaign/index.html,.ff_backups/cinematic-launch-os-20260515152029/apps/web/app/templates/campaign_premium.html,.ff_backups/final-compact-campaign-launch-20260515215629/apps/web/app/templates/campaign/index.html,apps/web/app/templates/campaign/index.html,tmp/campaign-product-rhythm-backups/20260507-105327/apps/web/app/templates/campaign_premium.html,tmp/cta-hierarchy-tighten-backups/20260507-110125/apps/web/app/templates/campaign_premium.html,tmp/ff-css-authority-final-backups/20260507-111134/apps/web/app/templates/campaign_premium.html,tmp/final-shell-css-polish-backups/20260507-100959/apps/web/app/templates/campaign_premium.html,tmp/final-shell-refactor-backups/20260507-100023/apps/web/app/templates/campaign_premium.html,tmp/impact-team-refactor-backups/20260507-014109/apps/web/app/templates/campaign_premium.html
data-ff-donation-modal	20	apps/web/app/_quarantine/ui-core-safe-20260523021333/apps/web/app/static/js/ff-campaign-amount-guard.js,apps/web/app/static/css/campaign.css,apps/web/app/static/js/ff-campaign-enterprise-contract.js,apps/web/app/templates/campaign/index.html,scripts/audit/ff_campaign_conversion_contract_audit.mjs,scripts/campaign-payment-smoke.mjs,scripts/capture-campaign-modals.mjs,scripts/verify-campaign-modals.mjs,scripts/verify-campaign-payments.mjs
data-ff-brand-logo	19	.ff_backups/campaign-final-link-hygiene-20260515224003/apps/web/app/templates/campaign/index.html,.ff_backups/cinematic-launch-os-20260515152029/apps/web/app/templates/campaign_premium.html,.ff_backups/final-compact-campaign-launch-20260515215629/apps/web/app/templates/campaign/index.html,tmp/campaign-product-rhythm-backups/20260507-105327/apps/web/app/templates/campaign_premium.html,tmp/cta-hierarchy-tighten-backups/20260507-110125/apps/web/app/templates/campaign_premium.html,tmp/ff-css-authority-final-backups/20260507-111134/apps/web/app/templates/campaign_premium.html,tmp/final-shell-css-polish-backups/20260507-100959/apps/web/app/templates/campaign_premium.html,tmp/final-shell-refactor-backups/20260507-100023/apps/web/app/templates/campaign_premium.html,tmp/impact-team-refactor-backups/20260507-014109/apps/web/app/templates/campaign_premium.html,tmp/lower-sections-density-backups/20260507-101745/apps/web/app/templates/campaign_premium.html
data-ff-ui-version	18	.ff_backups/brand-identity-closeout-v2-20260516094420/apps/web/app/templates/platform/dashboard.html,.ff_backups/brand-identity-closeout-v2-20260516094420/apps/web/app/templates/platform/login.html,.ff_backups/brand-identity-closeout-v3-20260516094846/apps/web/app/templates/platform/dashboard.html,.ff_backups/brand-identity-closeout-v3-20260516094846/apps/web/app/templates/platform/login.html,.ff_backups/brand-identity-unification-v1-20260516093640/apps/web/app/templates/platform/dashboard.html,.ff_backups/brand-identity-unification-v1-20260516093640/apps/web/app/templates/platform/login.html,.ff_backups/brand-locked-dashboard-v4-20260516104659/apps/web/app/templates/platform/dashboard.html,.ff_backups/brand-locked-dashboard-v5-20260516105909/apps/web/app/templates/platform/dashboard.html,.ff_backups/cinematic-launch-os-20260515152029/apps/web/app/templates/platform/dashboard.html,.ff_backups/cinematic-launch-os-20260515152029/apps/web/app/templates/platform/login.html
data-ff-login-submit	18	.ff_backups/brand-identity-closeout-v2-20260516094420/apps/web/app/templates/platform/login.html,.ff_backups/brand-identity-closeout-v3-20260516094846/apps/web/app/templates/platform/login.html,.ff_backups/brand-identity-unification-v1-20260516093640/apps/web/app/templates/platform/login.html,.ff_backups/cinematic-launch-os-20260515152029/apps/web/app/templates/platform/login.html,.ff_backups/login-command-access-v1-20260516111020/apps/web/app/templates/platform/login.html,.ff_backups/login-command-center-v3-20260516121838/apps/web/app/templates/platform/login.html,.ff_backups/login-final-lock-v2-20260516120852/apps/web/app/templates/platform/login.html,.ff_backups/login-v4-brand-audit-lock-20260516123303/apps/web/app/templates/platform/login.html,.ff_backups/login-v4-isolated-20260516122902/apps/web/app/templates/platform/login.html,apps/web/app/static/js/ff-login.js
data-ff-team-card	18	.ff_backups/campaign-final-link-hygiene-20260515224003/apps/web/app/templates/campaign/index.html,.ff_backups/cinematic-launch-os-20260515152029/apps/web/app/templates/campaign_premium.html,.ff_backups/final-compact-campaign-launch-20260515215629/apps/web/app/templates/campaign/index.html,apps/web/app/templates/campaign/index.html,tmp/campaign-product-rhythm-backups/20260507-105327/apps/web/app/templates/campaign_premium.html,tmp/cta-hierarchy-tighten-backups/20260507-110125/apps/web/app/templates/campaign_premium.html,tmp/ff-css-authority-final-backups/20260507-111134/apps/web/app/templates/campaign_premium.html,tmp/final-shell-css-polish-backups/20260507-100959/apps/web/app/templates/campaign_premium.html,tmp/final-shell-refactor-backups/20260507-100023/apps/web/app/templates/campaign_premium.html,tmp/impact-team-refactor-backups/20260507-014109/apps/web/app/templates/campaign_premium.html
data-ff-team-support	18	.ff_backups/campaign-final-link-hygiene-20260515224003/apps/web/app/templates/campaign/index.html,.ff_backups/cinematic-launch-os-20260515152029/apps/web/app/templates/campaign_premium.html,.ff_backups/final-compact-campaign-launch-20260515215629/apps/web/app/templates/campaign/index.html,apps/web/app/templates/campaign/index.html,tmp/campaign-product-rhythm-backups/20260507-105327/apps/web/app/templates/campaign_premium.html,tmp/cta-hierarchy-tighten-backups/20260507-110125/apps/web/app/templates/campaign_premium.html,tmp/ff-css-authority-final-backups/20260507-111134/apps/web/app/templates/campaign_premium.html,tmp/final-shell-css-polish-backups/20260507-100959/apps/web/app/templates/campaign_premium.html,tmp/final-shell-refactor-backups/20260507-100023/apps/web/app/templates/campaign_premium.html,tmp/impact-team-refactor-backups/20260507-014109/apps/web/app/templates/campaign_premium.html
data-ff-sponsor-close	18	apps/web/app/_quarantine/ui-core-safe-20260523021333/apps/web/app/static/js/ff-campaign-flagship-enhance.js,apps/web/app/static/css/ff.css,apps/web/app/static/js/ff-campaign-enterprise-contract.js,apps/web/app/templates/_base/campaign_base.html,apps/web/app/templates/campaign/index.html,scripts/campaign-payment-smoke.mjs
data-ff-operator-locked	18	apps/web/app/static/css/ff.css
data-ff-protected-root	18	apps/web/app/static/css/ff.css
data-ff-login-password	17	.ff_backups/brand-identity-closeout-v2-20260516094420/apps/web/app/templates/platform/login.html,.ff_backups/brand-identity-closeout-v3-20260516094846/apps/web/app/templates/platform/login.html,.ff_backups/brand-identity-unification-v1-20260516093640/apps/web/app/templates/platform/login.html,.ff_backups/cinematic-launch-os-20260515152029/apps/web/app/templates/platform/login.html,.ff_backups/login-command-access-v1-20260516111020/apps/web/app/templates/platform/login.html,.ff_backups/login-command-center-v3-20260516121838/apps/web/app/templates/platform/login.html,.ff_backups/login-final-lock-v2-20260516120852/apps/web/app/templates/platform/login.html,.ff_backups/login-v4-brand-audit-lock-20260516123303/apps/web/app/templates/platform/login.html,.ff_backups/login-v4-isolated-20260516122902/apps/web/app/templates/platform/login.html,apps/web/app/static/js/ff-login.js
data-ff-sponsor-email	17	.ff_backups/cinematic-launch-os-20260515152029/apps/web/app/templates/campaign/index.html,tmp/campaign-product-rhythm-backups/20260507-105327/apps/web/app/templates/campaign_premium.html,tmp/cta-hierarchy-tighten-backups/20260507-110125/apps/web/app/templates/campaign_premium.html,tmp/ff-css-authority-final-backups/20260507-111134/apps/web/app/templates/campaign/index.html,tmp/ff-css-authority-final-backups/20260507-111134/apps/web/app/templates/campaign_premium.html,tmp/final-shell-css-polish-backups/20260507-100959/apps/web/app/templates/campaign_premium.html,tmp/final-shell-refactor-backups/20260507-100023/apps/web/app/templates/campaign_premium.html,tmp/impact-team-refactor-backups/20260507-014109/apps/web/app/templates/campaign_premium.html,tmp/lower-sections-density-backups/20260507-101745/apps/web/app/templates/campaign_premium.html,tmp/progress-final-combine-backups/20260507-103438/apps/web/app/templates/campaign_premium.html
data-ff-scroll-reveal	17	.ff_backups/brand-identity-closeout-v2-20260516094420/apps/web/app/static/css/ff.css,.ff_backups/brand-identity-closeout-v3-20260516094846/apps/web/app/static/css/ff.css,.ff_backups/brand-identity-unification-v1-20260516093640/apps/web/app/static/css/ff.css,.ff_backups/brand-locked-dashboard-v4-20260516104659/apps/web/app/static/css/ff.css,.ff_backups/dashboard-command-center-v1/apps/web/app/static/css/ff.css,.ff_backups/homepage-remove-cinematic-reveal-v19-20260516002840/apps/web/app/static/css/platform-home.css,.ff_backups/login-command-access-v1-20260516111020/apps/web/app/static/css/ff.css,.ff_backups/login-command-center-v3-20260516121838/apps/web/app/static/css/ff.css,.ff_backups/login-final-lock-v2-20260516120852/apps/web/app/static/css/ff.css,.ff_backups/login-v31-visual-lock-20260516122230/apps/web/app/static/css/ff.css
data-ff-login-email	16	.ff_backups/brand-identity-closeout-v2-20260516094420/apps/web/app/templates/platform/login.html,.ff_backups/brand-identity-closeout-v3-20260516094846/apps/web/app/templates/platform/login.html,.ff_backups/brand-identity-unification-v1-20260516093640/apps/web/app/templates/platform/login.html,.ff_backups/cinematic-launch-os-20260515152029/apps/web/app/templates/platform/login.html,.ff_backups/login-command-access-v1-20260516111020/apps/web/app/templates/platform/login.html,.ff_backups/login-command-center-v3-20260516121838/apps/web/app/templates/platform/login.html,.ff_backups/login-final-lock-v2-20260516120852/apps/web/app/templates/platform/login.html,.ff_backups/login-v4-brand-audit-lock-20260516123303/apps/web/app/templates/platform/login.html,.ff_backups/login-v4-isolated-20260516122902/apps/web/app/templates/platform/login.html,apps/web/app/static/js/ff-login.js
data-ff-modal-open	16	apps/web/app/_quarantine/ui-core-safe-20260523021333/apps/web/app/static/js/ff-qr-modal.js,apps/web/app/static/js/ff-campaign-enterprise-contract.js,apps/web/app/templates/_base/campaign_base.html,apps/web/app/templates/campaign/index.html,scripts/tmp/ff_sponsor_runtime_probe.mjs
data-ff-paypal-mount	16	apps/web/app/_quarantine/ui-core-final-blockers-20260523024222/apps/web/app/static/css/campaign.public.css,apps/web/app/_quarantine/ui-core-safe-20260523021333/apps/web/app/static/css/campaign.bundle.css,apps/web/app/_quarantine/ui-core-safe-20260523021333/apps/web/app/static/js/ff-campaign-flagship-enhance.js,apps/web/app/_quarantine/ui-core-safe-20260523021333/apps/web/app/templates/campaign/_checkout_sheet.html,apps/web/app/static/js/ff-app.js,apps/web/app/templates/_base/campaign_base.html,backups/css/campaign.css.pre-campaign-clean-v5-20260522180029.css,backups/css/campaign.css.pre-campaign-closeout-v1-20260522174114.css,backups/css/campaign.css.pre-campaign-closeout-v2-20260522174349.css,backups/css/campaign.css.pre-campaign-mobile-layout-v3-20260522174548.css
data-ff-header-brand	16	apps/web/app/_quarantine/ui-core-safe-20260523021333/apps/web/app/templates/_partials/ff_site_header.html,apps/web/app/static/css/ff.css,apps/web/app/templates/_partials/ff_shell_header.html
data-ff-dashboard-launch-assistant	16	apps/web/app/static/css/ff.css,apps/web/app/static/js/_quarantine/dashboard-js-authority-20260522224957/ff-dashboard-protected-exec.js,apps/web/app/static/js/ff-launch-completion.js,apps/web/app/static/js/ff-operator-dashboard.js,apps/web/app/templates/_partials/ff_dashboard_launch_assistant.html,backups/css/dashboard.css.pre-command-authority-v2-20260522210944.css,backups/css/dashboard.css.pre-locked-dashboard-repair-v3-20260522211531.css,backups/dashboard-css/dashboard.before-clean-authority-20260522083246.css,backups/dashboard-css/dashboard.before-single-authority-20260522084642.css,scripts/audit/ff_dashboard_first_paint_trace.mjs
data-ff-tab	16	apps/web/app/_quarantine/ui-core-safe-20260523021333/apps/web/app/static/js/islands/faq.js,apps/web/app/static/js/ff-app.js
data-ff-login-form	15	.ff_backups/brand-identity-closeout-v2-20260516094420/apps/web/app/templates/platform/login.html,.ff_backups/brand-identity-closeout-v3-20260516094846/apps/web/app/templates/platform/login.html,.ff_backups/brand-identity-unification-v1-20260516093640/apps/web/app/templates/platform/login.html,.ff_backups/cinematic-launch-os-20260515152029/apps/web/app/templates/platform/login.html,.ff_backups/login-command-access-v1-20260516111020/apps/web/app/templates/platform/login.html,.ff_backups/login-command-center-v3-20260516121838/apps/web/app/templates/platform/login.html,.ff_backups/login-final-lock-v2-20260516120852/apps/web/app/templates/platform/login.html,.ff_backups/login-v4-brand-audit-lock-20260516123303/apps/web/app/templates/platform/login.html,.ff_backups/login-v4-isolated-20260516122902/apps/web/app/templates/platform/login.html,apps/web/app/static/js/ff-login.js
data-ff-sponsor-sales-flow	15	.ff_backups/campaign-final-link-hygiene-20260515224003/apps/web/app/templates/campaign/index.html,.ff_backups/cinematic-launch-os-20260515152029/apps/web/app/templates/campaign/index.html,.ff_backups/cinematic-launch-os-20260515152029/apps/web/app/templates/campaign_premium.html,.ff_backups/ff-header-hero-flagship-v15-20260515213317/apps/web/app/static/js/ff-campaign.js,.ff_backups/final-compact-campaign-launch-20260515215629/apps/web/app/static/js/ff-campaign.js,.ff_backups/final-compact-campaign-launch-20260515215629/apps/web/app/templates/campaign/index.html,scripts/audit/ff_wave10a_sponsor_sales_scout.mjs
data-ff-cta	15	.ff_backups/brand-identity-unification-v1-20260516093640/apps/web/app/templates/platform/onboarding.html,.ff_backups/cinematic-launch-os-20260515152029/apps/web/app/templates/campaign/index.html,.ff_backups/cinematic-launch-os-20260515152029/apps/web/app/templates/platform/onboarding.html,.ff_backups/onboarding-modern-v1-20260516080133/apps/web/app/templates/platform/onboarding.html,tmp/ff-css-authority-final-backups/20260507-111134/apps/web/app/templates/campaign/index.html
data-ff-modal-close	15	apps/web/app/static/js/ff-campaign.js,apps/web/app/templates/campaign/index.html,scripts/campaign-payment-smoke.mjs,tmp/final-shell-refactor-backups/20260507-100023/apps/web/app/templates/campaign_premium.html,tmp/impact-team-refactor-backups/20260507-014109/apps/web/app/static/js/ff-campaign.js,tmp/impact-team-refactor-backups/20260507-014109/apps/web/app/templates/campaign_premium.html,tmp/premium-checkout-skin-backups/20260507-010606/apps/web/app/static/js/ff-campaign.js,tmp/premium-checkout-skin-backups/20260507-010606/apps/web/app/templates/campaign_premium.html,tmp/progress-sponsor-refactor-backups/20260507-023424/apps/web/app/static/js/ff-campaign.js,tmp/progress-sponsor-refactor-backups/20260507-023424/apps/web/app/templates/campaign_premium.html
data-ff-brand-contract	14	.ff_backups/brand-identity-closeout-v2-20260516094420/apps/web/app/templates/platform/dashboard.html,.ff_backups/brand-identity-closeout-v2-20260516094420/apps/web/app/templates/platform/login.html,.ff_backups/brand-identity-closeout-v3-20260516094846/apps/web/app/templates/platform/dashboard.html,.ff_backups/brand-identity-closeout-v3-20260516094846/apps/web/app/templates/platform/login.html,.ff_backups/brand-locked-dashboard-v4-20260516104659/apps/web/app/templates/platform/dashboard.html,.ff_backups/brand-locked-dashboard-v5-20260516105909/apps/web/app/templates/platform/dashboard.html,.ff_backups/locked-dashboard-brand-source-v6-20260516110456/apps/web/app/templates/platform/dashboard.html,.ff_backups/login-command-access-v1-20260516111020/apps/web/app/templates/platform/login.html,.ff_backups/login-command-center-v3-20260516121838/apps/web/app/templates/platform/login.html,.ff_backups/login-final-lock-v2-20260516120852/apps/web/app/templates/platform/login.html
data-ff-summary-amount	14	.ff_backups/cinematic-launch-os-20260515152029/apps/web/app/templates/campaign/index.html,apps/web/app/_quarantine/ui-core-safe-20260523021333/apps/web/app/static/js/ff-campaign-amount-guard.js,apps/web/app/_quarantine/ui-core-safe-20260523021333/apps/web/app/static/js/ff-campaign-flagship-enhance.js,apps/web/app/_quarantine/ui-core-safe-20260523021333/apps/web/app/static/js/ff-campaign-launch-guard-v2.js,apps/web/app/_quarantine/ui-core-safe-20260523021333/apps/web/app/static/js/ff-donation-modal-v2.js,apps/web/app/_quarantine/ui-core-safe-20260523021333/apps/web/app/templates/campaign/_checkout_sheet.html,apps/web/app/_quarantine/ui-core-safe-20260523021333/apps/web/app/templates/campaign/_hero.html,apps/web/app/_quarantine/ui-core-safe-20260523021333/apps/web/app/templates/campaign/deprecated/_hero.html,apps/web/app/static/js/ff-app.js,apps/web/app/templates/_base/campaign_base.html
data-ff-checkout-success	14	apps/web/app/_quarantine/ui-core-final-blockers-20260523024222/apps/web/app/static/css/campaign.public.css,apps/web/app/_quarantine/ui-core-safe-20260523021333/apps/web/app/static/css/campaign.bundle.css,apps/web/app/_quarantine/ui-core-safe-20260523021333/apps/web/app/templates/campaign/_checkout_sheet.html,apps/web/app/static/js/ff-app.js,apps/web/app/templates/_base/campaign_base.html,backups/css/campaign.css.pre-campaign-clean-v5-20260522180029.css,backups/css/campaign.css.pre-campaign-closeout-v1-20260522174114.css,backups/css/campaign.css.pre-campaign-closeout-v2-20260522174349.css,backups/css/campaign.css.pre-campaign-mobile-layout-v3-20260522174548.css,backups/css/campaign.css.pre-campaign-v4-rail-dock-20260522174817.css
data-ff-stripe-mount	14	apps/web/app/_quarantine/ui-core-final-blockers-20260523024222/apps/web/app/static/css/campaign.public.css,apps/web/app/_quarantine/ui-core-safe-20260523021333/apps/web/app/static/css/campaign.bundle.css,apps/web/app/_quarantine/ui-core-safe-20260523021333/apps/web/app/templates/campaign/_checkout_sheet.html,apps/web/app/static/js/ff-app.js,apps/web/app/templates/_base/campaign_base.html,backups/css/campaign.css.pre-campaign-clean-v5-20260522180029.css,backups/css/campaign.css.pre-campaign-closeout-v1-20260522174114.css,backups/css/campaign.css.pre-campaign-closeout-v2-20260522174349.css,backups/css/campaign.css.pre-campaign-mobile-layout-v3-20260522174548.css,backups/css/campaign.css.pre-campaign-v4-rail-dock-20260522174817.css
data-ff-home-campaign-preview-cta	14	apps/web/app/_quarantine/ui-core-safe-20260523021333/apps/web/app/static/js/ff-analytics.js,scripts/release/verify-analytics-events.mjs,scripts/release/verify-conversion-behavior.mjs,scripts/verify-homepage-launch.mjs,tmp/ff-css-authority-final-backups/20260507-111134/apps/web/app/templates/platform/index.html,tmp/impact-team-refactor-backups/20260507-014109/apps/web/app/static/js/ff-campaign.js,tmp/premium-checkout-skin-backups/20260507-010606/apps/web/app/static/js/ff-campaign.js,tmp/progress-sponsor-refactor-backups/20260507-023424/apps/web/app/static/js/ff-campaign.js
data-ff-home-live-campaign-cta	14	backups/css/platform-home.css.pre-command-dots-correct-20260522171217.css,backups/css/platform-home.css.pre-fundraising-os-badges-20260522164408.css,backups/css/platform-home.css.pre-header-hero-flagship-20260522135646.css,backups/css/platform-home.css.pre-hero-final-balanced-20260522141925.css,backups/css/platform-home.css.pre-hero-pinned-top-20260522141647.css,backups/css/platform-home.css.pre-hero-reset-compact-20260522141134.css,backups/css/platform-home.css.pre-hero-top-align-20260522140755.css,backups/css/platform-home.css.pre-hero-true-top-third-20260522141424.css,backups/css/platform-home.css.pre-launch-confidence-v2-20260522111905.css,backups/css/platform-home.css.pre-launch-flow-closeout-20260522095241.css
data-ff-copied	14	apps/web/app/_quarantine/ui-core-final-blockers-20260523024222/apps/web/app/static/css/campaign.public.css,apps/web/app/_quarantine/ui-core-safe-20260523021333/apps/web/app/static/css/campaign.bundle.css,apps/web/app/_quarantine/ui-core-safe-20260523021333/apps/web/app/static/css/onboarding.bundle.css,backups/css/campaign.css.pre-campaign-clean-v5-20260522180029.css,backups/css/campaign.css.pre-campaign-closeout-v1-20260522174114.css,backups/css/campaign.css.pre-campaign-closeout-v2-20260522174349.css,backups/css/campaign.css.pre-campaign-mobile-layout-v3-20260522174548.css,backups/css/campaign.css.pre-campaign-v4-rail-dock-20260522174817.css,backups/css/campaign.css.pre-campaign-v6-20260522185507.css,backups/css/campaign.css.pre-campaign-v7-rhythm-20260522190308.css
data-ff-campaign-root	14	apps/web/app/_quarantine/ui-core-final-blockers-20260523024222/apps/web/app/static/css/campaign.public.css,apps/web/app/_quarantine/ui-core-safe-20260523021333/apps/web/app/static/css/campaign.bundle.css,apps/web/app/_quarantine/ui-core-safe-20260523021333/apps/web/app/static/js/ff-campaign-enterprise.js,apps/web/app/_quarantine/ui-core-safe-20260523021333/apps/web/app/static/js/ff-campaign-final-compression.js,apps/web/app/_quarantine/ui-core-safe-20260523021333/apps/web/app/static/js/ff-campaign-flagship-enhance.js,backups/css/campaign.css.pre-campaign-clean-v5-20260522180029.css,backups/css/campaign.css.pre-campaign-closeout-v1-20260522174114.css,backups/css/campaign.css.pre-campaign-closeout-v2-20260522174349.css,backups/css/campaign.css.pre-campaign-mobile-layout-v3-20260522174548.css,backups/css/campaign.css.pre-campaign-v4-rail-dock-20260522174817.css
data-ff-post-action-kind	14	apps/web/app/_quarantine/ui-core-final-blockers-20260523024222/apps/web/app/static/css/ff-checkout-csp.css,backups/css/campaign.css.pre-campaign-clean-v5-20260522180029.css,backups/css/campaign.css.pre-campaign-closeout-v1-20260522174114.css,backups/css/campaign.css.pre-campaign-closeout-v2-20260522174349.css,backups/css/campaign.css.pre-campaign-mobile-layout-v3-20260522174548.css,backups/css/campaign.css.pre-campaign-v4-rail-dock-20260522174817.css,backups/css/campaign.css.pre-campaign-v6-20260522185507.css,backups/css/campaign.css.pre-campaign-v7-rhythm-20260522190308.css,backups/css/campaign.css.pre-campaign-v8-final-rhythm-20260522191310.css,backups/css/campaign.css.pre-momentum-v9-fix-20260522205102.css
data-ff-offline-donation-form	14	apps/web/app/static/css/ff.css,apps/web/app/static/js/ff-operator-dashboard.js,scripts/audit/platform-ops-hardening.mjs,scripts/qa_operator_dashboard_smoke.mjs,scripts/test_product_functionality.mjs,scripts/tmp/ff_dashboard_runtime_inspect.mjs,scripts/tmp/ff_dashboard_unlocked_inspect.mjs
data-ff-sponsor-review-queue	13	.ff_backups/brand-identity-closeout-v2-20260516094420/apps/web/app/templates/platform/dashboard.html,.ff_backups/brand-identity-closeout-v3-20260516094846/apps/web/app/templates/platform/dashboard.html,.ff_backups/brand-identity-unification-v1-20260516093640/apps/web/app/templates/platform/dashboard.html,.ff_backups/brand-locked-dashboard-v4-20260516104659/apps/web/app/templates/platform/dashboard.html,.ff_backups/brand-locked-dashboard-v5-20260516105909/apps/web/app/templates/platform/dashboard.html,.ff_backups/cinematic-launch-os-20260515152029/apps/web/app/templates/platform/dashboard.html,.ff_backups/dashboard-command-center-v1/apps/web/app/templates/platform/dashboard.html,.ff_backups/locked-dashboard-brand-source-v6-20260516110456/apps/web/app/templates/platform/dashboard.html,.ff_backups/locked-dashboard-brand-source-v6-20260516110456/apps/web/app/templates/platform/dashboard_locked.html,apps/web/app/templates/platform/dashboard.html
data-ff-sponsor-sheet	13	apps/web/app/_quarantine/ui-core-safe-20260523021333/apps/web/app/static/js/ff-campaign-amount-guard.js,apps/web/app/_quarantine/ui-core-safe-20260523021333/apps/web/app/static/js/ff-campaign-flagship-enhance.js,apps/web/app/static/css/campaign.css,apps/web/app/static/js/ff-campaign-enterprise-contract.js,apps/web/app/static/js/ff-sponsor-modal-contract.js,apps/web/app/templates/campaign/index.html,scripts/audit/ff_campaign_conversion_contract_audit.mjs,scripts/campaign-payment-smoke.mjs
data-ff-header-nav	13	apps/web/app/static/css/ff.css,apps/web/app/templates/_partials/ff_shell_header.html
data-ff-home-live-demo-cta	13	backups/css/platform-home.css.pre-command-dots-correct-20260522171217.css,backups/css/platform-home.css.pre-fundraising-os-badges-20260522164408.css,backups/css/platform-home.css.pre-header-hero-flagship-20260522135646.css,backups/css/platform-home.css.pre-hero-final-balanced-20260522141925.css,backups/css/platform-home.css.pre-hero-pinned-top-20260522141647.css,backups/css/platform-home.css.pre-hero-reset-compact-20260522141134.css,backups/css/platform-home.css.pre-hero-top-align-20260522140755.css,backups/css/platform-home.css.pre-hero-true-top-third-20260522141424.css,backups/css/platform-home.css.pre-launch-confidence-v2-20260522111905.css,backups/css/platform-home.css.pre-launch-flow-closeout-20260522095241.css
data-ff-remaining-amount	12	.ff_backups/cinematic-launch-os-20260515152029/apps/web/app/templates/campaign/index.html,tmp/ff-css-authority-final-backups/20260507-111134/apps/web/app/templates/campaign/index.html
data-ff-impact-title	12	.ff_backups/cinematic-launch-os-20260515152029/apps/web/app/templates/campaign/index.html,tmp/ff-css-authority-final-backups/20260507-111134/apps/web/app/templates/campaign/index.html
data-ff-impact-copy	12	.ff_backups/cinematic-launch-os-20260515152029/apps/web/app/templates/campaign/index.html,tmp/ff-css-authority-final-backups/20260507-111134/apps/web/app/templates/campaign/index.html
data-ff-sponsor-tier-selected	12	.ff_backups/cinematic-launch-os-20260515152029/apps/web/app/templates/campaign/index.html,apps/web/app/_quarantine/ui-core-safe-20260523021333/apps/web/app/static/js/ff-campaign-amount-guard.js,apps/web/app/_quarantine/ui-core-safe-20260523021333/apps/web/app/static/js/ff-campaign-flagship-enhance.js,apps/web/app/_quarantine/ui-core-safe-20260523021333/apps/web/app/static/js/ff-campaign-launch-guard-v2.js,apps/web/app/static/js/ff-app.js,apps/web/app/templates/_base/campaign_base.html,apps/web/app/templates/campaign/_modals.html,tmp/ff-css-authority-final-backups/20260507-111134/apps/web/app/templates/campaign/index.html
data-ff-modal-state	12	apps/web/app/static/js/ff-campaign-enterprise-contract.js,apps/web/app/templates/_base/campaign_base.html,apps/web/app/templates/campaign/index.html,scripts/tmp/ff_sponsor_runtime_probe.mjs
data-ff-assist-part	12	backups/css/dashboard.css.pre-command-authority-v2-20260522210944.css,backups/css/dashboard.css.pre-locked-dashboard-repair-v3-20260522211531.css,backups/dashboard-css/dashboard.before-clean-authority-20260522083246.css,backups/dashboard-css/dashboard.before-single-authority-20260522084642.css
data-ff-body	11	.ff_backups/brand-identity-closeout-v2-20260516094420/apps/web/app/templates/platform/login.html,.ff_backups/brand-identity-closeout-v3-20260516094846/apps/web/app/templates/platform/login.html,.ff_backups/brand-identity-unification-v1-20260516093640/apps/web/app/templates/platform/login.html,.ff_backups/cinematic-launch-os-20260515152029/apps/web/app/templates/platform/login.html,.ff_backups/login-command-access-v1-20260516111020/apps/web/app/templates/platform/login.html,.ff_backups/login-command-center-v3-20260516121838/apps/web/app/templates/platform/login.html,.ff_backups/login-final-lock-v2-20260516120852/apps/web/app/templates/platform/login.html,.ff_backups/login-v4-brand-audit-lock-20260516123303/apps/web/app/templates/platform/login.html,.ff_backups/login-v4-isolated-20260516122902/apps/web/app/templates/platform/login.html,apps/web/app/_quarantine/ui-core-safe-20260523021333/apps/web/app/templates/_base/platform_base.html
data-ff-sponsor-submit	11	.ff_backups/campaign-final-link-hygiene-20260515224003/apps/web/app/templates/campaign/index.html,.ff_backups/cinematic-launch-os-20260515152029/apps/web/app/templates/campaign_premium.html,.ff_backups/final-compact-campaign-launch-20260515215629/apps/web/app/templates/campaign/index.html,apps/web/app/_quarantine/ui-core-safe-20260523021333/apps/web/app/static/js/ff-campaign-flagship-enhance.js,apps/web/app/static/js/ff-app.js,apps/web/app/static/js/ff-campaign-enterprise-contract.js,apps/web/app/templates/_base/campaign_base.html,apps/web/app/templates/campaign/_modals.html,apps/web/app/templates/campaign/index.html
data-ff-sponsor-package-select	11	.ff_backups/campaign-final-link-hygiene-20260515224003/apps/web/app/templates/campaign/index.html,.ff_backups/cinematic-launch-os-20260515152029/apps/web/app/templates/campaign/index.html,.ff_backups/cinematic-launch-os-20260515152029/apps/web/app/templates/campaign_premium.html,.ff_backups/ff-header-hero-flagship-v15-20260515213317/apps/web/app/static/js/ff-campaign.js,.ff_backups/final-compact-campaign-launch-20260515215629/apps/web/app/static/js/ff-campaign.js,.ff_backups/final-compact-campaign-launch-20260515215629/apps/web/app/templates/campaign/index.html,scripts/audit/ff_wave10a_sponsor_sales_scout.mjs
data-ff-sponsor-card	11	.ff_backups/cinematic-launch-os-20260515152029/apps/web/app/templates/campaign/index.html,apps/web/app/static/css/campaign.css,tmp/ff-css-authority-final-backups/20260507-111134/apps/web/app/templates/campaign/index.html
data-ff-sponsor-tier-input	11	.ff_backups/cinematic-launch-os-20260515152029/apps/web/app/templates/campaign/index.html,apps/web/app/_quarantine/ui-core-safe-20260523021333/apps/web/app/static/js/ff-campaign-flagship-enhance.js,tmp/ff-css-authority-final-backups/20260507-111134/apps/web/app/templates/campaign/index.html
data-ff-close-drawer	11	apps/web/app/_quarantine/ui-core-safe-20260523021333/apps/web/app/static/js/ff-campaign-flagship-enhance.js,apps/web/app/_quarantine/ui-core-safe-20260523021333/apps/web/app/templates/campaign/deprecated/_chrome.html,apps/web/app/static/js/ff-app.js,apps/web/app/templates/_base/campaign_base.html,qa_campaign_playwright.mjs
data-ff-drawer	11	apps/web/app/_quarantine/ui-core-safe-20260523021333/apps/web/app/static/js/ff-campaign-flagship-enhance.js,apps/web/app/_quarantine/ui-core-safe-20260523021333/apps/web/app/templates/campaign/deprecated/_chrome.html,apps/web/app/static/js/ff-app.js,apps/web/app/templates/_base/campaign_base.html,qa_campaign_playwright.mjs
data-ff-assistant-card	11	backups/css/dashboard.css.pre-command-authority-v2-20260522210944.css,backups/css/dashboard.css.pre-locked-dashboard-repair-v3-20260522211531.css,backups/dashboard-css/dashboard.before-clean-authority-20260522083246.css,backups/dashboard-css/dashboard.before-single-authority-20260522084642.css
data-ff-embedded-checkout	11	apps/web/app/_quarantine/ui-core-final-blockers-20260523024222/apps/web/app/static/css/campaign.public.css,apps/web/app/_quarantine/ui-core-safe-20260523021333/apps/web/app/static/css/campaign.bundle.css,backups/css/campaign.css.pre-campaign-clean-v5-20260522180029.css,backups/css/campaign.css.pre-campaign-closeout-v1-20260522174114.css,backups/css/campaign.css.pre-campaign-closeout-v2-20260522174349.css,backups/css/campaign.css.pre-campaign-mobile-layout-v3-20260522174548.css,backups/css/campaign.css.pre-campaign-v4-rail-dock-20260522174817.css,backups/css/campaign.css.pre-campaign-v6-20260522185507.css,backups/css/campaign.css.pre-campaign-v7-rhythm-20260522190308.css,backups/css/campaign.css.pre-campaign-v8-final-rhythm-20260522191310.css
data-ff-campaign-compression-hidden	11	apps/web/app/_quarantine/ui-core-final-blockers-20260523024222/apps/web/app/static/css/campaign.public.css,apps/web/app/_quarantine/ui-core-safe-20260523021333/apps/web/app/static/css/campaign.bundle.css,backups/css/campaign.css.pre-campaign-clean-v5-20260522180029.css,backups/css/campaign.css.pre-campaign-closeout-v1-20260522174114.css,backups/css/campaign.css.pre-campaign-closeout-v2-20260522174349.css,backups/css/campaign.css.pre-campaign-mobile-layout-v3-20260522174548.css,backups/css/campaign.css.pre-campaign-v4-rail-dock-20260522174817.css,backups/css/campaign.css.pre-campaign-v6-20260522185507.css,backups/css/campaign.css.pre-campaign-v7-rhythm-20260522190308.css,backups/css/campaign.css.pre-campaign-v8-final-rhythm-20260522191310.css
data-ff-donations-table	11	apps/web/app/static/css/ff.css,apps/web/app/static/js/ff-operator-dashboard.js,scripts/audit/platform-ops-hardening.mjs,scripts/qa_operator_dashboard_smoke.mjs,scripts/test_product_functionality.mjs,scripts/tmp/ff_dashboard_runtime_inspect.mjs,scripts/tmp/ff_dashboard_unlocked_inspect.mjs
data-ff-login-contract	10	.ff_backups/login-command-center-v3-20260516121838/apps/web/app/static/css/ff.css,.ff_backups/login-command-center-v3-20260516121838/apps/web/app/templates/platform/login.html,.ff_backups/login-final-lock-v2-20260516120852/apps/web/app/templates/platform/login.html,.ff_backups/login-v31-visual-lock-20260516122230/apps/web/app/static/css/ff.css,.ff_backups/login-v31-visual-lock-20260516122230/scripts/audit/ff_login_command_center_v3_audit.mjs,.ff_backups/login-v4-brand-audit-lock-20260516123303/apps/web/app/templates/platform/login.html,.ff_backups/login-v4-isolated-20260516122902/apps/web/app/static/css/ff.css,.ff_backups/login-v4-isolated-20260516122902/apps/web/app/templates/platform/login.html,scripts/audit/ff_login_final_lock_audit.mjs,scripts/audit/ff_login_v4_audit.mjs
data-ff-story-video-link	10	.ff_backups/campaign-final-link-hygiene-20260515224003/apps/web/app/templates/campaign/index.html,.ff_backups/cinematic-launch-os-20260515152029/apps/web/app/templates/campaign_premium.html,.ff_backups/final-compact-campaign-launch-20260515215629/apps/web/app/templates/campaign/index.html,apps/web/app/templates/campaign/index.html,tmp/campaign-product-rhythm-backups/20260507-105327/apps/web/app/templates/campaign_premium.html,tmp/cta-hierarchy-tighten-backups/20260507-110125/apps/web/app/templates/campaign_premium.html,tmp/ff-css-authority-final-backups/20260507-111134/apps/web/app/templates/campaign_premium.html,tmp/progress-final-combine-backups/20260507-103438/apps/web/app/templates/campaign_premium.html,tmp/squad-header-center-backups/20260507-104636/apps/web/app/templates/campaign_premium.html,tmp/squad-progress-polish-backups/20260507-104205/apps/web/app/templates/campaign_premium.html
data-ff-percent-funded	10	.ff_backups/cinematic-launch-os-20260515152029/apps/web/app/templates/campaign/index.html,apps/web/app/_quarantine/ui-core-safe-20260523021333/apps/web/app/static/js/ff-campaign-flagship-enhance.js,tmp/ff-css-authority-final-backups/20260507-111134/apps/web/app/templates/campaign/index.html
data-ff-footer-link	10	.ff_backups/cinematic-launch-os-20260515152029/apps/web/app/templates/campaign/index.html,tmp/ff-css-authority-final-backups/20260507-111134/apps/web/app/templates/campaign/index.html
data-ff-assistant-stats	10	backups/css/dashboard.css.pre-command-authority-v2-20260522210944.css,backups/css/dashboard.css.pre-locked-dashboard-repair-v3-20260522211531.css,backups/dashboard-css/dashboard.before-clean-authority-20260522083246.css,backups/dashboard-css/dashboard.before-single-authority-20260522084642.css
data-ff-sponsors-list	10	apps/web/app/static/css/ff.css,apps/web/app/static/js/ff-operator-dashboard.js,scripts/audit/platform-ops-hardening.mjs,scripts/qa_operator_dashboard_smoke.mjs,scripts/test_product_functionality.mjs,scripts/tmp/ff_dashboard_runtime_inspect.mjs,scripts/tmp/ff_dashboard_unlocked_inspect.mjs
data-ff-contract	9	.ff_backups/brand-identity-unification-v1-20260516093640/apps/web/app/templates/platform/onboarding.html,.ff_backups/cinematic-launch-os-20260515152029/apps/web/app/templates/platform/onboarding.html,.ff_backups/onboarding-modern-v1-20260516080133/apps/web/app/templates/platform/onboarding.html,scripts/audit/ff_onboarding_modern_audit.mjs,scripts/audit/ff_onboarding_runtime_contract.mjs
data-ff-sponsor-tier-copy	9	.ff_backups/cinematic-launch-os-20260515152029/apps/web/app/templates/campaign/index.html,apps/web/app/_quarantine/ui-core-safe-20260523021333/apps/web/app/static/js/ff-campaign-amount-guard.js,apps/web/app/_quarantine/ui-core-safe-20260523021333/apps/web/app/static/js/ff-campaign-flagship-enhance.js,apps/web/app/_quarantine/ui-core-safe-20260523021333/apps/web/app/static/js/ff-campaign-launch-guard-v2.js,apps/web/app/static/js/ff-app.js,apps/web/app/templates/campaign/_modals.html,tmp/ff-css-authority-final-backups/20260507-111134/apps/web/app/templates/campaign/index.html
data-ff-export-url	9	apps/web/app/static/css/ff.css,apps/web/app/static/js/ff-operator-dashboard.js,apps/web/app/templates/platform/dashboard.html,scripts/test_product_functionality.mjs,scripts/tmp/ff_dashboard_runtime_inspect.mjs,scripts/tmp/ff_dashboard_unlocked_capture.mjs,scripts/tmp/ff_dashboard_unlocked_inspect.mjs,scripts/tmp/ff_quality_audit_simple.mjs
data-ff-assistant-scripts	9	backups/css/dashboard.css.pre-command-authority-v2-20260522210944.css,backups/css/dashboard.css.pre-locked-dashboard-repair-v3-20260522211531.css,backups/dashboard-css/dashboard.before-clean-authority-20260522083246.css,backups/dashboard-css/dashboard.before-single-authority-20260522084642.css
data-ff-single-owner	9	apps/web/app/static/css/campaign.css,scripts/campaign-payment-smoke.mjs
data-ff-login-password-toggle	8	.ff_backups/login-v4-brand-audit-lock-20260516123303/apps/web/app/templates/platform/login.html,.ff_backups/login-v4-isolated-20260516122902/apps/web/app/templates/platform/login.html,apps/web/app/static/js/ff-login.js,apps/web/app/static/js/login.js,apps/web/app/templates/platform/login.html,scripts/audit/ff_login_runtime_contract.mjs,scripts/hoi/hoi_9i_login_proof.mjs
data-ff-login-submit-label	8	.ff_backups/brand-identity-closeout-v2-20260516094420/apps/web/app/templates/platform/login.html,.ff_backups/brand-identity-closeout-v3-20260516094846/apps/web/app/templates/platform/login.html,.ff_backups/brand-identity-unification-v1-20260516093640/apps/web/app/templates/platform/login.html,.ff_backups/cinematic-launch-os-20260515152029/apps/web/app/templates/platform/login.html,.ff_backups/login-command-access-v1-20260516111020/apps/web/app/templates/platform/login.html,.ff_backups/login-command-center-v3-20260516121838/apps/web/app/templates/platform/login.html,.ff_backups/login-final-lock-v2-20260516120852/apps/web/app/templates/platform/login.html,.ff_backups/login-v4-isolated-20260516122902/apps/web/app/templates/platform/login.html
data-ff-checkout-css-contract	8	.ff_backups/campaign-final-link-hygiene-20260515224003/apps/web/app/templates/campaign/index.html,.ff_backups/cinematic-launch-os-20260515152029/apps/web/app/templates/campaign/index.html,.ff_backups/cinematic-launch-os-20260515152029/apps/web/app/templates/campaign_premium.html,.ff_backups/final-compact-campaign-launch-20260515215629/apps/web/app/templates/campaign/index.html,apps/web/app/templates/campaign/index.html,scripts/release/ff_enterprise_launch_gate.mjs,scripts/verify/ff_campaign_v1_authority_money_loop.mjs,scripts/verify/ff_css_v1_authority_check.mjs
data-ff-squad-card	8	.ff_backups/campaign-final-link-hygiene-20260515224003/apps/web/app/templates/campaign/index.html,.ff_backups/cinematic-launch-os-20260515152029/apps/web/app/templates/campaign_premium.html,.ff_backups/final-compact-campaign-launch-20260515215629/apps/web/app/templates/campaign/index.html,apps/web/app/templates/campaign/index.html,tmp/campaign-product-rhythm-backups/20260507-105327/apps/web/app/templates/campaign_premium.html,tmp/cta-hierarchy-tighten-backups/20260507-110125/apps/web/app/templates/campaign_premium.html,tmp/ff-css-authority-final-backups/20260507-111134/apps/web/app/templates/campaign_premium.html,tmp/squad-header-center-backups/20260507-104636/apps/web/app/templates/campaign_premium.html
data-ff-sponsor-amount	8	.ff_backups/campaign-final-link-hygiene-20260515224003/apps/web/app/templates/campaign/index.html,.ff_backups/cinematic-launch-os-20260515152029/apps/web/app/templates/campaign/index.html,.ff_backups/cinematic-launch-os-20260515152029/apps/web/app/templates/campaign_premium.html,.ff_backups/ff-header-hero-flagship-v15-20260515213317/apps/web/app/static/js/ff-campaign.js,.ff_backups/final-compact-campaign-launch-20260515215629/apps/web/app/static/js/ff-campaign.js,.ff_backups/final-compact-campaign-launch-20260515215629/apps/web/app/templates/campaign/index.html,tmp/ff-css-authority-final-backups/20260507-111134/apps/web/app/templates/campaign/index.html
data-ff-impact-drawer	8	.ff_backups/cinematic-launch-os-20260515152029/apps/web/app/templates/campaign/index.html,tmp/ff-css-authority-final-backups/20260507-111134/apps/web/app/templates/campaign/index.html
data-ff-sponsor-preview	8	.ff_backups/cinematic-launch-os-20260515152029/apps/web/app/templates/campaign/index.html,tmp/ff-css-authority-final-backups/20260507-111134/apps/web/app/templates/campaign/index.html
data-ff-raised-amount	8	.ff_backups/cinematic-launch-os-20260515152029/apps/web/app/templates/campaign/index.html,tmp/ff-css-authority-final-backups/20260507-111134/apps/web/app/templates/campaign/index.html
data-ff-supporter-count	8	.ff_backups/cinematic-launch-os-20260515152029/apps/web/app/templates/campaign/index.html,apps/web/app/_quarantine/ui-core-safe-20260523021333/apps/web/app/static/js/ff-campaign-flagship-enhance.js,tmp/ff-css-authority-final-backups/20260507-111134/apps/web/app/templates/campaign/index.html
data-ff-proof	8	.ff_backups/cinematic-launch-os-20260515152029/apps/web/app/templates/campaign/index.html,tmp/ff-css-authority-final-backups/20260507-111134/apps/web/app/templates/campaign/index.html
data-ff-custom-amount-input	8	.ff_backups/cinematic-launch-os-20260515152029/apps/web/app/templates/campaign/index.html,tmp/ff-css-authority-final-backups/20260507-111134/apps/web/app/templates/campaign/index.html
data-ff-provider-choice	8	.ff_backups/cinematic-launch-os-20260515152029/apps/web/app/templates/campaign/index.html,tmp/ff-css-authority-final-backups/20260507-111134/apps/web/app/templates/campaign/index.html
data-ff-provider-option	8	.ff_backups/cinematic-launch-os-20260515152029/apps/web/app/templates/campaign/index.html,apps/web/app/_quarantine/ui-core-safe-20260523021333/apps/web/app/static/js/ff-donation-modal-v2.js,scripts/verify-campaign-payments.mjs,tmp/ff-css-authority-final-backups/20260507-111134/apps/web/app/templates/campaign/index.html
data-ff-sponsor-amount-input	8	.ff_backups/cinematic-launch-os-20260515152029/apps/web/app/templates/campaign/index.html,apps/web/app/_quarantine/ui-core-safe-20260523021333/apps/web/app/static/js/ff-campaign-amount-guard.js,apps/web/app/_quarantine/ui-core-safe-20260523021333/apps/web/app/static/js/ff-campaign-flagship-enhance.js,apps/web/app/_quarantine/ui-core-safe-20260523021333/apps/web/app/static/js/ff-campaign-launch-guard-v2.js,tmp/ff-css-authority-final-backups/20260507-111134/apps/web/app/templates/campaign/index.html
data-ff-theme-preset	8	apps/web/app/static/js/ff-onboarding.js,apps/web/app/templates/platform/onboarding.html,scripts/hoi/hoi_6i_brand_kit_contract_proof.mjs
data-ff-team-id	8	apps/web/app/_quarantine/ui-core-safe-20260523021333/apps/web/app/static/js/islands/donate.js,apps/web/app/_quarantine/ui-core-safe-20260523021333/apps/web/app/templates/campaign/_checkout_sheet.html,apps/web/app/_quarantine/ui-core-safe-20260523021333/apps/web/app/templates/campaign/_hero.html,apps/web/app/_quarantine/ui-core-safe-20260523021333/apps/web/app/templates/campaign/deprecated/_hero.html,apps/web/app/_quarantine/ui-core-safe-20260523021333/apps/web/app/templates/campaign/deprecated/_teams.html,apps/web/app/static/js/ff-app.js,apps/web/app/templates/_base/campaign_base.html
data-ff-floating-donate	8	apps/web/app/static/js/ff-app.js,apps/web/app/templates/_base/campaign_base.html,backups/css/campaign.css.pre-campaign-v6-20260522185507.css,backups/css/campaign.css.pre-campaign-v7-rhythm-20260522190308.css,backups/css/campaign.css.pre-campaign-v8-final-rhythm-20260522191310.css,backups/css/campaign.css.pre-momentum-v9-fix-20260522205102.css,scripts/audit/ff_campaign_visual_fast.mjs,scripts/audit/ff_visual_surface_board.mjs
data-ff-header-mode	8	apps/web/app/static/css/ff.css,apps/web/app/templates/_partials/ff_shell_header.html,scripts/hoi/hoi_6j_header_convergence_proof.mjs,scripts/tmp/ff_dashboard_runtime_inspect.mjs,scripts/tmp/ff_dashboard_unlocked_inspect.mjs
data-ff-header-shell	8	apps/web/app/static/css/ff.css,apps/web/app/templates/_partials/ff_shell_header.html
data-ff-donate-modal	8	tmp/final-shell-refactor-backups/20260507-100023/apps/web/app/templates/campaign_premium.html,tmp/impact-team-refactor-backups/20260507-014109/apps/web/app/static/js/ff-campaign.js,tmp/impact-team-refactor-backups/20260507-014109/apps/web/app/templates/campaign_premium.html,tmp/premium-checkout-skin-backups/20260507-010606/apps/web/app/static/js/ff-campaign.js,tmp/premium-checkout-skin-backups/20260507-010606/apps/web/app/templates/campaign_premium.html,tmp/progress-sponsor-refactor-backups/20260507-023424/apps/web/app/static/js/ff-campaign.js,tmp/progress-sponsor-refactor-backups/20260507-023424/apps/web/app/templates/campaign_premium.html,tmp/story-faq-refactor-backups/20260507-094441/apps/web/app/templates/campaign_premium.html
data-ff-sticky-donate	8	apps/web/app/static/css/campaign.css,backups/css/campaign.css.pre-campaign-v6-20260522185507.css,backups/css/campaign.css.pre-campaign-v7-rhythm-20260522190308.css,backups/css/campaign.css.pre-campaign-v8-final-rhythm-20260522191310.css,backups/css/campaign.css.pre-momentum-v9-fix-20260522205102.css,scripts/audit/ff_campaign_visual_fast.mjs,scripts/audit/ff_visual_surface_board.mjs
data-ff-sponsor-continue	7	.ff_backups/campaign-final-link-hygiene-20260515224003/apps/web/app/templates/campaign/index.html,.ff_backups/cinematic-launch-os-20260515152029/apps/web/app/templates/campaign/index.html,.ff_backups/cinematic-launch-os-20260515152029/apps/web/app/templates/campaign_premium.html,.ff_backups/ff-header-hero-flagship-v15-20260515213317/apps/web/app/static/js/ff-campaign.js,.ff_backups/final-compact-campaign-launch-20260515215629/apps/web/app/static/js/ff-campaign.js,.ff_backups/final-compact-campaign-launch-20260515215629/apps/web/app/templates/campaign/index.html,scripts/audit/ff_wave10a_sponsor_sales_scout.mjs
data-ff-form	7	.ff_backups/brand-identity-unification-v1-20260516093640/apps/web/app/templates/platform/onboarding.html,.ff_backups/cinematic-launch-os-20260515152029/apps/web/app/templates/platform/onboarding.html,.ff_backups/onboarding-modern-v1-20260516080133/apps/web/app/templates/platform/onboarding.html,apps/web/app/static/js/ff-launch-completion.js,scripts/release/ff_enterprise_launch_gate.mjs
data-ff-payment-form	7	.ff_backups/cinematic-launch-os-20260515152029/apps/web/app/templates/campaign/index.html,apps/web/app/_quarantine/ui-core-safe-20260523021333/apps/web/app/static/js/ff-campaign-amount-guard.js,tmp/ff-css-authority-final-backups/20260507-111134/apps/web/app/templates/campaign/index.html
data-ff-submit-checkout	7	.ff_backups/cinematic-launch-os-20260515152029/apps/web/app/templates/campaign/index.html,apps/web/app/static/js/ff-checkout-direct.js,tmp/ff-css-authority-final-backups/20260507-111134/apps/web/app/templates/campaign/index.html
data-ff-qr-image	7	.ff_backups/cinematic-launch-os-20260515152029/apps/web/app/templates/campaign/index.html,apps/web/app/_quarantine/ui-core-safe-20260523021333/apps/web/app/static/js/ff-distribution-v2.js,apps/web/app/_quarantine/ui-core-safe-20260523021333/apps/web/app/templates/campaign/deprecated/_distribution.html,apps/web/app/templates/_base/campaign_base.html,scripts/capture-campaign-modals.mjs,tmp/ff-css-authority-final-backups/20260507-111134/apps/web/app/templates/campaign/index.html
data-ff-ledger-url	7	apps/web/app/templates/platform/dashboard.html,scripts/audit/platform-ops-hardening.mjs,scripts/test_product_functionality.mjs,scripts/tmp/ff_dashboard_runtime_inspect.mjs,scripts/tmp/ff_dashboard_unlocked_capture.mjs,scripts/tmp/ff_dashboard_unlocked_inspect.mjs,scripts/tmp/ff_quality_audit_simple.mjs
data-ff-dashboard-exec-assistant-template	7	apps/web/app/static/js/_quarantine/dashboard-js-authority-20260522224957/ff-dashboard-protected-exec.js,apps/web/app/static/js/ff-operator-dashboard.js,apps/web/app/templates/platform/dashboard.html,backups/dashboard-css/dashboard.before-clean-authority-20260522083246.css,backups/dashboard-css/dashboard.before-single-authority-20260522084642.css,scripts/audit/ff_dashboard_protected_exec_audit.mjs
data-ff-sponsor-state	7	apps/web/app/static/js/ff-campaign-enterprise-contract.js,apps/web/app/templates/_base/campaign_base.html,apps/web/app/templates/campaign/index.html,scripts/campaign-payment-smoke-safe.mjs,scripts/tmp/ff_sponsor_runtime_probe.mjs
data-ff-copy-button	7	apps/web/app/static/js/ff-launch-completion.js,apps/web/app/templates/_partials/ff_dashboard_launch_assistant.html,apps/web/app/templates/_partials/ff_onboarding_text_to_donate.html,backups/css/dashboard.css.pre-command-authority-v2-20260522210944.css,backups/css/dashboard.css.pre-locked-dashboard-repair-v3-20260522211531.css
data-ff-donation-panel	7	apps/web/app/static/css/campaign.css
data-ff-platform-page	6	.ff_backups/brand-identity-unification-v1-20260516093640/apps/web/app/templates/platform/index.html,.ff_backups/cinematic-launch-os-20260515152029/apps/web/app/templates/platform/index.html,.ff_backups/homepage-remove-cinematic-reveal-v19-20260516002840/apps/web/app/templates/platform/index.html,.ff_backups/homepage-rhythm-tighten-v13-20260515234239/apps/web/app/templates/platform/index.html,.ff_backups/homepage-structural-trim-v1-20260515233556/apps/web/app/templates/platform/index.html,tmp/ff-css-authority-final-backups/20260507-111134/apps/web/app/templates/platform/index.html
data-ff-home-main	6	.ff_backups/brand-identity-unification-v1-20260516093640/apps/web/app/templates/platform/index.html,.ff_backups/cinematic-launch-os-20260515152029/apps/web/app/templates/platform/index.html,.ff_backups/homepage-remove-cinematic-reveal-v19-20260516002840/apps/web/app/templates/platform/index.html,.ff_backups/homepage-rhythm-tighten-v13-20260515234239/apps/web/app/templates/platform/index.html,.ff_backups/homepage-structural-trim-v1-20260515233556/apps/web/app/templates/platform/index.html,tmp/ff-css-authority-final-backups/20260507-111134/apps/web/app/templates/platform/index.html
data-ff-campaign-slug	6	.ff_backups/cinematic-launch-os-20260515152029/apps/web/app/templates/campaign/index.html,apps/web/app/_quarantine/ui-core-safe-20260523021333/apps/web/app/static/js/islands/sponsor.js,apps/web/app/static/js/ff-checkout-direct.js,apps/web/app/templates/_base/campaign_base.html,tmp/ff-css-authority-final-backups/20260507-111134/apps/web/app/templates/campaign/index.html
data-ff-mobile-donate-bar	6	.ff_backups/cinematic-launch-os-20260515152029/apps/web/app/templates/campaign/index.html,tmp/ff-css-authority-final-backups/20260507-111134/apps/web/app/templates/campaign/index.html
data-ff-primary-donate-label	6	.ff_backups/cinematic-launch-os-20260515152029/apps/web/app/templates/campaign/index.html,tmp/ff-css-authority-final-backups/20260507-111134/apps/web/app/templates/campaign/index.html
data-ff-sponsor-tier-grid	6	.ff_backups/cinematic-launch-os-20260515152029/apps/web/app/templates/campaign/index.html,apps/web/app/_quarantine/ui-core-safe-20260523021333/apps/web/app/templates/campaign/_campaign_sponsor.html,apps/web/app/static/js/ff-app.js,apps/web/app/templates/_base/campaign_base.html,tmp/ff-css-authority-final-backups/20260507-111134/apps/web/app/templates/campaign/index.html
data-ff-checkout-panel	6	.ff_backups/cinematic-launch-os-20260515152029/apps/web/app/templates/campaign/index.html,apps/web/app/_quarantine/ui-core-safe-20260523021333/apps/web/app/static/js/ff-campaign-amount-guard.js,apps/web/app/static/css/campaign.css,tmp/ff-css-authority-final-backups/20260507-111134/apps/web/app/templates/campaign/index.html
data-ff-donation-form	6	.ff_backups/cinematic-launch-os-20260515152029/apps/web/app/templates/campaign/index.html,apps/web/app/_quarantine/ui-core-safe-20260523021333/apps/web/app/static/js/ff-campaign-amount-guard.js,apps/web/app/_quarantine/ui-core-safe-20260523021333/apps/web/app/static/js/ff-campaign-flagship-enhance.js,apps/web/app/templates/campaign/index.html,tmp/ff-css-authority-final-backups/20260507-111134/apps/web/app/templates/campaign/index.html
data-ff-email-input	6	.ff_backups/cinematic-launch-os-20260515152029/apps/web/app/templates/campaign/index.html,apps/web/app/_quarantine/ui-core-safe-20260523021333/apps/web/app/static/js/ff-campaign-amount-guard.js,apps/web/app/_quarantine/ui-core-safe-20260523021333/apps/web/app/static/js/ff-campaign-flagship-enhance.js,scripts/qa_campaign_flagship_smoke.mjs,tmp/ff-css-authority-final-backups/20260507-111134/apps/web/app/templates/campaign/index.html
data-ff-copy-status	6	.ff_backups/cinematic-launch-os-20260515152029/apps/web/app/templates/campaign/index.html,tmp/ff-css-authority-final-backups/20260507-111134/apps/web/app/templates/campaign/index.html
data-ff-events-url	6	apps/web/app/templates/platform/dashboard.html,scripts/test_product_functionality.mjs,scripts/tmp/ff_dashboard_runtime_inspect.mjs,scripts/tmp/ff_dashboard_unlocked_capture.mjs,scripts/tmp/ff_dashboard_unlocked_inspect.mjs,scripts/tmp/ff_quality_audit_simple.mjs
data-ff-export-href	6	apps/web/app/static/css/ff.css,apps/web/app/templates/platform/dashboard.html,scripts/tmp/ff_dashboard_runtime_inspect.mjs,scripts/tmp/ff_dashboard_unlocked_capture.mjs,scripts/tmp/ff_dashboard_unlocked_inspect.mjs,scripts/tmp/ff_quality_audit_simple.mjs
data-ff-checkout-shell	6	apps/web/app/_quarantine/ui-core-safe-20260523021333/apps/web/app/templates/campaign/_checkout_sheet.html,apps/web/app/static/js/ff-app.js,apps/web/app/templates/_base/campaign_base.html,qa_campaign_playwright.mjs,scripts/audit/ff_campaign_conversion_contract_audit.mjs
data-ff-donor-name	6	apps/web/app/_quarantine/ui-core-safe-20260523021333/apps/web/app/static/js/ff-campaign-amount-guard.js,apps/web/app/_quarantine/ui-core-safe-20260523021333/apps/web/app/templates/campaign/_checkout_sheet.html,apps/web/app/static/js/ff-app.js,apps/web/app/static/js/ff-checkout-direct.js,apps/web/app/templates/_base/campaign_base.html,tmp/embedded-repair/ff-embedded-checkout.broken.20260505-201640.js
data-ff-open-drawer	6	apps/web/app/_quarantine/ui-core-safe-20260523021333/apps/web/app/static/js/ff-campaign-flagship-enhance.js,apps/web/app/_quarantine/ui-core-safe-20260523021333/apps/web/app/templates/campaign/deprecated/_chrome.html,apps/web/app/static/js/ff-app.js,apps/web/app/templates/_base/campaign_base.html,qa_campaign_playwright.mjs
data-ff-onboarding-text-to-donate	6	apps/web/app/_quarantine/ui-core-safe-20260523021333/apps/web/app/static/css/onboarding.bundle.css,apps/web/app/static/js/ff-launch-completion.js,apps/web/app/templates/_partials/ff_onboarding_text_to_donate.html,scripts/audit/ff_text_to_donate_launch_audit.mjs
data-ff-copy-source	6	apps/web/app/static/js/ff-launch-completion.js,apps/web/app/templates/_partials/ff_dashboard_launch_assistant.html
data-ff-copy-value	6	apps/web/app/_quarantine/ui-core-safe-20260523021333/apps/web/app/static/js/ff-campaign-launch-guard-v2.js,apps/web/app/_quarantine/ui-core-safe-20260523021333/apps/web/app/templates/campaign/deprecated/_distribution.html,apps/web/app/static/js/ff-launch-completion.js
data-ff-distribution-mode	6	apps/web/app/_quarantine/ui-core-safe-20260523021333/apps/web/app/static/js/ff-distribution-v2.js,apps/web/app/_quarantine/ui-core-safe-20260523021333/apps/web/app/templates/campaign/deprecated/_distribution.html
data-ff-story-video-placeholder	6	tmp/campaign-product-rhythm-backups/20260507-105327/apps/web/app/templates/campaign_premium.html,tmp/cta-hierarchy-tighten-backups/20260507-110125/apps/web/app/templates/campaign_premium.html,tmp/ff-css-authority-final-backups/20260507-111134/apps/web/app/templates/campaign_premium.html,tmp/progress-final-combine-backups/20260507-103438/apps/web/app/templates/campaign_premium.html,tmp/squad-header-center-backups/20260507-104636/apps/web/app/templates/campaign_premium.html,tmp/squad-progress-polish-backups/20260507-104205/apps/web/app/templates/campaign_premium.html
data-ff-legacy-checkout	6	apps/web/app/static/css/campaign.css
data-ff-refresh-ledger	6	apps/web/app/static/css/ff.css,apps/web/app/static/js/ff-operator-dashboard.js,scripts/audit/platform-ops-hardening.mjs,scripts/tmp/ff_dashboard_runtime_inspect.mjs,scripts/tmp/ff_dashboard_unlocked_inspect.mjs
data-ff-platform-footer	5	.ff_backups/brand-identity-unification-v1-20260516093640/apps/web/app/templates/platform/index.html,.ff_backups/cinematic-launch-os-20260515152029/apps/web/app/templates/platform/index.html,.ff_backups/homepage-remove-cinematic-reveal-v19-20260516002840/apps/web/app/templates/platform/index.html,.ff_backups/homepage-rhythm-tighten-v13-20260515234239/apps/web/app/templates/platform/index.html,.ff_backups/homepage-structural-trim-v1-20260515233556/apps/web/app/templates/platform/index.html
data-ff-checkout-js-contract	5	.ff_backups/campaign-final-link-hygiene-20260515224003/apps/web/app/templates/campaign/index.html,.ff_backups/cinematic-launch-os-20260515152029/apps/web/app/templates/campaign/index.html,.ff_backups/cinematic-launch-os-20260515152029/apps/web/app/templates/campaign_premium.html,.ff_backups/final-compact-campaign-launch-20260515215629/apps/web/app/templates/campaign/index.html,apps/web/app/templates/_base/campaign_base.html
data-ff-sponsor-package-key-input	5	.ff_backups/campaign-final-link-hygiene-20260515224003/apps/web/app/templates/campaign/index.html,.ff_backups/cinematic-launch-os-20260515152029/apps/web/app/templates/campaign_premium.html,.ff_backups/final-compact-campaign-launch-20260515215629/apps/web/app/templates/campaign/index.html,apps/web/app/_quarantine/ui-core-safe-20260523021333/apps/web/app/static/js/ff.sponsor-packages.js,apps/web/app/templates/campaign/index.html
data-ff-sponsor-package-name-input	5	.ff_backups/campaign-final-link-hygiene-20260515224003/apps/web/app/templates/campaign/index.html,.ff_backups/cinematic-launch-os-20260515152029/apps/web/app/templates/campaign_premium.html,.ff_backups/final-compact-campaign-launch-20260515215629/apps/web/app/templates/campaign/index.html,apps/web/app/_quarantine/ui-core-safe-20260523021333/apps/web/app/static/js/ff.sponsor-packages.js,apps/web/app/templates/campaign/index.html
data-ff-sponsor-package-amount-input	5	.ff_backups/campaign-final-link-hygiene-20260515224003/apps/web/app/templates/campaign/index.html,.ff_backups/cinematic-launch-os-20260515152029/apps/web/app/templates/campaign_premium.html,.ff_backups/final-compact-campaign-launch-20260515215629/apps/web/app/templates/campaign/index.html,apps/web/app/_quarantine/ui-core-safe-20260523021333/apps/web/app/static/js/ff.sponsor-packages.js,apps/web/app/templates/campaign/index.html
data-ff-faq-mini	5	.ff_backups/campaign-final-link-hygiene-20260515224003/apps/web/app/templates/campaign/index.html,.ff_backups/cinematic-launch-os-20260515152029/apps/web/app/templates/campaign/index.html,.ff_backups/cinematic-launch-os-20260515152029/apps/web/app/templates/campaign_premium.html,.ff_backups/final-compact-campaign-launch-20260515215629/apps/web/app/templates/campaign/index.html,apps/web/app/templates/campaign/index.html
data-ff-payment-provider	5	.ff_backups/cinematic-launch-os-20260515152029/apps/web/app/templates/campaign/index.html,scripts/verify-campaign-payments.mjs,tmp/ff-css-authority-final-backups/20260507-111134/apps/web/app/templates/campaign/index.html
data-ff-recent-ledger-proof	5	.ff_backups/cinematic-launch-os-20260515152029/apps/web/app/templates/campaign/index.html,apps/web/app/_quarantine/ui-core-safe-20260523021333/apps/web/app/static/js/ff-campaign-flagship-enhance.js,scripts/qa_trust_proof_visual.mjs,tmp/ff-css-authority-final-backups/20260507-111134/apps/web/app/templates/campaign/index.html
data-ff-ledger-proof-copy	5	.ff_backups/cinematic-launch-os-20260515152029/apps/web/app/templates/campaign/index.html,apps/web/app/_quarantine/ui-core-safe-20260523021333/apps/web/app/static/js/ff-campaign-flagship-enhance.js,tmp/ff-css-authority-final-backups/20260507-111134/apps/web/app/templates/campaign/index.html
data-ff-payment-provider-input	5	.ff_backups/cinematic-launch-os-20260515152029/apps/web/app/templates/campaign/index.html,apps/web/app/_quarantine/ui-core-safe-20260523021333/apps/web/app/static/js/ff-donation-modal-v2.js,tmp/ff-css-authority-final-backups/20260507-111134/apps/web/app/templates/campaign/index.html
data-ff-dashboard-exec-assistant-slot	5	apps/web/app/static/js/_quarantine/dashboard-js-authority-20260522224957/ff-dashboard-protected-exec.js,apps/web/app/static/js/ff-operator-dashboard.js,apps/web/app/templates/platform/dashboard.html,scripts/audit/ff_dashboard_protected_exec_audit.mjs
data-ff-save-onboarding	5	apps/web/app/static/js/ff-onboarding.js,apps/web/app/templates/platform/onboarding.html,scripts/hoi/hoi_6i_brand_kit_contract_proof.mjs
data-ff-video-modal	5	apps/web/app/static/js/ff-app.js,apps/web/app/templates/_base/campaign_base.html,apps/web/app/templates/campaign/_modals.html,qa_campaign_playwright.mjs
data-ff-close-video	5	apps/web/app/static/js/ff-app.js,apps/web/app/templates/_base/campaign_base.html,apps/web/app/templates/campaign/_modals.html,qa_campaign_playwright.mjs
data-ff-terms-modal	5	apps/web/app/static/js/ff-app.js,apps/web/app/templates/_base/campaign_base.html,apps/web/app/templates/campaign/_modals.html,qa_campaign_playwright.mjs
data-ff-close-terms	5	apps/web/app/static/js/ff-app.js,apps/web/app/templates/_base/campaign_base.html,apps/web/app/templates/campaign/_modals.html,qa_campaign_playwright.mjs
data-ff-privacy-modal	5	apps/web/app/static/js/ff-app.js,apps/web/app/templates/_base/campaign_base.html,apps/web/app/templates/campaign/_modals.html,qa_campaign_playwright.mjs
data-ff-close-privacy	5	apps/web/app/static/js/ff-app.js,apps/web/app/templates/_base/campaign_base.html,apps/web/app/templates/campaign/_modals.html,qa_campaign_playwright.mjs
data-ff-page-css	5	apps/web/app/templates/campaign/index.html,scripts/audit/ff_login_runtime_contract.mjs,scripts/audit/ff_onboarding_runtime_contract.mjs
data-ff-checkout-open	5	apps/web/app/_quarantine/ui-core-safe-20260523021333/apps/web/app/static/js/ff-campaign-flagship-enhance.js,apps/web/app/templates/campaign/index.html
data-ff-toasts	5	apps/web/app/_quarantine/ui-core-safe-20260523021333/apps/web/app/static/js/ff-campaign-launch-guard-v2.js,apps/web/app/_quarantine/ui-core-safe-20260523021333/apps/web/app/static/js/ff-distribution-v2.js,apps/web/app/static/js/ff-app.js,apps/web/app/templates/_base/campaign_base.html
data-ff-story	5	apps/web/app/_quarantine/ui-core-safe-20260523021333/apps/web/app/templates/campaign/_campaign_story.html,apps/web/app/_quarantine/ui-core-safe-20260523021333/apps/web/app/templates/campaign/deprecated/_story.html,apps/web/app/static/js/ff-app.js,apps/web/app/templates/_base/campaign_base.html
data-ff-qr-value	5	apps/web/app/_quarantine/ui-core-safe-20260523021333/apps/web/app/static/js/ff-distribution-v2.js,apps/web/app/_quarantine/ui-core-safe-20260523021333/apps/web/app/templates/campaign/deprecated/_distribution.html,apps/web/app/templates/_base/campaign_base.html
data-ff-copy-text-donate	5	apps/web/app/_quarantine/ui-core-safe-20260523021333/apps/web/app/templates/campaign/deprecated/_distribution.html,apps/web/app/static/js/ff-launch-completion.js,apps/web/app/templates/_base/campaign_base.html,apps/web/app/templates/_partials/ff_onboarding_text_to_donate.html
data-ff-brand-context	5	apps/web/app/templates/_partials/ff_shell_header.html,scripts/hoi/hoi_6j_header_convergence_proof.mjs,scripts/tmp/ff_dashboard_runtime_inspect.mjs,scripts/tmp/ff_dashboard_unlocked_inspect.mjs
data-ff-text-donate-setup	5	apps/web/app/_quarantine/ui-core-safe-20260523021333/apps/web/app/static/css/onboarding.bundle.css,apps/web/app/static/js/ff-launch-completion.js,apps/web/app/templates/_partials/ff_onboarding_text_to_donate.html
data-ff-faq-item	5	tmp/ff-css-authority-final-backups/20260507-111134/apps/web/app/templates/campaign/index.html
data-ff-ledger-health	5	apps/web/app/static/js/ff-operator-dashboard.js,backups/css/dashboard.css.pre-command-authority-v2-20260522210944.css,backups/css/dashboard.css.pre-locked-dashboard-repair-v3-20260522211531.css,backups/dashboard-css/dashboard.before-clean-authority-20260522083246.css,backups/dashboard-css/dashboard.before-single-authority-20260522084642.css
data-ff-mobile-drawer	5	apps/web/app/_quarantine/ui-core-safe-20260523021333/apps/web/app/static/js/ff-campaign-flagship-enhance.js
data-ff-package-tier	5	apps/web/app/_quarantine/ui-core-safe-20260523021333/apps/web/app/static/js/ff-campaign-flagship-enhance.js
data-ff-sponsor-section	5	apps/web/app/_quarantine/ui-core-safe-20260523021333/apps/web/app/static/js/ff-campaign-flagship-enhance.js,scripts/audit/ff_campaign_conversion_contract_audit.mjs
data-ff-sponsor-intake-form	4	.ff_backups/campaign-final-link-hygiene-20260515224003/apps/web/app/templates/campaign/index.html,.ff_backups/cinematic-launch-os-20260515152029/apps/web/app/templates/campaign/index.html,.ff_backups/cinematic-launch-os-20260515152029/apps/web/app/templates/campaign_premium.html,.ff_backups/final-compact-campaign-launch-20260515215629/apps/web/app/templates/campaign/index.html
data-ff-story-video-preview	4	.ff_backups/campaign-final-link-hygiene-20260515224003/apps/web/app/templates/campaign/index.html,.ff_backups/cinematic-launch-os-20260515152029/apps/web/app/templates/campaign_premium.html,.ff_backups/final-compact-campaign-launch-20260515215629/apps/web/app/templates/campaign/index.html,apps/web/app/templates/campaign/index.html
data-ff-density	4	.ff_backups/cinematic-launch-os-20260515152029/apps/web/app/templates/campaign/index.html,tmp/ff-css-authority-final-backups/20260507-111134/apps/web/app/templates/campaign/index.html
data-ff-payment-result	4	.ff_backups/cinematic-launch-os-20260515152029/apps/web/app/templates/campaign/index.html,tmp/ff-css-authority-final-backups/20260507-111134/apps/web/app/templates/campaign/index.html
data-ff-percent-pill	4	.ff_backups/cinematic-launch-os-20260515152029/apps/web/app/templates/campaign/index.html,tmp/ff-css-authority-final-backups/20260507-111134/apps/web/app/templates/campaign/index.html
data-ff-donation-console	4	.ff_backups/cinematic-launch-os-20260515152029/apps/web/app/templates/campaign/index.html,tmp/ff-css-authority-final-backups/20260507-111134/apps/web/app/templates/campaign/index.html
data-ff-amount-presets	4	.ff_backups/cinematic-launch-os-20260515152029/apps/web/app/templates/campaign/index.html,tmp/ff-css-authority-final-backups/20260507-111134/apps/web/app/templates/campaign/index.html
data-ff-team-media-image	4	.ff_backups/cinematic-launch-os-20260515152029/apps/web/app/templates/campaign/index.html,apps/web/app/_quarantine/ui-core-safe-20260523021333/apps/web/app/static/js/ff-team-media-proof.js,scripts/capture-campaign-screenshot.mjs,tmp/ff-css-authority-final-backups/20260507-111134/apps/web/app/templates/campaign/index.html
data-ff-sponsor-preview-tier	4	.ff_backups/cinematic-launch-os-20260515152029/apps/web/app/templates/campaign/index.html,tmp/ff-css-authority-final-backups/20260507-111134/apps/web/app/templates/campaign/index.html
data-ff-sponsor-preview-title	4	.ff_backups/cinematic-launch-os-20260515152029/apps/web/app/templates/campaign/index.html,tmp/ff-css-authority-final-backups/20260507-111134/apps/web/app/templates/campaign/index.html
data-ff-sponsor-preview-copy	4	.ff_backups/cinematic-launch-os-20260515152029/apps/web/app/templates/campaign/index.html,tmp/ff-css-authority-final-backups/20260507-111134/apps/web/app/templates/campaign/index.html
data-ff-mobile-donate-label	4	.ff_backups/cinematic-launch-os-20260515152029/apps/web/app/templates/campaign/index.html,tmp/ff-css-authority-final-backups/20260507-111134/apps/web/app/templates/campaign/index.html
data-ff-modal	4	.ff_backups/cinematic-launch-os-20260515152029/apps/web/app/templates/campaign/index.html,tmp/ff-css-authority-final-backups/20260507-111134/apps/web/app/templates/campaign/index.html
data-ff-provider-status	4	.ff_backups/cinematic-launch-os-20260515152029/apps/web/app/templates/campaign/index.html,apps/web/app/_quarantine/ui-core-safe-20260523021333/apps/web/app/static/js/ff-payment-provider-status.js,scripts/verify-campaign-payments.mjs,tmp/ff-css-authority-final-backups/20260507-111134/apps/web/app/templates/campaign/index.html
data-ff-payment-ready	4	.ff_backups/cinematic-launch-os-20260515152029/apps/web/app/templates/campaign/index.html,apps/web/app/_quarantine/ui-core-safe-20260523021333/apps/web/app/static/js/ff-payment-provider-status.js,scripts/verify-campaign-payments.mjs,tmp/ff-css-authority-final-backups/20260507-111134/apps/web/app/templates/campaign/index.html
data-ff-render-paypal	4	.ff_backups/cinematic-launch-os-20260515152029/apps/web/app/templates/campaign/index.html,apps/web/app/_quarantine/ui-core-safe-20260523021333/apps/web/app/static/js/ff-campaign-flagship-enhance.js,scripts/verify-campaign-payments.mjs,tmp/ff-css-authority-final-backups/20260507-111134/apps/web/app/templates/campaign/index.html
data-ff-payment-submit	4	.ff_backups/cinematic-launch-os-20260515152029/apps/web/app/templates/campaign/index.html,apps/web/app/_quarantine/ui-core-safe-20260523021333/apps/web/app/static/js/ff-campaign-amount-guard.js,scripts/verify-campaign-payments.mjs,tmp/ff-css-authority-final-backups/20260507-111134/apps/web/app/templates/campaign/index.html
data-ff-sponsor-modal-tier	4	.ff_backups/cinematic-launch-os-20260515152029/apps/web/app/templates/campaign/index.html,tmp/ff-css-authority-final-backups/20260507-111134/apps/web/app/templates/campaign/index.html
data-ff-sponsor-modal-price	4	.ff_backups/cinematic-launch-os-20260515152029/apps/web/app/templates/campaign/index.html,tmp/ff-css-authority-final-backups/20260507-111134/apps/web/app/templates/campaign/index.html
data-ff-sponsor-modal-copy	4	.ff_backups/cinematic-launch-os-20260515152029/apps/web/app/templates/campaign/index.html,tmp/ff-css-authority-final-backups/20260507-111134/apps/web/app/templates/campaign/index.html
data-ff-qr-code	4	.ff_backups/cinematic-launch-os-20260515152029/apps/web/app/templates/campaign/index.html,scripts/capture-campaign-modals.mjs,scripts/test_product_functionality.mjs,tmp/ff-css-authority-final-backups/20260507-111134/apps/web/app/templates/campaign/index.html
data-ff-dialog-open	4	.ff_backups/cinematic-launch-os-20260515152029/apps/web/app/templates/campaign/index.html,tmp/ff-css-authority-final-backups/20260507-111134/apps/web/app/templates/campaign/index.html
data-ff-login-reveal	4	apps/web/app/static/js/ff-login.js,apps/web/app/templates/platform/login.html
data-ff-onboard-modal	4	apps/web/app/static/js/ff-app.js,apps/web/app/templates/campaign/_modals.html,qa_campaign_playwright.mjs
data-ff-close-onboard	4	apps/web/app/static/js/ff-app.js,apps/web/app/templates/campaign/_modals.html,qa_campaign_playwright.mjs
data-ff-step-pill	4	apps/web/app/static/js/ff-app.js,apps/web/app/templates/campaign/_modals.html
data-ff-onboard-form	4	apps/web/app/_quarantine/ui-core-safe-20260523021333/apps/web/app/static/js/islands/onboarding.js,apps/web/app/static/js/ff-app.js,apps/web/app/templates/campaign/_modals.html,scripts/audit/platform-ops-hardening.mjs
data-ff-step	4	apps/web/app/static/js/ff-app.js,apps/web/app/templates/campaign/_modals.html
data-ff-checkout-close	4	apps/web/app/static/js/ff-campaign-enterprise-contract.js,apps/web/app/templates/_base/campaign_base.html,apps/web/app/templates/campaign/index.html
data-ff-close-modal	4	apps/web/app/_quarantine/ui-core-safe-20260523021333/apps/web/app/static/js/ff-campaign-amount-guard.js,apps/web/app/static/js/ff-campaign.js,apps/web/app/templates/campaign/index.html,scripts/test_product_functionality.mjs
data-ff-share-state	4	apps/web/app/static/js/ff-campaign-enterprise-contract.js,apps/web/app/templates/_base/campaign_base.html,apps/web/app/templates/campaign/index.html,scripts/campaign-payment-smoke-safe.mjs
data-ff-email	4	apps/web/app/_quarantine/ui-core-safe-20260523021333/apps/web/app/templates/campaign/_checkout_sheet.html,apps/web/app/static/js/ff-app.js,apps/web/app/templates/_base/campaign_base.html,qa_campaign_playwright.mjs
data-ff-live	4	apps/web/app/_quarantine/ui-core-safe-20260523021333/apps/web/app/static/js/ff-distribution-v2.js,apps/web/app/static/js/ff-app.js,apps/web/app/templates/_base/campaign_base.html
data-ff-open-terms	4	apps/web/app/_quarantine/ui-core-safe-20260523021333/apps/web/app/templates/campaign/_checkout_sheet.html,apps/web/app/_quarantine/ui-core-safe-20260523021333/apps/web/app/templates/campaign/deprecated/_footer.html,apps/web/app/static/js/ff-app.js,apps/web/app/templates/_base/campaign_base.html
data-ff-open-privacy	4	apps/web/app/_quarantine/ui-core-safe-20260523021333/apps/web/app/templates/campaign/deprecated/_footer.html,apps/web/app/static/js/ff-app.js,apps/web/app/templates/_base/campaign_base.html,qa_campaign_playwright.mjs
data-ff-distribution-toolkit	4	apps/web/app/_quarantine/ui-core-safe-20260523021333/apps/web/app/static/js/ff-distribution-v2.js,apps/web/app/_quarantine/ui-core-safe-20260523021333/apps/web/app/templates/campaign/deprecated/_distribution.html,apps/web/app/templates/_base/campaign_base.html
data-ff-print-qr	4	apps/web/app/_quarantine/ui-core-safe-20260523021333/apps/web/app/static/js/ff-distribution-v2.js,apps/web/app/_quarantine/ui-core-safe-20260523021333/apps/web/app/templates/campaign/deprecated/_distribution.html,apps/web/app/templates/_base/campaign_base.html
data-ff-sms-link	4	apps/web/app/_quarantine/ui-core-safe-20260523021333/apps/web/app/templates/campaign/_campaign_trust_footer.html,apps/web/app/_quarantine/ui-core-safe-20260523021333/apps/web/app/templates/campaign/deprecated/_distribution.html,apps/web/app/templates/_base/campaign_base.html
data-ff-nav-link	4	apps/web/app/_quarantine/ui-core-safe-20260523021333/apps/web/app/templates/_partials/ff_site_header.html,apps/web/app/templates/_partials/ff_shell_header.html,scripts/tmp/ff_dashboard_runtime_inspect.mjs,scripts/tmp/ff_dashboard_unlocked_inspect.mjs
data-ff-dashboard-ops-footer	4	backups/dashboard-css/dashboard.before-clean-authority-20260522083246.css,backups/dashboard-css/dashboard.before-single-authority-20260522084642.css
data-ff-tone	4	backups/css/onboarding.css.pre-clean-authority-20260522094311.css,backups/css/onboarding.css.pre-command-overlap-fix-20260522094648.css
data-ff-text-to-donate	4	apps/web/app/_quarantine/ui-core-safe-20260523021333/apps/web/app/static/css/onboarding.bundle.css,apps/web/app/static/css/onboarding.css
data-ff-cinematic-toast	4	.ff_backups/homepage-launch-authority-v1-20260515231037/apps/web/app/static/js/ff-cinematic.js,apps/web/app/_quarantine/ui-core-safe-20260523021333/apps/web/app/static/js/ff-cinematic.js
data-ff-cinematic-dock	4	.ff_backups/homepage-launch-authority-v1-20260515231037/apps/web/app/static/js/ff-cinematic.js,apps/web/app/_quarantine/ui-core-safe-20260523021333/apps/web/app/static/js/ff-cinematic.js
data-ff-copy-state	4	apps/web/app/static/js/ff-operator-dashboard.js
data-ff-checkout-direct-busy	4	apps/web/app/static/js/ff-checkout-direct.js
data-ff-payment-status	4	apps/web/app/_quarantine/ui-core-safe-20260523021333/apps/web/app/static/js/ff-campaign-amount-guard.js,apps/web/app/_quarantine/ui-core-safe-20260523021333/apps/web/app/static/js/ff-campaign-flagship-enhance.js,apps/web/app/_quarantine/ui-core-safe-20260523021333/apps/web/app/static/js/ff-donation-modal-v2.js
data-ff-sponsor-lane	4	apps/web/app/_quarantine/ui-core-safe-20260523021333/apps/web/app/static/js/ff-campaign-flagship-enhance.js
data-ff-sponsors	4	apps/web/app/_quarantine/ui-core-safe-20260523021333/apps/web/app/static/js/ff-campaign-flagship-enhance.js
data-ff-operator-action	3	.ff_backups/locked-dashboard-brand-source-v6-20260516110456/apps/web/app/templates/platform/dashboard_locked.html
data-ff-js	3	.ff_backups/cinematic-launch-os-20260515152029/apps/web/app/templates/campaign/index.html,tmp/ff-css-authority-final-backups/20260507-111134/apps/web/app/templates/campaign/index.html,tmp/ff-css-authority-final-backups/20260507-111134/apps/web/app/templates/platform/index.html
data-ff-raised	3	.ff_backups/cinematic-launch-os-20260515152029/apps/web/app/templates/campaign/index.html,apps/web/app/_quarantine/ui-core-safe-20260523021333/apps/web/app/static/js/ff-campaign-flagship-enhance.js,tmp/ff-css-authority-final-backups/20260507-111134/apps/web/app/templates/campaign/index.html
data-ff-goal	3	.ff_backups/cinematic-launch-os-20260515152029/apps/web/app/templates/campaign/index.html,apps/web/app/_quarantine/ui-core-safe-20260523021333/apps/web/app/static/js/ff-campaign-flagship-enhance.js,tmp/ff-css-authority-final-backups/20260507-111134/apps/web/app/templates/campaign/index.html
data-ff-progress-percent	3	.ff_backups/cinematic-launch-os-20260515152029/apps/web/app/templates/campaign/index.html,apps/web/app/_quarantine/ui-core-safe-20260523021333/apps/web/app/static/js/ff-campaign-flagship-enhance.js,tmp/ff-css-authority-final-backups/20260507-111134/apps/web/app/templates/campaign/index.html
data-ff-team-media-item	3	.ff_backups/cinematic-launch-os-20260515152029/apps/web/app/templates/campaign/index.html,apps/web/app/_quarantine/ui-core-safe-20260523021333/apps/web/app/static/js/ff-team-media-proof.js,tmp/ff-css-authority-final-backups/20260507-111134/apps/web/app/templates/campaign/index.html
data-ff-checkout-preset	3	.ff_backups/cinematic-launch-os-20260515152029/apps/web/app/templates/campaign/index.html,apps/web/app/_quarantine/ui-core-safe-20260523021333/apps/web/app/static/js/ff-donation-modal-v2.js,tmp/ff-css-authority-final-backups/20260507-111134/apps/web/app/templates/campaign/index.html
data-ff-payment-loading	3	.ff_backups/cinematic-launch-os-20260515152029/apps/web/app/templates/campaign/index.html,apps/web/app/_quarantine/ui-core-safe-20260523021333/apps/web/app/static/js/ff-payment-provider-status.js,tmp/ff-css-authority-final-backups/20260507-111134/apps/web/app/templates/campaign/index.html
data-ff-payment-error	3	.ff_backups/cinematic-launch-os-20260515152029/apps/web/app/templates/campaign/index.html,apps/web/app/_quarantine/ui-core-safe-20260523021333/apps/web/app/static/js/ff-payment-provider-status.js,tmp/ff-css-authority-final-backups/20260507-111134/apps/web/app/templates/campaign/index.html
data-ff-provider-error	3	.ff_backups/cinematic-launch-os-20260515152029/apps/web/app/templates/campaign/index.html,apps/web/app/_quarantine/ui-core-safe-20260523021333/apps/web/app/static/js/ff-payment-provider-status.js,tmp/ff-css-authority-final-backups/20260507-111134/apps/web/app/templates/campaign/index.html
data-ff-provider-error-message	3	.ff_backups/cinematic-launch-os-20260515152029/apps/web/app/templates/campaign/index.html,apps/web/app/_quarantine/ui-core-safe-20260523021333/apps/web/app/static/js/ff-payment-provider-status.js,tmp/ff-css-authority-final-backups/20260507-111134/apps/web/app/templates/campaign/index.html
data-ff-sponsor-modal-summary	3	.ff_backups/cinematic-launch-os-20260515152029/apps/web/app/templates/campaign/index.html,apps/web/app/templates/campaign/index.html,tmp/ff-css-authority-final-backups/20260507-111134/apps/web/app/templates/campaign/index.html
data-ff-sponsor-business-name	3	.ff_backups/cinematic-launch-os-20260515152029/apps/web/app/templates/campaign/index.html,apps/web/app/_quarantine/ui-core-safe-20260523021333/apps/web/app/static/js/ff-campaign-flagship-enhance.js,tmp/ff-css-authority-final-backups/20260507-111134/apps/web/app/templates/campaign/index.html
data-ff-sponsor-contact-name	3	.ff_backups/cinematic-launch-os-20260515152029/apps/web/app/templates/campaign/index.html,apps/web/app/_quarantine/ui-core-safe-20260523021333/apps/web/app/static/js/ff-campaign-flagship-enhance.js,tmp/ff-css-authority-final-backups/20260507-111134/apps/web/app/templates/campaign/index.html
data-ff-sponsor-website	3	.ff_backups/cinematic-launch-os-20260515152029/apps/web/app/templates/campaign/index.html,apps/web/app/_quarantine/ui-core-safe-20260523021333/apps/web/app/static/js/ff-campaign-flagship-enhance.js,tmp/ff-css-authority-final-backups/20260507-111134/apps/web/app/templates/campaign/index.html
data-ff-sponsor-display-preference	3	.ff_backups/cinematic-launch-os-20260515152029/apps/web/app/templates/campaign/index.html,apps/web/app/_quarantine/ui-core-safe-20260523021333/apps/web/app/static/js/ff-campaign-flagship-enhance.js,tmp/ff-css-authority-final-backups/20260507-111134/apps/web/app/templates/campaign/index.html
data-ff-save-note	3	apps/web/app/static/js/ff-onboarding.js,apps/web/app/templates/platform/onboarding.html
data-ff-dashboard-locked-root	3	apps/web/app/templates/platform/dashboard_locked.html,scripts/audit/ff_premium_demo_readiness_audit.mjs,scripts/tmp/ff_dashboard_runtime_inspect.mjs
data-ff-sponsor-status	3	apps/web/app/static/js/ff-app.js,apps/web/app/templates/_base/campaign_base.html,apps/web/app/templates/campaign/_modals.html
data-ff-sponsor-error	3	apps/web/app/static/js/ff-app.js,apps/web/app/templates/_base/campaign_base.html,apps/web/app/templates/campaign/_modals.html
data-ff-sponsor-success	3	apps/web/app/static/js/ff-app.js,apps/web/app/templates/_base/campaign_base.html,apps/web/app/templates/campaign/_modals.html
data-ff-video-panel	3	apps/web/app/static/js/ff-app.js,apps/web/app/templates/_base/campaign_base.html,apps/web/app/templates/campaign/_modals.html
data-ff-video-frame	3	apps/web/app/static/js/ff-app.js,apps/web/app/templates/_base/campaign_base.html,apps/web/app/templates/campaign/_modals.html
data-ff-video-mount	3	apps/web/app/static/js/ff-app.js,apps/web/app/templates/_base/campaign_base.html,apps/web/app/templates/campaign/_modals.html
data-ff-video-status	3	apps/web/app/static/js/ff-app.js,apps/web/app/templates/_base/campaign_base.html,apps/web/app/templates/campaign/_modals.html
data-ff-onboard-email	3	apps/web/app/_quarantine/ui-core-safe-20260523021333/apps/web/app/static/js/islands/onboarding.js,apps/web/app/static/js/ff-app.js,apps/web/app/templates/campaign/_modals.html
data-ff-onboard-summary	3	apps/web/app/_quarantine/ui-core-safe-20260523021333/apps/web/app/static/js/islands/onboarding.js,apps/web/app/static/js/ff-app.js,apps/web/app/templates/campaign/_modals.html
data-ff-onboard-status	3	apps/web/app/_quarantine/ui-core-safe-20260523021333/apps/web/app/static/js/islands/onboarding.js,apps/web/app/static/js/ff-app.js,apps/web/app/templates/campaign/_modals.html
data-ff-onboard-result	3	apps/web/app/_quarantine/ui-core-safe-20260523021333/apps/web/app/static/js/islands/onboarding.js,apps/web/app/static/js/ff-app.js,apps/web/app/templates/campaign/_modals.html
data-ff-onboard-finish	3	apps/web/app/_quarantine/ui-core-safe-20260523021333/apps/web/app/static/js/islands/onboarding.js,apps/web/app/static/js/ff-app.js,apps/web/app/templates/campaign/_modals.html
data-ff-checkout-viewport	3	apps/web/app/_quarantine/ui-core-safe-20260523021333/apps/web/app/templates/campaign/_checkout_sheet.html,apps/web/app/static/js/ff-app.js,apps/web/app/templates/_base/campaign_base.html
data-ff-checkout-content	3	apps/web/app/_quarantine/ui-core-safe-20260523021333/apps/web/app/templates/campaign/_checkout_sheet.html,apps/web/app/static/js/ff-app.js,apps/web/app/templates/_base/campaign_base.html
data-ff-checkout-scroll	3	apps/web/app/_quarantine/ui-core-safe-20260523021333/apps/web/app/templates/campaign/_checkout_sheet.html,apps/web/app/static/js/ff-app.js,apps/web/app/templates/_base/campaign_base.html
data-ff-checkout-status	3	apps/web/app/_quarantine/ui-core-safe-20260523021333/apps/web/app/templates/campaign/_checkout_sheet.html,apps/web/app/static/js/ff-app.js,apps/web/app/templates/_base/campaign_base.html
data-ff-message	3	apps/web/app/_quarantine/ui-core-safe-20260523021333/apps/web/app/templates/campaign/_checkout_sheet.html,apps/web/app/static/js/ff-app.js,apps/web/app/templates/_base/campaign_base.html
data-ff-payment-element	3	apps/web/app/_quarantine/ui-core-safe-20260523021333/apps/web/app/templates/campaign/_checkout_sheet.html,apps/web/app/static/js/ff-app.js,apps/web/app/templates/_base/campaign_base.html
data-ff-action-dock	3	apps/web/app/_quarantine/ui-core-safe-20260523021333/apps/web/app/templates/campaign/_hero.html,apps/web/app/_quarantine/ui-core-safe-20260523021333/apps/web/app/templates/campaign/deprecated/_hero.html,apps/web/app/templates/_base/campaign_base.html
data-ff-copy-qr	3	apps/web/app/_quarantine/ui-core-safe-20260523021333/apps/web/app/templates/campaign/deprecated/_distribution.html,apps/web/app/templates/_base/campaign_base.html
data-ff-home-console	3	scripts/qa_homepage_smoke.mjs,scripts/verify-homepage-launch.mjs,tmp/ff-css-authority-final-backups/20260507-111134/apps/web/app/templates/platform/index.html
data-ff-open	3	scripts/campaign-payment-smoke.mjs
data-ff-brand-contract-saved	3	apps/web/app/static/js/ff-onboarding.js,scripts/hoi/hoi_6i_brand_kit_contract_proof.mjs
data-ff-checkout-pending	3	apps/web/app/static/js/ff-checkout-direct.js
data-ff-media-error	3	apps/web/app/_quarantine/ui-core-safe-20260523021333/apps/web/app/static/js/ff-team-media-proof.js
data-ff-sponsor-amount-label	3	apps/web/app/_quarantine/ui-core-safe-20260523021333/apps/web/app/static/js/ff-campaign-amount-guard.js,apps/web/app/_quarantine/ui-core-safe-20260523021333/apps/web/app/static/js/ff-campaign-launch-guard-v2.js
data-ff-post-action-trust	3	scripts/audit/ff_post_action_trust_audit.mjs
data-ff-analytics-scope	2	.ff_backups/cinematic-launch-os-20260515152029/apps/web/app/templates/campaign/index.html,tmp/ff-css-authority-final-backups/20260507-111134/apps/web/app/templates/campaign/index.html
data-ff-percent	2	.ff_backups/cinematic-launch-os-20260515152029/apps/web/app/templates/campaign/index.html,tmp/ff-css-authority-final-backups/20260507-111134/apps/web/app/templates/campaign/index.html
data-ff-runtime	2	.ff_backups/cinematic-launch-os-20260515152029/apps/web/app/templates/campaign/index.html,tmp/ff-css-authority-final-backups/20260507-111134/apps/web/app/templates/campaign/index.html
data-ff-main	2	.ff_backups/cinematic-launch-os-20260515152029/apps/web/app/templates/campaign/index.html,tmp/ff-css-authority-final-backups/20260507-111134/apps/web/app/templates/campaign/index.html
data-ff-payment-share	2	.ff_backups/cinematic-launch-os-20260515152029/apps/web/app/templates/campaign/index.html,tmp/ff-css-authority-final-backups/20260507-111134/apps/web/app/templates/campaign/index.html
data-ff-hero-version	2	.ff_backups/cinematic-launch-os-20260515152029/apps/web/app/templates/campaign/index.html,tmp/ff-css-authority-final-backups/20260507-111134/apps/web/app/templates/campaign/index.html
data-ff-hero-layout	2	.ff_backups/cinematic-launch-os-20260515152029/apps/web/app/templates/campaign/index.html,tmp/ff-css-authority-final-backups/20260507-111134/apps/web/app/templates/campaign/index.html
data-ff-hero-stage	2	.ff_backups/cinematic-launch-os-20260515152029/apps/web/app/templates/campaign/index.html,tmp/ff-css-authority-final-backups/20260507-111134/apps/web/app/templates/campaign/index.html
data-ff-hero-copy	2	.ff_backups/cinematic-launch-os-20260515152029/apps/web/app/templates/campaign/index.html,tmp/ff-css-authority-final-backups/20260507-111134/apps/web/app/templates/campaign/index.html
data-ff-story-version	2	.ff_backups/cinematic-launch-os-20260515152029/apps/web/app/templates/campaign/index.html,tmp/ff-css-authority-final-backups/20260507-111134/apps/web/app/templates/campaign/index.html
data-ff-team-media	2	.ff_backups/cinematic-launch-os-20260515152029/apps/web/app/templates/campaign/index.html,tmp/ff-css-authority-final-backups/20260507-111134/apps/web/app/templates/campaign/index.html
data-ff-team-media-version	2	.ff_backups/cinematic-launch-os-20260515152029/apps/web/app/templates/campaign/index.html,tmp/ff-css-authority-final-backups/20260507-111134/apps/web/app/templates/campaign/index.html
data-ff-team-media-gallery	2	.ff_backups/cinematic-launch-os-20260515152029/apps/web/app/templates/campaign/index.html,tmp/ff-css-authority-final-backups/20260507-111134/apps/web/app/templates/campaign/index.html
data-ff-media-index	2	.ff_backups/cinematic-launch-os-20260515152029/apps/web/app/templates/campaign/index.html,tmp/ff-css-authority-final-backups/20260507-111134/apps/web/app/templates/campaign/index.html
data-ff-impact-version	2	.ff_backups/cinematic-launch-os-20260515152029/apps/web/app/templates/campaign/index.html,tmp/ff-css-authority-final-backups/20260507-111134/apps/web/app/templates/campaign/index.html
data-ff-budget-summary	2	.ff_backups/cinematic-launch-os-20260515152029/apps/web/app/templates/campaign/index.html,tmp/ff-css-authority-final-backups/20260507-111134/apps/web/app/templates/campaign/index.html
data-ff-goal-amount	2	.ff_backups/cinematic-launch-os-20260515152029/apps/web/app/templates/campaign/index.html,tmp/ff-css-authority-final-backups/20260507-111134/apps/web/app/templates/campaign/index.html
data-ff-impact-list	2	.ff_backups/cinematic-launch-os-20260515152029/apps/web/app/templates/campaign/index.html,tmp/ff-css-authority-final-backups/20260507-111134/apps/web/app/templates/campaign/index.html
data-ff-impact-item	2	.ff_backups/cinematic-launch-os-20260515152029/apps/web/app/templates/campaign/index.html,tmp/ff-css-authority-final-backups/20260507-111134/apps/web/app/templates/campaign/index.html
data-ff-budget-disclosure	2	.ff_backups/cinematic-launch-os-20260515152029/apps/web/app/templates/campaign/index.html,tmp/ff-css-authority-final-backups/20260507-111134/apps/web/app/templates/campaign/index.html
data-ff-pathway-version	2	.ff_backups/cinematic-launch-os-20260515152029/apps/web/app/templates/campaign/index.html,tmp/ff-css-authority-final-backups/20260507-111134/apps/web/app/templates/campaign/index.html
data-ff-pathway	2	.ff_backups/cinematic-launch-os-20260515152029/apps/web/app/templates/campaign/index.html,tmp/ff-css-authority-final-backups/20260507-111134/apps/web/app/templates/campaign/index.html
data-ff-sponsor-studio	2	.ff_backups/cinematic-launch-os-20260515152029/apps/web/app/templates/campaign/index.html,tmp/ff-css-authority-final-backups/20260507-111134/apps/web/app/templates/campaign/index.html
data-ff-sponsor-preview-benefits	2	.ff_backups/cinematic-launch-os-20260515152029/apps/web/app/templates/campaign/index.html,tmp/ff-css-authority-final-backups/20260507-111134/apps/web/app/templates/campaign/index.html
data-ff-sponsor-selected	2	.ff_backups/cinematic-launch-os-20260515152029/apps/web/app/templates/campaign/index.html,tmp/ff-css-authority-final-backups/20260507-111134/apps/web/app/templates/campaign/index.html
data-ff-sponsor-preview-claim	2	.ff_backups/cinematic-launch-os-20260515152029/apps/web/app/templates/campaign/index.html,tmp/ff-css-authority-final-backups/20260507-111134/apps/web/app/templates/campaign/index.html
data-ff-sponsor-packages	2	.ff_backups/cinematic-launch-os-20260515152029/apps/web/app/templates/campaign/index.html,tmp/ff-css-authority-final-backups/20260507-111134/apps/web/app/templates/campaign/index.html
data-ff-sponsor-summary	2	.ff_backups/cinematic-launch-os-20260515152029/apps/web/app/templates/campaign/index.html,tmp/ff-css-authority-final-backups/20260507-111134/apps/web/app/templates/campaign/index.html
data-ff-sponsor-safety	2	.ff_backups/cinematic-launch-os-20260515152029/apps/web/app/templates/campaign/index.html,tmp/ff-css-authority-final-backups/20260507-111134/apps/web/app/templates/campaign/index.html
data-ff-footer	2	.ff_backups/cinematic-launch-os-20260515152029/apps/web/app/templates/campaign/index.html,tmp/ff-css-authority-final-backups/20260507-111134/apps/web/app/templates/campaign/index.html
data-ff-footer-version	2	.ff_backups/cinematic-launch-os-20260515152029/apps/web/app/templates/campaign/index.html,tmp/ff-css-authority-final-backups/20260507-111134/apps/web/app/templates/campaign/index.html
data-ff-mobile-donation-rail	2	.ff_backups/cinematic-launch-os-20260515152029/apps/web/app/templates/campaign/index.html,tmp/ff-css-authority-final-backups/20260507-111134/apps/web/app/templates/campaign/index.html
data-ff-checkout-endpoint	2	.ff_backups/cinematic-launch-os-20260515152029/apps/web/app/templates/campaign/index.html,tmp/ff-css-authority-final-backups/20260507-111134/apps/web/app/templates/campaign/index.html
data-ff-checkout-presets	2	.ff_backups/cinematic-launch-os-20260515152029/apps/web/app/templates/campaign/index.html,tmp/ff-css-authority-final-backups/20260507-111134/apps/web/app/templates/campaign/index.html
data-ff-provider-state	2	.ff_backups/cinematic-launch-os-20260515152029/apps/web/app/templates/campaign/index.html,tmp/ff-css-authority-final-backups/20260507-111134/apps/web/app/templates/campaign/index.html
data-ff-sponsor-lead-endpoint	2	.ff_backups/cinematic-launch-os-20260515152029/apps/web/app/templates/campaign/index.html,tmp/ff-css-authority-final-backups/20260507-111134/apps/web/app/templates/campaign/index.html
data-ff-page-body	2	apps/web/app/templates/platform/dashboard.html,apps/web/app/templates/platform/dashboard_locked.html
data-ff-color-primary	2	apps/web/app/static/js/ff-onboarding.js,apps/web/app/templates/platform/onboarding.html
data-ff-color-accent	2	apps/web/app/static/js/ff-onboarding.js,apps/web/app/templates/platform/onboarding.html
data-ff-color-soft	2	apps/web/app/static/js/ff-onboarding.js,apps/web/app/templates/platform/onboarding.html
data-ff-sponsor-package-key	2	apps/web/app/templates/platform/_sponsor_package_preview.html,apps/web/app/templates/platform/_sponsor_queue_preview.html
data-ff-shell	2	apps/web/app/templates/_base/campaign_base.html,apps/web/app/templates/platform/index.html
data-ff-onboard-copy	2	apps/web/app/static/js/ff-app.js,apps/web/app/templates/campaign/_modals.html
data-ff-onboard-prev	2	apps/web/app/static/js/ff-app.js,apps/web/app/templates/campaign/_modals.html
data-ff-onboard-next	2	apps/web/app/static/js/ff-app.js,apps/web/app/templates/campaign/_modals.html
data-ff-campaign-css-authority	2	apps/web/app/templates/campaign/index.html,scripts/verify/ff_css_v1_authority_check.mjs
data-ff-theme-toggle	2	apps/web/app/static/js/ff-app.js,apps/web/app/templates/_base/campaign_base.html
data-ff-open-video	2	apps/web/app/static/js/ff-app.js,apps/web/app/templates/_base/campaign_base.html
data-ff-backtotop	2	apps/web/app/static/js/ff-app.js,apps/web/app/templates/_base/campaign_base.html
data-ff-tabs	2	apps/web/app/static/js/ff-app.js,apps/web/app/templates/_base/campaign_base.html
data-ff-impact-ledger	2	apps/web/app/_quarantine/ui-core-safe-20260523021333/apps/web/app/templates/campaign/deprecated/_story.html,apps/web/app/templates/_base/campaign_base.html
data-ff-qr-card	2	apps/web/app/_quarantine/ui-core-safe-20260523021333/apps/web/app/templates/campaign/deprecated/_distribution.html,apps/web/app/templates/_base/campaign_base.html
data-ff-qr-canvas	2	apps/web/app/_quarantine/ui-core-safe-20260523021333/apps/web/app/templates/campaign/deprecated/_distribution.html,apps/web/app/templates/_base/campaign_base.html
data-ff-data-mode	2	apps/web/app/_quarantine/ui-core-safe-20260523021333/apps/web/app/templates/_base/platform_base.html,apps/web/app/templates/_base/campaign_base.html
data-ff-canonical	2	apps/web/app/_quarantine/ui-core-safe-20260523021333/apps/web/app/templates/_base/platform_base.html,apps/web/app/templates/_base/campaign_base.html
data-ff-text-keyword	2	apps/web/app/_quarantine/ui-core-safe-20260523021333/apps/web/app/templates/campaign/deprecated/_distribution.html,apps/web/app/templates/_base/campaign_base.html
data-ff-text-number	2	apps/web/app/_quarantine/ui-core-safe-20260523021333/apps/web/app/templates/campaign/deprecated/_distribution.html,apps/web/app/templates/_base/campaign_base.html
data-ff-checkout-direct-js	2	apps/web/app/templates/_base/campaign_base.html,scripts/audit/ff_checkout_continue_ux_audit.mjs
data-ff-text-donate-preview	2	apps/web/app/static/js/ff-launch-completion.js,apps/web/app/templates/_partials/ff_onboarding_text_to_donate.html
data-ff-live-message	2	apps/web/app/_quarantine/ui-core-safe-20260523021333/apps/web/app/static/js/ff-campaign-live-fomo.js,apps/web/app/_quarantine/ui-core-safe-20260523021333/apps/web/app/templates/campaign/_campaign_hero.html
data-ff-live-viewers	2	apps/web/app/_quarantine/ui-core-safe-20260523021333/apps/web/app/static/js/ff-campaign-live-fomo.js,apps/web/app/_quarantine/ui-core-safe-20260523021333/apps/web/app/templates/campaign/_campaign_hero.html
data-ff-soft-urgency	2	apps/web/app/_quarantine/ui-core-safe-20260523021333/apps/web/app/static/js/ff-campaign-live-fomo.js,apps/web/app/_quarantine/ui-core-safe-20260523021333/apps/web/app/templates/campaign/_campaign_hero.html
data-ff-hero-capsule	2	apps/web/app/_quarantine/ui-core-safe-20260523021333/apps/web/app/templates/campaign/_hero.html,apps/web/app/_quarantine/ui-core-safe-20260523021333/apps/web/app/templates/campaign/deprecated/_hero.html
data-ff-donation-preview-form	2	apps/web/app/_quarantine/ui-core-safe-20260523021333/apps/web/app/templates/campaign/_hero.html,apps/web/app/_quarantine/ui-core-safe-20260523021333/apps/web/app/templates/campaign/deprecated/_hero.html
data-ff-donation-preview-amount	2	apps/web/app/_quarantine/ui-core-safe-20260523021333/apps/web/app/templates/campaign/_hero.html,apps/web/app/_quarantine/ui-core-safe-20260523021333/apps/web/app/templates/campaign/deprecated/_hero.html
data-ff-momentum	2	apps/web/app/_quarantine/ui-core-safe-20260523021333/apps/web/app/static/js/ff.momentum.js,apps/web/app/_quarantine/ui-core-safe-20260523021333/apps/web/app/templates/campaign/_campaign_momentum_bar.html
data-ff-primary-nav	2	apps/web/app/_quarantine/ui-core-safe-20260523021333/apps/web/app/templates/_partials/ff_site_header.html,scripts/verify-header-convergence.mjs
data-ff-header-action	2	apps/web/app/_quarantine/ui-core-safe-20260523021333/apps/web/app/templates/_partials/ff_site_header.html
data-ff-mobile-header-action	2	apps/web/app/_quarantine/ui-core-safe-20260523021333/apps/web/app/templates/_partials/ff_site_header.html
data-ff-text-to-donate-card	2	apps/web/app/_quarantine/ui-core-safe-20260523021333/apps/web/app/static/js/ff-campaign-enterprise.js,apps/web/app/_quarantine/ui-core-safe-20260523021333/apps/web/app/templates/_partials/ff_text_to_donate_card.html
data-ff-text-donate-action	2	apps/web/app/_quarantine/ui-core-safe-20260523021333/apps/web/app/templates/_partials/ff_text_to_donate_card.html
data-ff-program-proof	2	apps/web/app/_quarantine/ui-core-safe-20260523021333/apps/web/app/static/js/ff-program-proof-v2.js,apps/web/app/_quarantine/ui-core-safe-20260523021333/apps/web/app/templates/campaign/deprecated/_teams.html
data-ff-program-proof-open	2	apps/web/app/_quarantine/ui-core-safe-20260523021333/apps/web/app/static/js/ff-program-proof-v2.js,apps/web/app/_quarantine/ui-core-safe-20260523021333/apps/web/app/templates/campaign/deprecated/_teams.html
data-ff-program-panel	2	apps/web/app/_quarantine/ui-core-safe-20260523021333/apps/web/app/static/js/ff-program-proof-v2.js,apps/web/app/_quarantine/ui-core-safe-20260523021333/apps/web/app/templates/campaign/deprecated/_teams.html
data-ff-program-image	2	apps/web/app/_quarantine/ui-core-safe-20260523021333/apps/web/app/static/js/ff-program-proof-v2.js,apps/web/app/_quarantine/ui-core-safe-20260523021333/apps/web/app/templates/campaign/deprecated/_teams.html
data-ff-program-tab	2	apps/web/app/_quarantine/ui-core-safe-20260523021333/apps/web/app/static/js/ff-program-proof-v2.js,apps/web/app/_quarantine/ui-core-safe-20260523021333/apps/web/app/templates/campaign/deprecated/_teams.html
data-ff-program-story	2	apps/web/app/_quarantine/ui-core-safe-20260523021333/apps/web/app/static/js/ff-program-proof-v2.js,apps/web/app/_quarantine/ui-core-safe-20260523021333/apps/web/app/templates/campaign/deprecated/_teams.html
data-ff-qr-fallback	2	apps/web/app/_quarantine/ui-core-safe-20260523021333/apps/web/app/static/js/ff-distribution-v2.js,apps/web/app/_quarantine/ui-core-safe-20260523021333/apps/web/app/templates/campaign/deprecated/_distribution.html
data-ff-distribution-preview	2	apps/web/app/_quarantine/ui-core-safe-20260523021333/apps/web/app/static/js/ff-distribution-v2.js,apps/web/app/_quarantine/ui-core-safe-20260523021333/apps/web/app/templates/campaign/deprecated/_distribution.html
data-ff-copy-parent-blurb	2	apps/web/app/_quarantine/ui-core-safe-20260523021333/apps/web/app/static/js/ff-distribution-v2.js,apps/web/app/_quarantine/ui-core-safe-20260523021333/apps/web/app/templates/campaign/deprecated/_distribution.html
data-ff-copy-sponsor-blurb	2	apps/web/app/_quarantine/ui-core-safe-20260523021333/apps/web/app/static/js/ff-distribution-v2.js,apps/web/app/_quarantine/ui-core-safe-20260523021333/apps/web/app/templates/campaign/deprecated/_distribution.html
data-ff-home-console-link	2	scripts/verify-homepage-launch.mjs,tmp/ff-css-authority-final-backups/20260507-111134/apps/web/app/templates/platform/index.html
data-ff-home-footer	2	scripts/verify-homepage-launch.mjs,tmp/ff-css-authority-final-backups/20260507-111134/apps/web/app/templates/platform/index.html
data-ff-selected	2	apps/web/app/static/js/ff-checkout-direct.js,scripts/campaign-payment-smoke.mjs
data-ff-ledger-trust	2	apps/web/app/_quarantine/ui-core-safe-20260523021333/apps/web/app/static/js/ff-campaign-flagship-enhance.js,scripts/qa_campaign_flagship_smoke.mjs
data-ff-qr	2	scripts/capture-campaign-modals.mjs,scripts/test_product_functionality.mjs
data-ff-sponsor-review-note	2	scripts/audit/ff_post_action_trust_audit.mjs,scripts/qa_trust_proof_visual.mjs
data-ff-checkout-continue	2	apps/web/app/static/js/ff-checkout-direct.js,scripts/verify-campaign-payments.mjs
data-ff-op-raised	2	apps/web/app/static/js/ff-operator-dashboard.js,scripts/qa_operator_dashboard_smoke.mjs
data-ff-events-list	2	apps/web/app/static/js/ff-operator-dashboard.js,scripts/qa_operator_dashboard_smoke.mjs
data-ff-export-csv	2	apps/web/app/static/js/ff-operator-dashboard.js,scripts/qa_operator_dashboard_smoke.mjs
data-ff-sponsor-label	2	.ff_backups/ff-header-hero-flagship-v15-20260515213317/apps/web/app/static/js/ff-campaign.js,.ff_backups/final-compact-campaign-launch-20260515215629/apps/web/app/static/js/ff-campaign.js
data-ff-campaign-config	2	.ff_backups/homepage-launch-authority-v1-20260515231037/apps/web/app/static/js/ff-cinematic.js,apps/web/app/_quarantine/ui-core-safe-20260523021333/apps/web/app/static/js/ff-cinematic.js
data-ff-open-share	2	.ff_backups/homepage-launch-authority-v1-20260515231037/apps/web/app/static/js/ff-cinematic.js,apps/web/app/_quarantine/ui-core-safe-20260523021333/apps/web/app/static/js/ff-cinematic.js
data-ff-ledger-summary	2	.ff_backups/homepage-launch-authority-v1-20260515231037/apps/web/app/static/js/ff-cinematic.js,apps/web/app/_quarantine/ui-core-safe-20260523021333/apps/web/app/static/js/ff-cinematic.js
data-ff-cinematic-ready	2	.ff_backups/homepage-launch-authority-v1-20260515231037/apps/web/app/static/js/ff-cinematic.js,apps/web/app/_quarantine/ui-core-safe-20260523021333/apps/web/app/static/js/ff-cinematic.js
data-ff-open-onboard	2	apps/web/app/_quarantine/ui-core-safe-20260523021333/apps/web/app/static/js/islands/onboarding.js,apps/web/app/static/js/ff-app.js
data-ff-sponsor-tier-value	2	apps/web/app/_quarantine/ui-core-safe-20260523021333/apps/web/app/static/js/islands/sponsor.js,apps/web/app/static/js/ff-app.js
data-ff-sponsor-panel	2	apps/web/app/static/js/ff-campaign-enterprise-contract.js
data-ff-enterprise-contract	2	apps/web/app/static/js/ff-campaign-enterprise-contract.js,scripts/tmp/ff_sponsor_runtime_probe.mjs
data-ff-donor-email	2	apps/web/app/static/js/ff-checkout-direct.js,tmp/embedded-repair/ff-embedded-checkout.broken.20260505-201640.js
data-ff-checkout-direct-status	2	apps/web/app/static/js/ff-checkout-direct.js
data-ff-checkout-pending-until	2	apps/web/app/static/js/ff-checkout-direct.js
data-ff-intel-section	2	apps/web/app/_quarantine/ui-core-safe-20260523021333/apps/web/app/static/js/ff-campaign-intel.js
data-ff-media-loaded	2	apps/web/app/_quarantine/ui-core-safe-20260523021333/apps/web/app/static/js/ff-team-media-proof.js
data-ff-mobile-drawer-trigger	2	apps/web/app/_quarantine/ui-core-safe-20260523021333/apps/web/app/static/js/ff-campaign-flagship-enhance.js
data-ff-onboard-score	2	apps/web/app/_quarantine/ui-core-safe-20260523021333/apps/web/app/static/js/islands/onboarding.js,scripts/audit/platform-ops-hardening.mjs
data-ff-share-open	2	scripts/audit/ff_share_qr_dom_probe.mjs
data-ff-operator-token	1	apps/web/app/templates/platform/dashboard.html
data-ff-dashboard-template	1	apps/web/app/templates/platform/dashboard.html
data-ff-dashboard-server-layout	1	apps/web/app/templates/platform/dashboard.html
data-ff-dashboard-momentum	1	apps/web/app/templates/platform/dashboard.html
data-ff-dashboard-operations	1	apps/web/app/templates/platform/dashboard.html
data-ff-operator-dashboard-js	1	apps/web/app/templates/platform/dashboard.html
data-ff-onboarding-template	1	apps/web/app/templates/platform/onboarding.html
data-ff-theme-picker	1	apps/web/app/templates/platform/onboarding.html
data-ff-theme-preview	1	apps/web/app/templates/platform/onboarding.html
data-ff-login-template	1	apps/web/app/templates/platform/login.html
data-ff-login-authority	1	apps/web/app/templates/platform/login.html
data-ff-login-premium-pass	1	apps/web/app/templates/platform/login.html
data-ff-login-js	1	apps/web/app/templates/platform/login.html
data-ff-dashboard-core-css	1	apps/web/app/templates/platform/dashboard_locked.html
data-ff-sponsor-package-name	1	apps/web/app/templates/platform/_sponsor_package_preview.html
data-ff-sponsor-package-amount	1	apps/web/app/templates/platform/_sponsor_package_preview.html
data-ff-provider-readiness	1	apps/web/app/templates/platform/_provider_readiness_panel.html
data-ff-provider-readiness-v2	1	apps/web/app/templates/platform/_provider_readiness_panel.html
data-ff-sponsor-queue-package	1	apps/web/app/templates/platform/_sponsor_queue_preview.html
data-ff-platform-template	1	apps/web/app/templates/platform/index.html
data-ff-home-copy-contract	1	apps/web/app/templates/platform/index.html
data-ff-app-js	1	apps/web/app/templates/platform/index.html
data-ff-polish-version	1	apps/web/app/templates/campaign/index.html
data-ff-page-css-preload	1	apps/web/app/templates/campaign/index.html
data-ff-checkout-form	1	apps/web/app/templates/campaign/index.html
data-ff-sponsor-selected-package	1	apps/web/app/templates/campaign/index.html
data-ff-sponsor-modal-form	1	apps/web/app/templates/campaign/index.html
data-ff-sponsor-modal-submit	1	apps/web/app/templates/campaign/index.html
data-ff-enterprise-contract-script	1	apps/web/app/templates/campaign/index.html
data-ff-css	1	apps/web/app/templates/_base/site_base.html
data-ff-command-card	1	apps/web/app/templates/_base/campaign_base.html
data-ff-download-qr	1	apps/web/app/templates/_base/campaign_base.html
data-ff-org-name	1	apps/web/app/templates/_base/campaign_base.html
data-ff-campaign-name	1	apps/web/app/templates/_base/campaign_base.html
data-ff-currency	1	apps/web/app/templates/_base/campaign_base.html
data-ff-asset-version	1	apps/web/app/templates/_base/campaign_base.html
data-ff-page-surface	1	apps/web/app/templates/_base/campaign_base.html
data-ff-config	1	apps/web/app/templates/_base/campaign_base.html
data-ff-sponsor-modal-contract-js	1	apps/web/app/templates/_base/campaign_base.html
data-ff-donation-payload-firewall-js	1	apps/web/app/templates/_base/campaign_base.html
data-ff-campaign-js	1	apps/web/app/templates/_base/campaign_base.html
data-ff-campaign-bridge-script	1	apps/web/app/templates/_base/campaign_base.html
data-ff-modal-state-contract	1	apps/web/app/templates/_base/campaign_base.html
data-ff-hero-live-activity	1	apps/web/app/_quarantine/ui-core-safe-20260523021333/apps/web/app/templates/campaign/_campaign_hero.html
data-ff-campaign-momentum-section	1	apps/web/app/_quarantine/ui-core-safe-20260523021333/apps/web/app/templates/campaign/_campaign_momentum_bar.html
data-ff-header-version	1	apps/web/app/_quarantine/ui-core-safe-20260523021333/apps/web/app/templates/_partials/ff_site_header.html
data-ff-platform-header	1	apps/web/app/_quarantine/ui-core-safe-20260523021333/apps/web/app/templates/_partials/ff_site_header.html
data-ff-brand-mark	1	apps/web/app/_quarantine/ui-core-safe-20260523021333/apps/web/app/templates/_partials/ff_site_header.html
data-ff-brand-copy	1	apps/web/app/_quarantine/ui-core-safe-20260523021333/apps/web/app/templates/_partials/ff_site_header.html
data-ff-brand-name	1	apps/web/app/_quarantine/ui-core-safe-20260523021333/apps/web/app/templates/_partials/ff_site_header.html
data-ff-brand-meta	1	apps/web/app/_quarantine/ui-core-safe-20260523021333/apps/web/app/templates/_partials/ff_site_header.html
data-ff-home-nav	1	apps/web/app/_quarantine/ui-core-safe-20260523021333/apps/web/app/templates/_partials/ff_site_header.html
data-ff-home-navigation	1	apps/web/app/_quarantine/ui-core-safe-20260523021333/apps/web/app/templates/_partials/ff_site_header.html
data-ff-mobile-nav	1	apps/web/app/_quarantine/ui-core-safe-20260523021333/apps/web/app/templates/_partials/ff_site_header.html
data-ff-mobile-nav-toggle	1	apps/web/app/_quarantine/ui-core-safe-20260523021333/apps/web/app/templates/_partials/ff_site_header.html
data-ff-mobile-nav-panel	1	apps/web/app/_quarantine/ui-core-safe-20260523021333/apps/web/app/templates/_partials/ff_site_header.html
data-ff-mobile-nav-links	1	apps/web/app/_quarantine/ui-core-safe-20260523021333/apps/web/app/templates/_partials/ff_site_header.html
data-ff-mobile-nav-link	1	apps/web/app/_quarantine/ui-core-safe-20260523021333/apps/web/app/templates/_partials/ff_site_header.html
data-ff-mobile-nav-actions	1	apps/web/app/_quarantine/ui-core-safe-20260523021333/apps/web/app/templates/_partials/ff_site_header.html
data-ff-support-methods-rail	1	apps/web/app/_quarantine/ui-core-safe-20260523021333/apps/web/app/templates/_partials/ff_support_methods_rail.html
data-ff-launch-mode	1	apps/web/app/_quarantine/ui-core-safe-20260523021333/apps/web/app/templates/_partials/ff_support_methods_rail.html
data-ff-mobile-donate-dock	1	apps/web/app/_quarantine/ui-core-safe-20260523021333/apps/web/app/templates/_partials/ff_mobile_donate_dock.html
data-ff-program-gallery	1	apps/web/app/_quarantine/ui-core-safe-20260523021333/apps/web/app/templates/campaign/deprecated/_teams.html
data-ff-impact-ledger-mini	1	apps/web/app/_quarantine/ui-core-safe-20260523021333/apps/web/app/templates/campaign/deprecated/_story.html
data-ff-trust-mini	1	apps/web/app/_quarantine/ui-core-safe-20260523021333/apps/web/app/templates/campaign/deprecated/_faq.html
data-ff-chrome	1	apps/web/app/_quarantine/ui-core-safe-20260523021333/apps/web/app/templates/campaign/deprecated/_chrome.html
data-ff-topbar	1	apps/web/app/_quarantine/ui-core-safe-20260523021333/apps/web/app/templates/campaign/deprecated/_chrome.html
data-ff-sponsor-mini	1	apps/web/app/_quarantine/ui-core-safe-20260523021333/apps/web/app/templates/campaign/deprecated/_sponsor_lane.html
data-ff-team-video-link	1	tmp/story-video-correction-backups/20260507-102556/apps/web/app/templates/campaign_premium.html
data-ff-team-video-placeholder	1	tmp/story-video-correction-backups/20260507-102556/apps/web/app/templates/campaign_premium.html
data-ff-home-header-demo-cta	1	tmp/ff-css-authority-final-backups/20260507-111134/apps/web/app/templates/platform/index.html
data-ff-blueprint-version	1	tmp/ff-css-authority-final-backups/20260507-111134/apps/web/app/templates/platform/index.html
data-ff-home-progress-static	1	tmp/ff-css-authority-final-backups/20260507-111134/apps/web/app/templates/platform/index.html
data-ff-home-campaign-cta	1	tmp/ff-css-authority-final-backups/20260507-111134/apps/web/app/templates/platform/index.html
data-ff-home-campaign-launch-cta	1	tmp/ff-css-authority-final-backups/20260507-111134/apps/web/app/templates/platform/index.html
data-ff-home-sponsor-package-cta	1	tmp/ff-css-authority-final-backups/20260507-111134/apps/web/app/templates/platform/index.html
data-ff-faq-version	1	tmp/ff-css-authority-final-backups/20260507-111134/apps/web/app/templates/campaign/index.html
data-ff-faq-list	1	tmp/ff-css-authority-final-backups/20260507-111134/apps/web/app/templates/campaign/index.html
data-ff-final-version	1	tmp/ff-css-authority-final-backups/20260507-111134/apps/web/app/templates/campaign/index.html
data-ff-share-version	1	tmp/ff-css-authority-final-backups/20260507-111134/apps/web/app/templates/campaign/index.html
data-ff-quick-amount	1	apps/web/app/static/css/campaign.css
data-ff-preset-amount	1	apps/web/app/static/css/campaign.css
data-ff-sponsor-selected-tier	1	apps/web/app/static/css/campaign.css
data-ff-amount-grid	1	apps/web/app/static/css/campaign.css
data-ff-metric-value	1	apps/web/app/static/css/ff.css
data-ff-logo	1	tmp/flagship-install-artifacts/ff.css
data-ff-donate-primary	1	scripts/campaign-payment-smoke.mjs
data-ff-home-campaign-preview	1	scripts/qa_homepage_smoke.mjs
data-ff-close-share	1	scripts/test_product_functionality.mjs
data-ff-open-qr	1	scripts/test_product_functionality.mjs
data-ff-share-qr	1	scripts/test_product_functionality.mjs
data-ff-offline-url	1	scripts/test_product_functionality.mjs
data-ff-demo-metric-disclosure	1	scripts/qa_trust_proof_visual.mjs
data-ff-stale-island-blocked	1	apps/web/app/static/js/ff-app.js
data-ff-close	1	apps/web/app/static/js/ff-app.js
data-ff-video-src	1	apps/web/app/static/js/ff-app.js
data-ff-sponsor-drawer	1	apps/web/app/static/js/ff-campaign-enterprise-contract.js
data-ff-share-panel	1	apps/web/app/static/js/ff-campaign-enterprise-contract.js
data-ff-safe-runtime-observed	1	apps/web/app/static/js/ff-campaign.js
data-ff-save-status	1	apps/web/app/static/js/ff-launch-completion.js
data-ff-readiness-score	1	apps/web/app/static/js/ff-launch-completion.js
data-ff-ledger-updated	1	apps/web/app/static/js/ff-operator-dashboard.js
data-ff-op-donation-count	1	apps/web/app/static/js/ff-operator-dashboard.js
data-ff-op-sponsor-count	1	apps/web/app/static/js/ff-operator-dashboard.js
data-ff-op-event-count	1	apps/web/app/static/js/ff-operator-dashboard.js
data-ff-offline-status	1	apps/web/app/static/js/ff-operator-dashboard.js
data-ff-submit-offline-donation	1	apps/web/app/static/js/ff-operator-dashboard.js
data-ff-setup-status-form	1	apps/web/app/static/js/ff-operator-dashboard.js
data-ff-setup-row	1	apps/web/app/static/js/ff-operator-dashboard.js
data-ff-setup-status-select	1	apps/web/app/static/js/ff-operator-dashboard.js
data-ff-dashboard-assistant-mounted	1	apps/web/app/static/js/ff-operator-dashboard.js
data-ff-a11y-label	1	apps/web/app/static/js/ff-operator-dashboard.js
data-ff-payment-continue	1	apps/web/app/static/js/ff-checkout-direct.js
data-ff-receipt-email	1	apps/web/app/static/js/ff-checkout-direct.js
data-ff-live-fomo-ready	1	apps/web/app/_quarantine/ui-core-safe-20260523021333/apps/web/app/static/js/ff-campaign-live-fomo.js
data-ff-close-mobile-drawer	1	apps/web/app/_quarantine/ui-core-safe-20260523021333/apps/web/app/static/js/ff-campaign-flagship-enhance.js
data-ff-sponsor-contact-email	1	apps/web/app/_quarantine/ui-core-safe-20260523021333/apps/web/app/static/js/ff-campaign-flagship-enhance.js
data-ff-raised-display	1	apps/web/app/_quarantine/ui-core-safe-20260523021333/apps/web/app/static/js/ff-campaign-flagship-enhance.js
data-ff-raised-total	1	apps/web/app/_quarantine/ui-core-safe-20260523021333/apps/web/app/static/js/ff-campaign-flagship-enhance.js
data-ff-goal-display	1	apps/web/app/_quarantine/ui-core-safe-20260523021333/apps/web/app/static/js/ff-campaign-flagship-enhance.js
data-ff-goal-total	1	apps/web/app/_quarantine/ui-core-safe-20260523021333/apps/web/app/static/js/ff-campaign-flagship-enhance.js
data-ff-ledger-proof-updated	1	apps/web/app/_quarantine/ui-core-safe-20260523021333/apps/web/app/static/js/ff-campaign-flagship-enhance.js
data-ff-sponsor-open	1	apps/web/app/_quarantine/ui-core-safe-20260523021333/apps/web/app/static/js/ff-campaign-flagship-enhance.js
data-ff-open-sponsor-modal	1	apps/web/app/_quarantine/ui-core-safe-20260523021333/apps/web/app/static/js/ff-campaign-flagship-enhance.js
data-ff-sponsor-modal-open	1	apps/web/app/_quarantine/ui-core-safe-20260523021333/apps/web/app/static/js/ff-campaign-flagship-enhance.js
data-ff-modal-target	1	apps/web/app/_quarantine/ui-core-safe-20260523021333/apps/web/app/static/js/ff-campaign-flagship-enhance.js
data-ff-sponsor	1	apps/web/app/_quarantine/ui-core-safe-20260523021333/apps/web/app/static/js/ff-campaign-flagship-enhance.js
data-ff-donate-open	1	apps/web/app/_quarantine/ui-core-safe-20260523021333/apps/web/app/static/js/ff-campaign-flagship-enhance.js
data-ff-dismiss-checkout	1	apps/web/app/_quarantine/ui-core-safe-20260523021333/apps/web/app/static/js/ff-campaign-amount-guard.js
data-ff-selected-amount-label	1	apps/web/app/_quarantine/ui-core-safe-20260523021333/apps/web/app/static/js/ff-campaign-amount-guard.js
data-ff-checkout-amount-label	1	apps/web/app/_quarantine/ui-core-safe-20260523021333/apps/web/app/static/js/ff-campaign-amount-guard.js
data-ff-dismiss-sponsor	1	apps/web/app/_quarantine/ui-core-safe-20260523021333/apps/web/app/static/js/ff-campaign-amount-guard.js
data-ff-sponsor-amount-summary	1	apps/web/app/_quarantine/ui-core-safe-20260523021333/apps/web/app/static/js/ff-campaign-amount-guard.js
data-ff-impact-selected	1	apps/web/app/_quarantine/ui-core-safe-20260523021333/apps/web/app/static/js/ff-donation-modal-v2.js
data-ff-provider-status-ready	1	apps/web/app/_quarantine/ui-core-safe-20260523021333/apps/web/app/static/js/ff-payment-provider-status.js
data-ff-selected-package-label	1	apps/web/app/_quarantine/ui-core-safe-20260523021333/apps/web/app/static/js/ff.momentum.js
data-ff-qr-open	1	apps/web/app/_quarantine/ui-core-safe-20260523021333/apps/web/app/static/js/ff-qr-modal.js
data-ff-qr-modal-ready	1	apps/web/app/_quarantine/ui-core-safe-20260523021333/apps/web/app/static/js/ff-qr-modal.js
data-ff-onboarding-server-state	1	apps/web/app/_quarantine/ui-core-safe-20260523021333/apps/web/app/static/js/islands/onboarding.js
data-ff-onboard-org	1	apps/web/app/_quarantine/ui-core-safe-20260523021333/apps/web/app/static/js/islands/onboarding.js
data-ff-onboard-type	1	apps/web/app/_quarantine/ui-core-safe-20260523021333/apps/web/app/static/js/islands/onboarding.js
data-ff-onboard-campaign	1	apps/web/app/_quarantine/ui-core-safe-20260523021333/apps/web/app/static/js/islands/onboarding.js
data-ff-onboard-location	1	apps/web/app/_quarantine/ui-core-safe-20260523021333/apps/web/app/static/js/islands/onboarding.js
data-ff-onboard-goal	1	apps/web/app/_quarantine/ui-core-safe-20260523021333/apps/web/app/static/js/islands/onboarding.js
data-ff-onboard-deadline	1	apps/web/app/_quarantine/ui-core-safe-20260523021333/apps/web/app/static/js/islands/onboarding.js
data-ff-onboard-audience	1	apps/web/app/_quarantine/ui-core-safe-20260523021333/apps/web/app/static/js/islands/onboarding.js
data-ff-onboard-support	1	apps/web/app/_quarantine/ui-core-safe-20260523021333/apps/web/app/static/js/islands/onboarding.js
data-ff-onboard-summary-copy	1	apps/web/app/_quarantine/ui-core-safe-20260523021333/apps/web/app/static/js/islands/onboarding.js
data-ff-onboard-package	1	apps/web/app/_quarantine/ui-core-safe-20260523021333/apps/web/app/static/js/islands/onboarding.js
data-ff-onboard-payments	1	apps/web/app/_quarantine/ui-core-safe-20260523021333/apps/web/app/static/js/islands/onboarding.js
data-ff-onboard-notes	1	apps/web/app/_quarantine/ui-core-safe-20260523021333/apps/web/app/static/js/islands/onboarding.js
data-ff-onboard-progress	1	apps/web/app/_quarantine/ui-core-safe-20260523021333/apps/web/app/static/js/islands/onboarding.js
data-ff-onboard-readiness	1	apps/web/app/_quarantine/ui-core-safe-20260523021333/apps/web/app/static/js/islands/onboarding.js
data-ff-onboard-next-step	1	apps/web/app/_quarantine/ui-core-safe-20260523021333/apps/web/app/static/js/islands/onboarding.js
data-ff-onboard-score-note	1	apps/web/app/_quarantine/ui-core-safe-20260523021333/apps/web/app/static/js/islands/onboarding.js
data-ff-package-suggestion	1	apps/web/app/_quarantine/ui-core-safe-20260523021333/apps/web/app/static/js/islands/onboarding.js
data-ff-package-note	1	apps/web/app/_quarantine/ui-core-safe-20260523021333/apps/web/app/static/js/islands/onboarding.js
data-ff-team-photo-input	1	apps/web/app/_quarantine/ui-core-safe-20260523021333/apps/web/app/static/js/islands/onboarding.js
data-ff-preview-name	1	apps/web/app/_quarantine/ui-core-safe-20260523021333/apps/web/app/static/js/islands/onboarding.js
data-ff-side-preview-name	1	apps/web/app/_quarantine/ui-core-safe-20260523021333/apps/web/app/static/js/islands/onboarding.js
data-ff-preview-meta	1	apps/web/app/_quarantine/ui-core-safe-20260523021333/apps/web/app/static/js/islands/onboarding.js
data-ff-side-preview-meta	1	apps/web/app/_quarantine/ui-core-safe-20260523021333/apps/web/app/static/js/islands/onboarding.js
data-ff-preview-summary	1	apps/web/app/_quarantine/ui-core-safe-20260523021333/apps/web/app/static/js/islands/onboarding.js
data-ff-side-preview-summary	1	apps/web/app/_quarantine/ui-core-safe-20260523021333/apps/web/app/static/js/islands/onboarding.js
data-ff-preview-meter	1	apps/web/app/_quarantine/ui-core-safe-20260523021333/apps/web/app/static/js/islands/onboarding.js
data-ff-side-preview-meter	1	apps/web/app/_quarantine/ui-core-safe-20260523021333/apps/web/app/static/js/islands/onboarding.js
data-ff-check-status	1	apps/web/app/_quarantine/ui-core-safe-20260523021333/apps/web/app/static/js/islands/onboarding.js
data-ff-brand-kit-source	1	scripts/hoi/hoi_6i_brand_kit_contract_proof.mjs
data-ff-open-payment	1	scripts/tmp/ff_quality_audit_simple.mjs
data-ff-post-action-primary	1	scripts/audit/ff_post_action_trust_audit.mjs
data-ff-post-action-state	1	scripts/audit/ff_post_action_trust_audit.mjs
data-ff-operator-command-strip	1	scripts/audit/ff_wave5b_mobile_pixel_qa.mjs
data-ff-checkout-direct-owned	1	scripts/audit/ff_checkout_continue_ux_audit.mjs
data-ff-team-photo-upload	1	scripts/audit/platform-ops-hardening.mjs
data-ff-visual-capture-stabilizer	1	scripts/audit/ff_visual_surface_board.mjs
data-ff-donation-shell	1	scripts/audit/ff_campaign_conversion_contract_audit.mjs
data-ff-amount-value	1	scripts/audit/ff_campaign_conversion_contract_audit.mjs
data-ff-donation-amount-input	1	scripts/audit/ff_campaign_conversion_contract_audit.mjs
data-ff-sponsor-shell	1	scripts/audit/ff_campaign_conversion_contract_audit.mjs
data-ff-home-exec	1	scripts/audit/ff_homepage_executive_restructure_audit.mjs
data-ff-embedded-checkout-url	1	tmp/embedded-repair/ff-embedded-checkout.broken.20260505-201640.js
data-ff-allow-table	1	repo-quarantine/static/js/ff-provider-quarantine.js